id,formatId,dateUploaded,datasource,abstract,keywords,title,southBoundCoord,northBoundCoord,westBoundCoord,eastBoundCoord,origin
doi:10.5063/F1MC8XHR,https://eml.ecoinformatics.org/eml-2.2.0,2026-09-15T18:55:41.502Z,urn:node:KNB,"Plant pathogens represent a major threat to global food security and plant biodiversity, with fungal pathogens accounting for most emerging plant diseases. Despite their importance, the factors governing fungal pathogen virulence in plants are not fully understood. Using experimental inoculations of grapevines by fungal pathogens within the Botryosphaeriaceae sourced from 12 countries, we evaluate the widely held assumption that a pathogen’s geographic origin influences its virulence. Contrary to expectations, we found that country of origin and associated biogeographical and phylogenetic variables explained little variation in pathogen virulence, and isolate identity accounted for substantially more variation than fungal species. Surprisingly, plant-to-plant difference emerged as the dominant factor explaining virulence despite host plants being genetically identical. We suggest this may indicate an important role of the plant microbiome in mediating disease severity. Our results challenge established paradigms in plant pathology and highlight a currently under-recognized mechanism of disease resistance and susceptibility, with important implications for disease management and pathogen risk assessment strategies.","['Biogeography', 'pathogen virulence', 'Botryosphaeriaceae', 'plant-fungi interaction', 'grapevine trunk diseases']","Dataset for manuscript ""Plant-to-plant variation, not geographic origin, drives fungal virulence in grapevine""",49.56595,49.56595,-119.63684,-119.63684,['Isidora Silva-Valderrama']
sha256:26cf70154efa8f0e7e84e9d75e05d2489c469f23a9f6936efd806b5cb81a02ce,science-on-schema.org/Dataset;ld+json,2026-08-31T00:00:00Z,urn:node:HD,"The Residential 1Hz Energy Dataset (R1Hz) contains circuit-level electrical measurements from one side-attached duplex in Burnaby, British Columbia, Canada. Four aligned 1Hz files provide current, power factor, real power, and reactive power for one main aggregate and 18 named circuit/load channels over 757 days, from 13 September 2017 through 9 October 2019. Each file contains 65,404,800 rows. The release also contains hourly, daily, and monthly interval-energy products; native in-home-display (IHD) observations; hourly utility energy; outdoor climate observations; a channel dictionary; and the original daily Modbus records, monthly climate downloads, and utility exports retained for provenance. Two acquisition outages affected 0.203758% of the circuit-value cells in the four 1Hz streams. Missing circuit values were imputed deterministically from weekday- and local-clock-aligned observations 364 days away; 13 additional isolated real/reactive-power seconds were estimated from contemporaneous electrical measurements. This paper documents the instrumentation, exact released schemas, recovery methods, validation, remaining limitations, and storage organization needed for reproducible use of R1Hz.","['Computer and Information Science', 'Engineering', 'Earth and Environmental Sciences']",R1Hz: The Residential 1Hz Energy Dataset,,,,,"['Makonin, Stephen']"
10.24431_rw1kaiz_20260826T200830Z,http://www.isotc211.org/2005/gmd,2026-08-26T20:08:30.255Z,urn:node:RW,"Oregon State University (OSU) conducted a two-year (2018, 2019) tagging and tracking study on eastern North Pacific humpback whales (Megaptera novaeangliae). Tagging occurred in the Maui Nui region of the Hawaiian Islands in March of each year. Dive-Monitoring (DM) tags were used, providing intermediate- to long-duration tracking and dive behavior (duration, depth, number of feeding lunges per dive). Twenty-five whales were tagged in 2018 and twenty-five whales were tagged in 2019. Locations were received from all but 2 tags, with tracking periods ranging from 0.1 to 159.9 d. Average tracking duration for DM tags was 26.8 d (sd = 31.0 d). A .csv file is provided containing deployment summary information for the 48 tags that transmitted locations. A separate .csv file is also provided with Argos locations and error estimate parameters for these 48 tags. Additionally, dive/lunge summary data are provided for these tags as .csv files.","['OCEAN > PACIFIC OCEAN > EASTERN PACIFIC OCEAN', 'OCEAN > PACIFIC OCEAN > CENTRAL PACIFIC OCEAN > HAWAIIAN ISLANDS', 'EARTH SCIENCE > CLIMATE INDICATORS > BIOSPHERIC INDICATORS > SPECIES MIGRATION', 'EARTH SCIENCE > BIOSPHERE > ECOLOGICAL DYNAMICS > SPECIES/POPULATION INTERACTIONS > MIGRATORY RATES/ROUTES', 'Megaptera novaeangliae', 'Humpback Whale, Ballena jorobada, rorqual à bosse', '2019', '2018', 'EARTH SCIENCE > CLIMATE INDICATORS > BIOSPHERIC INDICATORS > SPECIES MIGRATION', 'EARTH SCIENCE > OCEANS', 'EARTH SCIENCE > AGRICULTURE > ANIMAL SCIENCE > ANIMAL ECOLOGY AND BEHAVIOR', 'EARTH SCIENCE > BIOLOGICAL CLASSIFICATION > ANIMALS/VERTEBRATES > MAMMALS > CETACEANS > BALEEN WHALES', 'EARTH SCIENCE > BIOLOGICAL CLASSIFICATION > ANIMALS/VERTEBRATES > MAMMALS > CETACEANS', 'Living Organism', 'ARGOS', 'telemetry', 'satellite telemetry']","Humpback Whale Movements from Tags Deployed in Hawaii, 2018-2019",15.0,65.0,161.0,255.0,"['Daniel Palacios', 'Ladd Irvine', 'Barbara Lagerquist', 'Bruce Mate']"
10.24431_rw1kaiy_20260826T200824Z,http://www.isotc211.org/2005/gmd,2026-08-26T20:08:24.913Z,urn:node:RW,"Oregon State University (OSU) conducted a four-year (2016, 2017, 2018, and 2019) tagging and tracking study on eastern North Pacific humpback whales (Megaptera novaeangliae). Tagging occurred off the coast of northern California, Oregon and Washington in the months from July to September of each year. Two types of Argos (satellite-monitored) tags were used: Dive-Monitoring (DM) tags, providing intermediate- to long-duration tracking and dive behavior (duration, depth, number of feeding lunges per dive); and pop-off Advanced Dive Behavior (ADB) tags, providing intermediate-duration, fine-scale dive profile information upon tag recovery and Global Positioning System (GPS)-quality locations. Three humpback whales were tagged with DM tags in 2016. Nineteen were tagged with DM tags in 2017. Twenty-five (24 DM, 1 ADB) were tagged in 2018. Twenty-four were tagged with DM tags in 2019. Locations were received from all but 3 DM tags, with tracking periods ranging from 0.3 to 164.2 d. Average tracking duration for DM tags was 38 d (sd = 33.6 d). The tracking duration for the single ADB tag was 12.5 d but was not recovered. A .csv file is provided containing deployment summary information for the 68 tags that transmitted locations. A separate .csv file is provided containing the Argos and FastLoc GPS locations and error-estimate parameters. For the ADB tag, Argos-transmitted dive summary and depth histogram data are provided as a .csv file. Dive/lunge summary data are provided for the 67 DM tags that transmitted as .csv files.","['OCEAN > PACIFIC OCEAN > EASTERN PACIFIC OCEAN', 'CONTINENT > NORTH AMERICA > UNITED STATES OF AMERICA > WASHINGTON', 'CONTINENT > NORTH AMERICA > UNITED STATES OF AMERICA > OREGON', 'CONTINENT > NORTH AMERICA > UNITED STATES OF AMERICA > CALIFORNIA', 'EARTH SCIENCE > CLIMATE INDICATORS > BIOSPHERIC INDICATORS > SPECIES MIGRATION', 'EARTH SCIENCE > BIOSPHERE > ECOLOGICAL DYNAMICS > SPECIES/POPULATION INTERACTIONS > MIGRATORY RATES/ROUTES', 'Megaptera novaeangliae', 'Humpback Whale, Ballena jorobada, rorqual à bosse', '2016', '2017', '2018', '2019', 'EARTH SCIENCE > CLIMATE INDICATORS > BIOSPHERIC INDICATORS > SPECIES MIGRATION', 'EARTH SCIENCE > OCEANS', 'EARTH SCIENCE > AGRICULTURE > ANIMAL SCIENCE > ANIMAL ECOLOGY AND BEHAVIOR', 'EARTH SCIENCE > BIOLOGICAL CLASSIFICATION > ANIMALS/VERTEBRATES > MAMMALS > CETACEANS > BALEEN WHALES', 'EARTH SCIENCE > BIOLOGICAL CLASSIFICATION > ANIMALS/VERTEBRATES > MAMMALS > CETACEANS', 'Living Organism', 'ARGOS', 'telemetry', 'satellite telemetry']","Humpback Whale Movements from Tags Deployed in California (2017), Oregon (2016-2018) and Washington (2018-2019)",15.0,65.0,220.0,260.0,"['Daniel Palacios', 'Ladd Irvine', 'Barbara Lagerquist', 'Bruce Mate']"
sha256:17790c1a48124d49129ff59908d5d632fa7c6b11c501e752b337ad56b35e0292,science-on-schema.org/Dataset;ld+json,2026-08-26T00:00:00Z,urn:node:BOREALIS,"This study assesses the demand for fishmeal, fish-oil, and whole wild fish equivalents needed to meet the Food and Agriculture Organisation (FAO) 2040 roadmap milestone of a 75% increase in global aquaculture animal production compared to the 2020 baseline. We focus on a current-trend scenario as our primary projection and compare it with two alternative pathways: a diversified efficiency pathway and a feed-intensive expansion pathway. The study indicates that evaluating aquaculture growth solely based on production volume is insufficient. Its sustainability depends on various factors, including which species groups are expanding, the efficiency of feed utilisation, the inclusion rates of fishmeal and fish-oil, the availability of by-products, and whether Fishmeal and Fish-oil (FMFO) are sourced from whole fish or processing residues. Our historical analysis indicates that fed aquaculture has become a significant driver of demand for FMFO. Estimated fishmeal demand rose from 1.1 million tonnes in 2000 to 4.7 million tonnes in 2020, and reached 5.8 million tonnes by 2024. Similarly, fish-oil demand increased from 0.31 million tonnes in 2000 to 1.19 million tonnes in 2024. In 2020, marine shrimp and prawns represented the largest share of fishmeal demand, while salmonids were the primary contributors to fish-oil demand. This underscores the importance of species composition in influencing future pressures on FMFO. Under the current-trend scenario, achieving the FAO 2040 milestone would increase global aquaculture production of aquatic animals to 153.7 million tonnes and require an estimated 98.4 million tonnes of feed, 9.6 million tonnes of fishmeal, and 2.0 million tonnes of fish-oil. This corresponds to 34.6 million tonnes of whole wild fish equivalents (about 38.3% of global capture fisheries production of aquatic animals in 2020) under the separate fishmeal/fish-oil method and 26.6 million tonnes under the combined co-product method (about 29.5% of global capture fisheries production of aquatic animals in 2020). By contrast, in 2020, the whole wild fish equivalent demand for aquaculture stood at about 18.7 million tonnes under the separate method and 14.1 million tonnes under the combined method, accounting for about 20.7% and 15.7% of the 2020 global capture fisheries production. The 2040 current-trend projection, therefore, represents an 84.9% increase under the separate method and an 88.1% increase under the combined co-product method relative to the 2020 baseline. These results indicate that, without major changes in feed efficiency, FMFO substitution, by-product use, or species-growth allocation, the FAO growth milestone could substantially increase pressure on wild fish resources. However, the alternative pathways show that the same production target can lead to very different outcomes. Under the diversified efficiency pathway, which combines improved feed efficiency and ingredient substitution with a greater allocation of production growth to non-fed and lower-FMFO species, feed demand declines to 70.9 million tonnes relative to the current trend pathway, fishmeal demand to 4.6 million tonnes and fish-oil demand to 1.1 million tonnes. Whole wild fish equivalents decline to 15.5 million tonnes under the separate method and 11.8 million tonnes under the combined co-product method, representing reductions of 17.2% and 16.5% respectively, relative to the 2020 baseline. In contrast, the feed-intensive expansion pathway increases fishmeal demand to 10.9 million tonnes and fish-oil demand to 2.6 million tonnes, with whole wild fish equivalents rising to 41.4 million tonnes under the separate method and 30.7 million tonnes under the combined co-product method. Our study suggests that if aquaculture continues to expand along its current fed/non-fed production trajectory, demand for fishmeal and fish-oil will rise sharply, placing greater pressure on wild fish stocks. Policy can change this outcome by steering a greater share of growth toward non-fed and lower-FMFO aquaculture, alongside more efficient feeds, responsible substitution and greater use of by-products.","['Reduction fisheries', 'Aquaculture', 'Forage fishes', 'Fishmeal and Fishoil', 'Other', 'Agricultural Sciences']",Projected fishmeal and fish-oil requirements under global aquaculture expansion to 2040,,,,,"['Oyinlola, Muhammed', 'Ganesh, Tara', 'Urbancic, Nusa', 'Sumaila, Rashid']"
sha256:308ca53a36eef763763047c75309549e670925b1026c39d4aeb5c651e3e23d92,science-on-schema.org/Dataset;ld+json,2026-08-25T00:00:00Z,urn:node:BOREALIS,"Following calving, dairy cows are exposed to multiple stressors, including pain, unstable social groups and separation from their calf. How these stressors affect mood states and how such effects evolve over time remain poorly understood. We investigated the effects of cow-calf contact duration before separation and time post-calving on dairy cows’ mood states, assessed through reward sensitivity and responses to reward loss. Holstein cows (n = 18; 2.9 ± 1.09 years old) were randomly allocated to either 1) cow-calf contact for 3 d before separation or 2) a control treatment, in which cows were separated from their calf within 5 h of birth. At approximately 4 d and 30 d post-calving, cows were subjected to Successive Negative Contrast (SNC) tests. Cows were first trained to approach a 0.5 kg grain reward over 3 trials per session until they reach a learning criterion, or completed a maximum of 7 sessions. The grain reward was then reduced to 0.1 kg/trial for 5 sessions. During the first SNC test, cows kept with their calf for 3 days were slower to reach the initial reward after separation than control cows. Following the reward reduction, approach latencies increased for both treatments, but cow-calf contact cows were more likely to exhibit slow approaches, indicating stronger response to the loss of reward. At one month post-calving, cow-calf contact cows remained more likely to show slow approaches to the reduced reward than control cows. Individual responses to reward loss were positively correlated across tests, suggesting individual consistency in responses to reward loss over time. Overall, cows that remained with their calf for 3 d showed lower reward sensitivity and stronger responses to reward loss than control cows, consistent with anhedonia-like responses and more negative mood states. These effects persisted for up to one month post-calving, and, together with the observed individual consistency over time, suggest that early post-partum stressors may have lasting effects on dairy cows’ mood states.","['affective states', 'reward sensitivity', 'Dairy cows', 'Welfare', 'Agricultural Sciences']",Supplemental material for: Post-partum mood states of dairy cows: effects of separation from the calf and consistency over time,,,,,"['Suchon, Malina', 'Weary, Daniel', 'von Keyserlingk, Marina AG']"
ess-dive-d3dc26585e68115-20260824T191326347,https://eml.ecoinformatics.org/eml-2.2.0,2026-08-24T19:13:27.251Z,urn:node:ESS_DIVE,"The WHONDRS Summer 2019 Sampling (S19S) Campaign collected samples in 97 globally distributed river corridor systems between July and September 2019. Surficial streambed sediments were collected at three locations within each site (upstream, midstream, and downstream). Surface water was collected at the downstream site. This dataset includes a portion of the data types produced from the surface water samples and does not include any results from the sediment. Sediment data can be found at https://data.ess-dive.lbl.gov/view/doi:10.15485/1729719. The S19S campaign was designed with the science community to ask questions associated with links among core/transient metabolomes, microbial metabolism, biogeochemical function, and physical properties of watershed and river corridor systems. This data package was originally published in March 2020. It was updated in October 2020 (v2, new and modified files), July 2021 (v3, new and modified files), January 2023 (v4, new and modified files), February 2023 (v5, new and modified files), August 2023 (v6, new and modified files), July 2025 (v7,new and modified files), and August 2026 (v8, new and modified files). Version 8 includes major restructuring of the files and their formats. See the change history section in readme for more details. In addition to a readme, this data package also includes a file-level metadata (FLMD) file that describes each file and a data dictionary (DD) that describes all column/row headers and variable definitions. This dataset contains (1) readme, (2) data dictionary, (3) file level metadata, (4) sampling protocol, (5) a data checks report, (6) field metadata, (7) international generic sample number (IGSN) mapping file, (8) joint genome institute (JGI) mapping file, and (9) a folder of sample data. The sample data folder contains (1) dissolved organic carbon (DOC, measured as non-purgeable organic carbon, NPOC) and FTICR methods, (2) dissolved inorganic carbon (DIC), (3) stable water isotopes (O and H), (4) specific conductivity, (5) total dissolved nitrogen (TN), (6) anions, (7) flow cytometry bacterial abundance data, (8) laboratory methods, and (9) a folder containing unaligned, peak-picked high resolution characterization of dissolved organic matter from sediment via 12 Tesla Fourier transform ion cyclotron resonance mass spectrometry (FTICR-MS) through the Environmental Molecular Sciences Laboratory (EMSL, https://www.pnnl.gov/environmental-molecular-sciences-laboratory),  and (12) a folder containing processed FTICR-MS data. All files are .msa, .txt, .spx, .xml, .csv, .pdf, .txt, .html, .jpg, or .jpeg.","['WHONDRS', 'Watershed', 'River corridor', 'Hydrology', 'Biogeochemistry', 'Hyporheic zone', 'Hydrologic exchange', 'River', 'Stream', 'Carbon', 'FTICR', 'Metabolite', 'Metabolomics', 'Mass spectrometry', 'Catchment', 'Microbiome', 'Isotope geochemistry', 'Freshwater', 'Organic matter', 'Flow cytometry', 'ESS-DIVE CSV File Formatting Guidelines Reporting Format', 'ESS-DIVE File Level Metadata Reporting Format', 'ESS-DIVE Sample ID and Metadata Reporting Format', 'related identifiers', 'EARTH SCIENCE > TERRESTRIAL HYDROSPHERE > SURFACE WATER', 'FTICR-MS', 'Deuterium', '18-O', 'NPOC', 'Total nitrogen', 'Specific conductance', 'Chloride', 'Sulfate', 'Nitrate', 'Nitrite', 'Fluoride', 'Anions', 'Bacterial abundance', 'Dissolved inorganic carbon', 'DIC', 'EARTH SCIENCE > TERRESTRIAL HYDROSPHERE > WATER QUALITY/WATER CHEMISTRY > ISOTOPES > STABLE ISOTOPES']","WHONDRS Summer 2019 Sampling Campaign: Global River Corridor Surface Water FTICR-MS, NPOC, TN, Anions, Stable Isotopes, Bacterial Abundance, and Dissolved Inorganic Carbon (v8)",49.38609,49.38609,-121.45047,-121.45047,"['Jason G Toyoda', 'Amy E Goldman', 'Shai Arnon', 'Edo Bar-Zeev', 'Rosalie K Chu', 'Robert E Danczak', 'Rebecca A Daly', 'Brieanne Forbes', 'Vanessa A Garayburu-Caruso', 'Emily B Graham', 'Xinming Lin', 'James J Moran', 'Huiying Ren', 'Lupita Renteria', 'Charles T Resch', 'Malak Tfaily', 'Nikola Tolic', 'Joshua M Torgeson', 'Jacqueline Wells', 'Kelly C Wrighton', 'James C Stegen', 'The WHONDRS Consortium']"
ess-dive-d3dc26585e68115-20260824T190958734,https://eml.ecoinformatics.org/eml-2.2.0,2026-08-24T19:10:00.848Z,urn:node:ESS_DIVE,"The WHONDRS Summer 2019 Sampling (S19S) Campaign collected samples in 97 globally distributed river corridor systems between July and September 2019. Surficial streambed sediments were collected at three locations within each site (upstream, midstream, and downstream). Surface water was collected at the downstream site. This dataset includes a portion of the data types produced from the surface water samples and does not include any results from the sediment. Sediment data can be found at https://data.ess-dive.lbl.gov/view/doi:10.15485/1729719. The S19S campaign was designed with the science community to ask questions associated with links among core/transient metabolomes, microbial metabolism, biogeochemical function, and physical properties of watershed and river corridor systems. This data package was originally published in March 2020. It was updated in October 2020 (v2, new and modified files), July 2021 (v3, new and modified files), January 2023 (v4, new and modified files), February 2023 (v5, new and modified files), August 2023 (v6, new and modified files), July 2025 (v7,new and modified files), and August 2026 (v8, new and modified files). Version 8 includes major restructuring of the files and their formats. See the change history section in readme for more details. In addition to a readme, this data package also includes a file-level metadata (FLMD) file that describes each file and a data dictionary (DD) that describes all column/row headers and variable definitions. This dataset contains (1) readme, (2) data dictionary, (3) file level metadata, (4) sampling protocol, (5) a data checks report, (6) field metadata, (7) international generic sample number (IGSN) mapping file, (8) joint genome institute (JGI) mapping file, and (9) a folder of sample data. The sample data folder contains (1) dissolved organic carbon (DOC, measured as non-purgeable organic carbon, NPOC) and FTICR methods, (2) dissolved inorganic carbon (DIC), (3) stable water isotopes (O and H), (4) specific conductivity, (5) total dissolved nitrogen (TN), (6) anions, (7) flow cytometry bacterial abundance data, (8) laboratory methods, and (9) a folder containing unaligned, peak-picked high resolution characterization of dissolved organic matter from sediment via 12 Tesla Fourier transform ion cyclotron resonance mass spectrometry (FTICR-MS) through the Environmental Molecular Sciences Laboratory (EMSL, https://www.pnnl.gov/environmental-molecular-sciences-laboratory),  and (12) a folder containing processed FTICR-MS data. All files are .msa, .txt, .spx, .xml, .csv, .pdf, .txt, .html, .jpg, or .jpeg.","['WHONDRS', 'Watershed', 'River corridor', 'Hydrology', 'Biogeochemistry', 'Hyporheic zone', 'Hydrologic exchange', 'River', 'Stream', 'Carbon', 'FTICR', 'Metabolite', 'Metabolomics', 'Mass spectrometry', 'Catchment', 'Microbiome', 'Isotope geochemistry', 'Freshwater', 'Organic matter', 'Flow cytometry', 'ESS-DIVE CSV File Formatting Guidelines Reporting Format', 'ESS-DIVE File Level Metadata Reporting Format', 'ESS-DIVE Sample ID and Metadata Reporting Format', 'related identifiers', 'EARTH SCIENCE > TERRESTRIAL HYDROSPHERE > SURFACE WATER', 'FTICR-MS', 'Deuterium', '18-O', 'NPOC', 'Total nitrogen', 'Specific conductance', 'Chloride', 'Sulfate', 'Nitrate', 'Nitrite', 'Fluoride', 'Anions', 'Bacterial abundance', 'Dissolved inorganic carbon', 'DIC', 'EARTH SCIENCE > TERRESTRIAL HYDROSPHERE > WATER QUALITY/WATER CHEMISTRY > ISOTOPES > STABLE ISOTOPES']","WHONDRS Summer 2019 Sampling Campaign: Global River Corridor Surface Water FTICR-MS, NPOC, TN, Anions, Stable Isotopes, Bacterial Abundance, and Dissolved Inorganic Carbon (v8)",49.38609,49.38609,-121.45047,-121.45047,"['Jason G Toyoda', 'Amy E Goldman', 'Shai Arnon', 'Edo Bar-Zeev', 'Rosalie K Chu', 'Robert E Danczak', 'Rebecca A Daly', 'Brieanne Forbes', 'Vanessa A Garayburu-Caruso', 'Emily B Graham', 'Xinming Lin', 'James J Moran', 'Huiying Ren', 'Lupita Renteria', 'Charles T Resch', 'Malak Tfaily', 'Nikola Tolic', 'Joshua M Torgeson', 'Jacqueline Wells', 'Kelly C Wrighton', 'James C Stegen', 'The WHONDRS Consortium']"
ess-dive-d3dc26585e68115-20260824T190900232,https://eml.ecoinformatics.org/eml-2.2.0,2026-08-24T19:09:01.276Z,urn:node:ESS_DIVE,"The WHONDRS Summer 2019 Sampling (S19S) Campaign collected samples in 97 globally distributed river corridor systems between July and September 2019. Surficial streambed sediments were collected at three locations within each site (upstream, midstream, and downstream). Surface water was collected at the downstream site. This dataset includes a portion of the data types produced from the surface water samples and does not include any results from the sediment. Sediment data can be found at https://data.ess-dive.lbl.gov/view/doi:10.15485/1729719. The S19S campaign was designed with the science community to ask questions associated with links among core/transient metabolomes, microbial metabolism, biogeochemical function, and physical properties of watershed and river corridor systems. This data package was originally published in March 2020. It was updated in October 2020 (v2, new and modified files), July 2021 (v3, new and modified files), January 2023 (v4, new and modified files), February 2023 (v5, new and modified files), August 2023 (v6, new and modified files), July 2025 (v7,new and modified files), and August 2026 (v8, new and modified files). Version 8 includes major restructuring of the files and their formats. See the change history section in readme for more details. In addition to a readme, this data package also includes a file-level metadata (FLMD) file that describes each file and a data dictionary (DD) that describes all column/row headers and variable definitions. This dataset contains (1) readme, (2) data dictionary, (3) file level metadata, (4) sampling protocol, (5) a data checks report, (6) field metadata, (7) international generic sample number (IGSN) mapping file, (8) joint genome institute (JGI) mapping file, and (9) a folder of sample data. The sample data folder contains (1) dissolved organic carbon (DOC, measured as non-purgeable organic carbon, NPOC) and FTICR methods, (2) dissolved inorganic carbon (DIC), (3) stable water isotopes (O and H), (4) specific conductivity, (5) total dissolved nitrogen (TN), (6) anions, (7) flow cytometry bacterial abundance data, (8) laboratory methods, and (9) a folder containing unaligned, peak-picked high resolution characterization of dissolved organic matter from sediment via 12 Tesla Fourier transform ion cyclotron resonance mass spectrometry (FTICR-MS) through the Environmental Molecular Sciences Laboratory (EMSL, https://www.pnnl.gov/environmental-molecular-sciences-laboratory),  and (12) a folder containing processed FTICR-MS data. All files are .msa, .txt, .spx, .xml, .csv, .pdf, .txt, .html, .jpg, or .jpeg.","['WHONDRS', 'Watershed', 'River corridor', 'Hydrology', 'Biogeochemistry', 'Hyporheic zone', 'Hydrologic exchange', 'River', 'Stream', 'Carbon', 'FTICR', 'Metabolite', 'Metabolomics', 'Mass spectrometry', 'Catchment', 'Microbiome', 'Isotope geochemistry', 'Freshwater', 'Organic matter', 'Flow cytometry', 'ESS-DIVE CSV File Formatting Guidelines Reporting Format', 'ESS-DIVE File Level Metadata Reporting Format', 'ESS-DIVE Sample ID and Metadata Reporting Format', 'related identifiers', 'EARTH SCIENCE > TERRESTRIAL HYDROSPHERE > SURFACE WATER', 'FTICR-MS', 'Deuterium', '18-O', 'NPOC', 'Total nitrogen', 'Specific conductance', 'Chloride', 'Sulfate', 'Nitrate', 'Nitrite', 'Fluoride', 'Anions', 'Bacterial abundance', 'Dissolved inorganic carbon', 'DIC', 'EARTH SCIENCE > TERRESTRIAL HYDROSPHERE > WATER QUALITY/WATER CHEMISTRY > ISOTOPES > STABLE ISOTOPES']","WHONDRS Summer 2019 Sampling Campaign: Global River Corridor Surface Water FTICR-MS, NPOC, TN, Anions, Stable Isotopes, Bacterial Abundance, and Dissolved Inorganic Carbon (v8)",49.38609,49.38609,-121.45047,-121.45047,"['Jason G Toyoda', 'Amy E Goldman', 'Shai Arnon', 'Edo Bar-Zeev', 'Rosalie K Chu', 'Robert E Danczak', 'Rebecca A Daly', 'Brieanne Forbes', 'Vanessa A Garayburu-Caruso', 'Emily B Graham', 'Xinming Lin', 'James J Moran', 'Huiying Ren', 'Lupita Renteria', 'Charles T Resch', 'Malak Tfaily', 'Nikola Tolic', 'Joshua M Torgeson', 'Jacqueline Wells', 'Kelly C Wrighton', 'James C Stegen', 'The WHONDRS Consortium']"
ess-dive-d3dc26585e68115-20260824T190733667,https://eml.ecoinformatics.org/eml-2.2.0,2026-08-24T19:07:35.78Z,urn:node:ESS_DIVE,"The WHONDRS Summer 2019 Sampling (S19S) Campaign collected samples in 97 globally distributed river corridor systems between July and September 2019. Surficial streambed sediments were collected at three locations within each site (upstream, midstream, and downstream). Surface water was collected at the downstream site. This dataset includes a portion of the data types produced from the surface water samples and does not include any results from the sediment. Sediment data can be found at https://data.ess-dive.lbl.gov/view/doi:10.15485/1729719. The S19S campaign was designed with the science community to ask questions associated with links among core/transient metabolomes, microbial metabolism, biogeochemical function, and physical properties of watershed and river corridor systems. This data package was originally published in March 2020. It was updated in October 2020 (v2, new and modified files), July 2021 (v3, new and modified files), January 2023 (v4, new and modified files), February 2023 (v5, new and modified files), August 2023 (v6, new and modified files), July 2025 (v7,new and modified files), and August 2026 (v8, new and modified files). Version 8 includes major restructuring of the files and their formats. See the change history section in readme for more details. In addition to a readme, this data package also includes a file-level metadata (FLMD) file that describes each file and a data dictionary (DD) that describes all column/row headers and variable definitions. This dataset contains (1) readme, (2) data dictionary, (3) file level metadata, (4) sampling protocol, (5) a data checks report, (6) field metadata, (7) international generic sample number (IGSN) mapping file, (8) joint genome institute (JGI) mapping file, and (9) a folder of sample data. The sample data folder contains (1) dissolved organic carbon (DOC, measured as non-purgeable organic carbon, NPOC) and FTICR methods, (2) dissolved inorganic carbon (DIC), (3) stable water isotopes (O and H), (4) specific conductivity, (5) total dissolved nitrogen (TN), (6) anions, (7) flow cytometry bacterial abundance data, (8) laboratory methods, and (9) a folder containing unaligned, peak-picked high resolution characterization of dissolved organic matter from sediment via 12 Tesla Fourier transform ion cyclotron resonance mass spectrometry (FTICR-MS) through the Environmental Molecular Sciences Laboratory (EMSL, https://www.pnnl.gov/environmental-molecular-sciences-laboratory),  and (12) a folder containing processed FTICR-MS data. All files are .msa, .txt, .spx, .xml, .csv, .pdf, .txt, .html, .jpg, or .jpeg.","['WHONDRS', 'Watershed', 'River corridor', 'Hydrology', 'Biogeochemistry', 'Hyporheic zone', 'Hydrologic exchange', 'River', 'Stream', 'Carbon', 'FTICR', 'Metabolite', 'Metabolomics', 'Mass spectrometry', 'Catchment', 'Microbiome', 'Isotope geochemistry', 'Freshwater', 'Organic matter', 'Flow cytometry', 'ESS-DIVE CSV File Formatting Guidelines Reporting Format', 'ESS-DIVE File Level Metadata Reporting Format', 'ESS-DIVE Sample ID and Metadata Reporting Format', 'related identifiers', 'EARTH SCIENCE > TERRESTRIAL HYDROSPHERE > SURFACE WATER', 'FTICR-MS', 'Deuterium', '18-O', 'NPOC', 'Total nitrogen', 'Specific conductance', 'Chloride', 'Sulfate', 'Nitrate', 'Nitrite', 'Fluoride', 'Anions', 'Bacterial abundance', 'Dissolved inorganic carbon', 'DIC', 'EARTH SCIENCE > TERRESTRIAL HYDROSPHERE > WATER QUALITY/WATER CHEMISTRY > ISOTOPES > STABLE ISOTOPES']","WHONDRS Summer 2019 Sampling Campaign: Global River Corridor Surface Water FTICR-MS, NPOC, TN, Anions, Stable Isotopes, Bacterial Abundance, and Dissolved Inorganic Carbon (v8)",49.38609,49.38609,-121.45047,-121.45047,"['Jason G Toyoda', 'Amy E Goldman', 'Shai Arnon', 'Edo Bar-Zeev', 'Rosalie K Chu', 'Robert E Danczak', 'Rebecca A Daly', 'Brieanne Forbes', 'Vanessa A Garayburu-Caruso', 'Emily B Graham', 'Xinming Lin', 'James J Moran', 'Huiying Ren', 'Lupita Renteria', 'Charles T Resch', 'Malak Tfaily', 'Nikola Tolic', 'Joshua M Torgeson', 'Jacqueline Wells', 'Kelly C Wrighton', 'James C Stegen', 'The WHONDRS Consortium']"
ess-dive-d3dc26585e68115-20260821T234232057,https://eml.ecoinformatics.org/eml-2.2.0,2026-08-21T23:42:33.269Z,urn:node:ESS_DIVE,"NOTE: The ""In_Review"" zip folder is undergoing ESS-DIVE review and should not be used. Once it is approved, it will be available as v8 of the data package for regular use and metadata will be updated to reflect changes. The WHONDRS Summer 2019 Sampling (S19S) Campaign collected samples in 97 globally distributed river corridor systems between July and September 2019. Surficial streambed sediments were collected at three locations within each site (upstream, midstream, and downstream). Surface water was collected at the downstream site. This dataset includes a portion of the data types produced from the surface water samples and does not include any results from the sediment. Sediment data can be found at https://data.ess-dive.lbl.gov/view/doi:10.15485/1729719. The S19S campaign was designed with the science community to ask questions associated with links among core/transient metabolomes, microbial metabolism, biogeochemical function, and physical properties of watershed and river corridor systems. This data package was originally published in March 2020. It was updated in October 2020 (v2; new and modified files); July 2021 (v3; new and modified files); January 2023 (v4; new and modified files); February 2023 (v5; new and modified files); August 2023 (v6; new and modified files); and July 2025 (v7; new and modified files). See the change history in the readme for more details. This dataset contains (1) high resolution characterization of dissolved organic matter from surface water via 12 Tesla Fourier transform ion cyclotron resonance mass spectrometry (FTICR-MS) through the Environmental Molecular Sciences Laboratory (EMSL; https://www.pnnl.gov/environmental-molecular-sciences-laboratory); (2) non-purgeable organic carbon (NPOC); (3) stable water isotopes (O and H); (4) specific conductivity (SpC), total nitrogen (TN), and anions; (5) flow cytometry bacterial abundance data; (6) dissolved inorganic carbon (DIC) data; (7) metadata, including international generic-sample number (IGSN) mapping file and Joint Genome Institute (JGI) mapping file; (8) file-level metadata (flmd); and (9) data dictionary (dd).  The FTICR-MS files are .xml, and the data package includes instructions for using Formularity (https://omics.pnl.gov/software/formularity) and an R script to process the data based on the user’s specific needs. All other files are .csv, .pdf, or .txt. This data package was updated in July 2021 to add SpC, TN, and anion data and accompanying documentation. This data package was updated in January 2023 to add flow cytometry bacterial data, accompanying documentation, flmd, and dd. The data package was updated in February 2023 to add DIC data and accompanying documentation. The data package was updated in August 2023 to add IGSN mapping file, correct field metadata, and update accompanying documentation. See change history in readme for details. Please use the data package’s DOI to cite the data package. We ask that you email us at WHONDRS@pnnl.gov to let us know that you are using the data and acknowledge WHONDRS and the U.S. Department of Energy's Environmental System Science program—which generously provides funding to WHONDRS—in your publications, proposals, presentations, etc. All data are free to be used for any purpose, such as for manuscripts, presentations, and grant proposals. There is no obligation to include WHONDRS members as co-authors.","['WHONDRS', 'Watershed', 'River corridor', 'Hydrology', 'Biogeochemistry', 'Hyporheic zone', 'Hydrologic exchange', 'River', 'Stream', 'Carbon', 'FTICR', 'Metabolite', 'Metabolomics', 'Mass spectrometry', 'Catchment', 'Microbiome', 'Isotope geochemistry', 'Freshwater', 'Organic matter', 'Flow cytometry', 'ESS-DIVE CSV File Formatting Guidelines Reporting Format', 'ESS-DIVE File Level Metadata Reporting Format', 'ESS-DIVE Sample ID and Metadata Reporting Format', 'related identifiers', 'EARTH SCIENCE > TERRESTRIAL HYDROSPHERE > SURFACE WATER', 'FTICR-MS', 'Deuterium', '18-O', 'NPOC', 'Total nitrogen', 'Specific conductance', 'Chloride', 'Sulfate', 'Nitrate', 'Nitrite', 'Fluoride', 'Anions', 'Bacterial abundance', 'Dissolved inorganic carbon', 'DIC', 'EARTH SCIENCE > TERRESTRIAL HYDROSPHERE > WATER QUALITY/WATER CHEMISTRY > ISOTOPES > STABLE ISOTOPES']","WHONDRS Summer 2019 Sampling Campaign: Global River Corridor Surface Water FTICR-MS, NPOC, TN, Anions, Stable Isotopes, Bacterial Abundance, and Dissolved Inorganic Carbon (v7)",49.38609,49.38609,-121.45047,-121.45047,"['Jason G Toyoda', 'Amy E Goldman', 'Shai Arnon', 'Edo Bar-Zeev', 'Rosalie K Chu', 'Robert E Danczak', 'Rebecca A Daly', 'Brieanne Forbes', 'Vanessa A Garayburu-Caruso', 'Emily B Graham', 'Xinming Lin', 'James J Moran', 'Huiying Ren', 'Lupita Renteria', 'Charles T Resch', 'Malak Tfaily', 'Nikola Tolic', 'Joshua M Torgeson', 'Jacqueline Wells', 'Kelly C Wrighton', 'James C Stegen', 'The WHONDRS Consortium']"
ess-dive-d3dc26585e68115-20260821T170503831,https://eml.ecoinformatics.org/eml-2.2.0,2026-08-21T17:05:04.833Z,urn:node:ESS_DIVE,"NOTE: The ""In_Review"" zip folder is undergoing ESS-DIVE review and should not be used. Once it is approved, it will be available as v8 of the data package for regular use and metadata will be updated to reflect changes. The WHONDRS Summer 2019 Sampling (S19S) Campaign collected samples in 97 globally distributed river corridor systems between July and September 2019. Surficial streambed sediments were collected at three locations within each site (upstream, midstream, and downstream). Surface water was collected at the downstream site. This dataset includes a portion of the data types produced from the surface water samples and does not include any results from the sediment. Sediment data can be found at https://data.ess-dive.lbl.gov/view/doi:10.15485/1729719. The S19S campaign was designed with the science community to ask questions associated with links among core/transient metabolomes, microbial metabolism, biogeochemical function, and physical properties of watershed and river corridor systems. This data package was originally published in March 2020. It was updated in October 2020 (v2; new and modified files); July 2021 (v3; new and modified files); January 2023 (v4; new and modified files); February 2023 (v5; new and modified files); August 2023 (v6; new and modified files); and July 2025 (v7; new and modified files). See the change history in the readme for more details. This dataset contains (1) high resolution characterization of dissolved organic matter from surface water via 12 Tesla Fourier transform ion cyclotron resonance mass spectrometry (FTICR-MS) through the Environmental Molecular Sciences Laboratory (EMSL; https://www.pnnl.gov/environmental-molecular-sciences-laboratory); (2) non-purgeable organic carbon (NPOC); (3) stable water isotopes (O and H); (4) specific conductivity (SpC), total nitrogen (TN), and anions; (5) flow cytometry bacterial abundance data; (6) dissolved inorganic carbon (DIC) data; (7) metadata, including international generic-sample number (IGSN) mapping file and Joint Genome Institute (JGI) mapping file; (8) file-level metadata (flmd); and (9) data dictionary (dd).  The FTICR-MS files are .xml, and the data package includes instructions for using Formularity (https://omics.pnl.gov/software/formularity) and an R script to process the data based on the user’s specific needs. All other files are .csv, .pdf, or .txt. This data package was updated in July 2021 to add SpC, TN, and anion data and accompanying documentation. This data package was updated in January 2023 to add flow cytometry bacterial data, accompanying documentation, flmd, and dd. The data package was updated in February 2023 to add DIC data and accompanying documentation. The data package was updated in August 2023 to add IGSN mapping file, correct field metadata, and update accompanying documentation. See change history in readme for details. Please use the data package’s DOI to cite the data package. We ask that you email us at WHONDRS@pnnl.gov to let us know that you are using the data and acknowledge WHONDRS and the U.S. Department of Energy's Environmental System Science program—which generously provides funding to WHONDRS—in your publications, proposals, presentations, etc. All data are free to be used for any purpose, such as for manuscripts, presentations, and grant proposals. There is no obligation to include WHONDRS members as co-authors.","['WHONDRS', 'Watershed', 'River corridor', 'Hydrology', 'Biogeochemistry', 'Hyporheic zone', 'Hydrologic exchange', 'River', 'Stream', 'Carbon', 'FTICR', 'Metabolite', 'Metabolomics', 'Mass spectrometry', 'Catchment', 'Microbiome', 'Isotope geochemistry', 'Freshwater', 'Organic matter', 'Flow cytometry', 'ESS-DIVE CSV File Formatting Guidelines Reporting Format', 'ESS-DIVE File Level Metadata Reporting Format', 'ESS-DIVE Sample ID and Metadata Reporting Format', 'related identifiers', 'EARTH SCIENCE > TERRESTRIAL HYDROSPHERE > SURFACE WATER', 'FTICR-MS', 'Deuterium', '18-O', 'NPOC', 'Total nitrogen', 'Specific conductance', 'Chloride', 'Sulfate', 'Nitrate', 'Nitrite', 'Fluoride', 'Anions', 'Bacterial abundance', 'Dissolved inorganic carbon', 'DIC', 'EARTH SCIENCE > TERRESTRIAL HYDROSPHERE > WATER QUALITY/WATER CHEMISTRY > ISOTOPES > STABLE ISOTOPES']","WHONDRS Summer 2019 Sampling Campaign: Global River Corridor Surface Water FTICR-MS, NPOC, TN, Anions, Stable Isotopes, Bacterial Abundance, and Dissolved Inorganic Carbon (v7)",49.38609,49.38609,-121.45047,-121.45047,"['Jason G Toyoda', 'Amy E Goldman', 'Shai Arnon', 'Edo Bar-Zeev', 'Rosalie K Chu', 'Robert E Danczak', 'Rebecca A Daly', 'Brieanne Forbes', 'Vanessa A Garayburu-Caruso', 'Emily B Graham', 'Xinming Lin', 'James J Moran', 'Huiying Ren', 'Lupita Renteria', 'Charles T Resch', 'Malak Tfaily', 'Nikola Tolic', 'Joshua M Torgeson', 'Jacqueline Wells', 'Kelly C Wrighton', 'James C Stegen', 'The WHONDRS Consortium']"
sha256:0d3c7eac96c056cbbf3d14bacf87259f28bcedb9e5722d9cb3d5727801542e79,science-on-schema.org/Dataset;ld+json,2026-08-21T00:00:00Z,urn:node:BOREALIS,"Kelp forests are declining in many parts of the world due to climate change and other stressors. Restoration is one solution to return kelp forests to places where they have been lost, yet continually warming oceans may necessitate the identification of thermally tolerant strains to facilitate the long-term success of kelp restoration. The Salish Sea is a waterway in British Columbia, Canada and Washington State, USA where ocean temperatures increasingly exceed the thermal limit for bull kelp (Nereocystis luetkeana), causing substantial losses along parts of its range. To identify thermally tolerant source material, we cultured bull kelp sourced from five populations along a thermal gradient in the northern Salish Sea and outplanted them in a common garden experiment at a warm site where bull kelp has been extirpated: Maude Reef on Hornby Island. We tracked stipe length, blade elongation, blade condition, sorus formation, and persistence. Kelp from the nearest cool site reached the largest sizes overall and produced the most sori. In the warm summer, kelp from the nearest warm site had significantly greater blade elongation rates and persisted longer than kelp from distant sites. Blade opacity did not show any distinct pattern, suggesting that loss of photosynthetic pigmentation is likely not the mechanism or consequence of observed differences in growth rate. Significant population-level variation in growth and blade condition may hint at possible adaptive strategies for heat avoidance in bull kelp. From these findings, we suggest population sourcing or mixture strategies that may increase restoration success.",['Earth and Environmental Sciences'],Identifying thermally tolerant bull kelp (Nereocystis luetkeana) source populations for restoration under climate change,,,,,"['Dykman, Lauren N', 'Steell, S Clay', 'Zielinski, Amanda', 'Zielinski, Rob', 'Saunders-Wiebe, Alexandra', 'Csordas, Matthew', 'Baum, Julia K', 'Neufeld, Christopher J']"
ess-dive-179498cf9bceab9-20260820T142252303,https://eml.ecoinformatics.org/eml-2.2.0,2026-08-20T14:22:53.634Z,urn:node:ESS_DIVE,"Tropical forest productivity is frequently constrained by soil phosphorus (P) availability, yet global Land Surface Model (LSM), which are used to simulate ecosystem processes, still represent P cycling in tropical regions only in a limited way, largely because of scarce observational data. Phosphorus adsorption and desorption of dissolved inorganic P to and from soil minerals (hereafter termed sorption), is an important process for predicting how much P is available to plants. This dataset was created to improve predictions of soil P sorption in tropical soils by identifying the isotherm equation that best describes pantropical soils. It includes raw measurements of environmental variables, such as soil properties and climate, together with P sorption data collected from 40 forest soil pits from 9 Forest Global Earth Observatory (ForestGEO) sites across 7 tropical countries during 2018-2022. The data are organized by site, country, and continent. Each site may include several soil pits. For each pit, P sorption was measured across a range of soil P concentrations to build sorption isotherm curves, typically with about 6 to 8 measurements per curve. While sorbed P varies across these concentration levels, the other environmental variables remain constant at the plot level.","['isotherms', 'tropics', 'phosphorus', 'Biogeochemistry', 'forest', 'soils', 'clay content', 'silt content', 'sand content', 'pH', 'Aluminum oxide', 'Iron oxide', 'carbon percent', 'phosphorus percent', 'mean annual precipitation', 'mean annual temperature', 'sorbed phosphorus']",Phosphorus sorption and its environmental predictors across pantropical forest soils sampled over the past decade,-3.81,-3.81,-70.27,-70.27,"['Daniela Yaffar', 'Melanie A. Mayes', 'Anthony P. Walker', 'Matthew E. Craig', 'Stuart Davies', 'Thomas J. Mead', 'Teresa Pettitt-Kenney', 'Kay Kennedy', 'Maria Uriarte', 'Christopher Nytch', 'Jess Zimmerman', 'Sarayudh Bunyavejchewin', 'Nicolas Castaño Arboleda', 'Alvaro Duque', 'Akira Itoh', 'David Kenfack', 'Duncan Kimuyu', 'Shawn Lum', 'Mohizah Mohamad', 'Mutuku Musili', 'Nantachai Pongpattananurak', 'Ediriweera Sisira', 'Sylvester Tan', 'Renato Valencia', 'Tze Leong Yao', 'Daniel Zuleta']"
sha256:a96ec4cc96e7df8d21b03a316fea7d8f180138270ca7ca3f65d229220346a34f,science-on-schema.org/Dataset;ld+json,2026-08-20T00:00:00Z,urn:node:BOREALIS,"How a polaron loses its quasiparticle coherence with increasing temperature is a long-standing open problem. Holstein addressed it in 1959 only in the extreme antiadiabatic, strong-coupling limit, while more recent numerically exact approaches are largely restricted to one dimension. Here we solve this problem on square and simple cubic lattices across the weak-, intermediate-, and strong-coupling regimes. We show that the polaron effective mass $m^*$ and inverse lifetime $1/\tau$ increase monotonically with temperature until, at $T \sim 0.5\,\Omega$, the quasiparticle peak dissolves into a broad incoherent thermal continuum. The phonon frequency $\Omega$ therefore defines a universal coherence scale, independent of dimensionality and coupling strength, validating Holstein's prediction far beyond the regime in which it was derived. These results follow from a finite-temperature generalization of the Momentum Average (MA) approximation, yielding a closed-form, diagrammatically derived self-energy that is asymptotically exact in the strong-coupling limit at all temperatures. Benchmark comparisons demonstrate excellent quantitative agreement of the resulting 1D spectral functions with the numerically exact Variational Exact Diagonalization-Finite-Temperature Lanczos Method (VED-FTLM) and finite-$T$ Density Matrix Renormalization Group (DMRG).","['spectral function', 'strongly correlated systems', 'condensed matter physics', 'polaron', 'Physics']","Data for: Universal thermal breakdown of polaron coherence in one, two, and three dimensions",,,,,"['Shannigrahi, Jeet', 'Bonca, Janez', 'Berciu, Mona']"
sha256:5f1928daaea5eef2c8ed392d2d1805f607e7e380afee7c42cc891d941b8e2581,science-on-schema.org/Dataset;ld+json,2026-08-20T00:00:00Z,urn:node:BOREALIS,"Dairy heifers are often housed in confined environments that can limit the range of behaviors they can express. Previous studies have assessed the motivation of indoor-housed dairy cows for specific environmental resources, such as pasture or brushes, by comparing the weight animals are willing to push to access these resources relative to an empty space. However, little is known about how confined cattle value access to additional space itself. We assessed the use of, and motivation to access, additional space in dairy heifers housed in a freestall barn. Holstein heifers (n = 48; mean age: 7.1 ± 0.74 months; mean BW: 279.8 ± 32.57 kg) were housed in groups of 12 in pens (7 m x 12 m) containing 13 lying stalls, a waterer and 35 cm of feed bunk space per animal. Groups were given 3h/d access to an additional space adjacent to the home pen (23 × 2 m, sand-bedded), either available freely (i.e., with no restriction) or via a weighted gate phase (i.e., requiring heifers to push a progressively heavier weight). All heifers used the additional space when provided free access, but the number of animals entering the space declined when access was restricted via a weighted gate. Variation among groups and individuals was observed in both temporal use of the space and expressed motivation, with maximum weight pushed ranging from 1.5 to 22.5 kg. Heifers that pushed heavier weights spent less time in the space during free access. Additionally, heifers’ use of the additional space appeared to be influenced by the movements of herd mates. These findings indicate that dairy heifers housed in freestall barns are motivated to access additional space, highlighting the importance of housing that provides greater opportunities for movement and space use.","['affective states', 'Welfare', 'Agricultural Sciences', 'housing systems', 'Dairy heifers', 'weighted gate']",Supplemental data for: “Don't fence me in”: indoor-housed dairy heifers are motivated to access additional space,,,,,"['Suchon, Malina', 'Kappel, Sarah', 'Weary, Daniel', 'von Keyserlingk, Marina AG']"
sha256:371b4ac4ace207474d701854726a0742acc3a033b6e72fc5324050ead31b2714,science-on-schema.org/Dataset;ld+json,2026-08-13T00:00:00Z,urn:node:BOREALIS,"AbstractThis dataset describes two distinct overwintering strategies of the alder bark beetle, Alniphagus aspericollis, in red alder, Alnus rubra. These data were used to evaluate the fitness trade-offs associated with either overwintering strategy: overwintering as mature larvae in the main stems (i.e., boles) of host trees, or as adult beetles within branch nodes. Data were collected from four sites in southwestern British Columbia, Canada.
MethodsData for evaluating the frequency of Beauveria on branch-versus bole-overwintering alder bark beetles were obtained by isolating fungi from the exoskeletons of emergent adult beetles from both overwintering cohorts. Data for assessing adult body size and feeding status in relation to overwintering cohort, sex, and season were acquired through the measurement and dissection of emergent beetles.","['Alnus rubra', 'Beauveria', 'evolutionarily stable strategy', 'Other', 'Alniphagus aspericollis', 'maturation feeding', 'entomopathogen', 'Scolytinae', 'bark beetle']",Data characterizing alternative overwintering strategies of the alder bark beetle,,,,,"['Holt, Taylor', 'Wertman, Debra', 'Carroll, Allan']"
sha256:d4977a2a91a3de756b68a084c8ad81e13a03db1fd3022020eba8b342f762bcb8,science-on-schema.org/Dataset;ld+json,2026-08-13T00:00:00Z,urn:node:BOREALIS,"AbstractAim: Insects provide essential ecosystem services, but there is a concern that insect abundance is in rapid decline. Identifying trends in insect biodiversity is challenging because we lack baseline data for most biogeographic regions, and most insect species remain undescribed. Here, we aim to report the first nationwide inventory of insect biodiversity in South Africa. Location: Eleven National Botanical Gardens representing four major South African biomes: Savanna, Grassland, Fynbos, and Albany Thicket. Time period: Sampling from 1 February 2022 to 31 January 2023. Major taxa studied: Insects (Arthropods) and vascular plants. Methods: We deployed two Malaise traps per botanical garden and used DNA barcoding to identify insect specimens. We reconstructed phylogenies for insect molecular clusters (BINs) and (12,149) vascular plant species. Insect and plant community structure were compared using dissimilarity metrics and Mantel tests. Results: We generated DNA barcodes for 337,809 specimens, representing 29,919 unique molecular clusters, as species proxies. We estimated that the true richness of insect biodiversity in South Africa may be closer to 100,000 species, yet 97% of barcoded taxa could not be assigned to species level. At current rates of taxonomic description, formally cataloguing this dark diversity would take more than 200 years. Estimated insect species richness varied strongly among biomes, with higher insect diversity in the Savanna biome than the floristically rich Fynbos. Turnover in plant lineages was associated with insect community turnover, particularly insect herbivores and predators. Main conclusions: We show that plant species richness alone is a poor predictor of insect species richness, with biome-specific factors playing an important role in shaping insect richness gradients. However, turnover in plant lineages was a strong predictor of insect compositional differences between gardens. Our study provides both critical baseline data on insect diversity in South Africa and new insights into the ecological and evolutionary drivers of insect biodiversity gradients.","['DNA barcoding', 'beta diversity', 'Other', 'phylogenetic turnover', 'Plant-insect interactions', 'South Africa', 'Malaise traps']","Data and code from: Plant phylogenetic history, not diversity, drives insect biodiversity across South Africa’s biomes",,,,,"['Stewart, Ross', 'Perez, Kate', 'Hebert, Paul', 'Sethusa, Mamadi', 'van der Bank, Michelle', 'Davies, Jonathan']"
ess-dive-d3dc26585e68115-20260812T223339080,https://eml.ecoinformatics.org/eml-2.2.0,2026-08-12T22:33:41.008Z,urn:node:ESS_DIVE,"NOTE: The ""In_Review"" zip folder is undergoing ESS-DIVE review and should not be used. Once it is approved, it will be available as v8 of the data package for regular use and metadata will be updated to reflect changes. The WHONDRS Summer 2019 Sampling (S19S) Campaign collected samples in 97 globally distributed river corridor systems between July and September 2019. Surficial streambed sediments were collected at three locations within each site (upstream, midstream, and downstream). Surface water was collected at the downstream site. This dataset includes a portion of the data types produced from the surface water samples and does not include any results from the sediment. Sediment data can be found at https://data.ess-dive.lbl.gov/view/doi:10.15485/1729719. The S19S campaign was designed with the science community to ask questions associated with links among core/transient metabolomes, microbial metabolism, biogeochemical function, and physical properties of watershed and river corridor systems. This data package was originally published in March 2020. It was updated in October 2020 (v2; new and modified files); July 2021 (v3; new and modified files); January 2023 (v4; new and modified files); February 2023 (v5; new and modified files); August 2023 (v6; new and modified files); and July 2025 (v7; new and modified files). See the change history in the readme for more details. This dataset contains (1) high resolution characterization of dissolved organic matter from surface water via 12 Tesla Fourier transform ion cyclotron resonance mass spectrometry (FTICR-MS) through the Environmental Molecular Sciences Laboratory (EMSL; https://www.pnnl.gov/environmental-molecular-sciences-laboratory); (2) non-purgeable organic carbon (NPOC); (3) stable water isotopes (O and H); (4) specific conductivity (SpC), total nitrogen (TN), and anions; (5) flow cytometry bacterial abundance data; (6) dissolved inorganic carbon (DIC) data; (7) metadata, including international generic-sample number (IGSN) mapping file and Joint Genome Institute (JGI) mapping file; (8) file-level metadata (flmd); and (9) data dictionary (dd).  The FTICR-MS files are .xml, and the data package includes instructions for using Formularity (https://omics.pnl.gov/software/formularity) and an R script to process the data based on the user’s specific needs. All other files are .csv, .pdf, or .txt. This data package was updated in July 2021 to add SpC, TN, and anion data and accompanying documentation. This data package was updated in January 2023 to add flow cytometry bacterial data, accompanying documentation, flmd, and dd. The data package was updated in February 2023 to add DIC data and accompanying documentation. The data package was updated in August 2023 to add IGSN mapping file, correct field metadata, and update accompanying documentation. See change history in readme for details. Please use the data package’s DOI to cite the data package. We ask that you email us at WHONDRS@pnnl.gov to let us know that you are using the data and acknowledge WHONDRS and the U.S. Department of Energy's Environmental System Science program—which generously provides funding to WHONDRS—in your publications, proposals, presentations, etc. All data are free to be used for any purpose, such as for manuscripts, presentations, and grant proposals. There is no obligation to include WHONDRS members as co-authors.","['WHONDRS', 'Watershed', 'River corridor', 'Hydrology', 'Biogeochemistry', 'Hyporheic zone', 'Hydrologic exchange', 'River', 'Stream', 'Carbon', 'FTICR', 'Metabolite', 'Metabolomics', 'Mass spectrometry', 'Catchment', 'Microbiome', 'Isotope geochemistry', 'Freshwater', 'Organic matter', 'Flow cytometry', 'ESS-DIVE CSV File Formatting Guidelines Reporting Format', 'ESS-DIVE File Level Metadata Reporting Format', 'ESS-DIVE Sample ID and Metadata Reporting Format', 'related identifiers', 'EARTH SCIENCE > TERRESTRIAL HYDROSPHERE > SURFACE WATER', 'FTICR-MS', 'Deuterium', '18-O', 'NPOC', 'Total nitrogen', 'Specific conductance', 'Chloride', 'Sulfate', 'Nitrate', 'Nitrite', 'Fluoride', 'Anions', 'Bacterial abundance', 'Dissolved inorganic carbon', 'DIC', 'EARTH SCIENCE > TERRESTRIAL HYDROSPHERE > WATER QUALITY/WATER CHEMISTRY > ISOTOPES > STABLE ISOTOPES']","WHONDRS Summer 2019 Sampling Campaign: Global River Corridor Surface Water FTICR-MS, NPOC, TN, Anions, Stable Isotopes, Bacterial Abundance, and Dissolved Inorganic Carbon (v7)",49.38609,49.38609,-121.45047,-121.45047,"['Jason G Toyoda', 'Amy E Goldman', 'Shai Arnon', 'Edo Bar-Zeev', 'Rosalie K Chu', 'Robert E Danczak', 'Rebecca A Daly', 'Brieanne Forbes', 'Vanessa A Garayburu-Caruso', 'Emily B Graham', 'Xinming Lin', 'James J Moran', 'Huiying Ren', 'Lupita Renteria', 'Charles T Resch', 'Malak Tfaily', 'Nikola Tolic', 'Joshua M Torgeson', 'Jacqueline Wells', 'Kelly C Wrighton', 'James C Stegen', 'The WHONDRS Consortium']"
sha256:c87db03f572c45ff3a9f792e2cb997ab1de060be01d7d99017a3b2926d43eae4,science-on-schema.org/Dataset;ld+json,2026-08-10T09:02:09Z,urn:node:DRYAD,"Fledging, or departure from the nest, in birds represents a major life-history event associated with a rapid transition from a sedentary to an energetically demanding mobile phase. Many avian species have high mortality in the immediate post-fledging period, which is thought to be associated with developmental immaturity at fledging, i.e., the physiological capacity for sustained flight of newly fledged juveniles. Hematocrit is a key component of oxygen transport but, in many species, offspring have sub-adult hematocrit levels at fledging. While this could contribute to poor flight performance, it is unknown when physiological development is completed in post-fledging juveniles, i.e., when traits underlying oxygen-carrying capacity reach adult values. Here we show that at fledging, 18 days post-hatching, zebra finch Taeniopygia guttata chicks had hematocrit values that were ~81% of typical adult values (44.5% vs. 53-54%). But by independence (30-days post-hatching), chick hematocrit was..., This study was conducted using a long-term, captive-breeding population of zebra finches at the Animal Care Facility at Simon Fraser University, Burnaby, British Columbia, Canada. Non-breeding birds were housed in single-sex, double sized cages (100 x 39 x 43 cm), with a maximum of 10 birds per cage and were provided with a mixed seed diet (Chin Ridge Seeds; 13.8% protein, 6.9% fiber, 8.5% fat, 92.8% dry mass), water, grit or coral sand, cuttlefish bone ad libitum, and a multivitamin supplement (Nekton-S vitamin supplement) and millet sprays once a week. Rooms were maintained at 19-25Â°C with a constant photoperiod of 14L:10D. All experimental work was conducted under Simon Fraser University Animal Committee permits (1230B-94-25 and 1231B-94-25) consistent with the guidelines of the Canadian Committee on Animal Care.
Chicks were obtained by breeding birds following established and previously described methods (e.g., Tissier et al. (2014); Hodinka et al. (2024)). Briefly, adult birds (&gt..., # Data and code from: Rapid maturation of hematocrit immediately post-fledging in zebra finches *Taenopygia guttata*

Dataset DOI: [10.5061/dryad.gtht76j3p](https://doi.org/10.5061/dryad.gtht76j3p)

## Description of the data and file structure

Data and R code for â**Rapid maturation of hematocrit immediately post-fledging in zebra finches** ***Taenopygia guttata***, Williams TD, Bertrand, G. and Agnor, K.C.

Chicks were blood sampled at 18, 30 and 90 days of age, and adults at 30 and 90 days. Data were obtained on hematocrit and body mass. In the first analysis, hematocrit was compared between chicks and adults at 30 (independence) and 90 days (sexual maturity, R code = **ZF_Hct_30_90_day.R**. In the second analysis, hematocrit was compared in chicks between 18 days of age (fledging) and independence at day 30 (R code = **ZF_Hct_18_30_day.R**

### Files and variables

#### File: ZF_Hct_18_30_day.csv

**Description:**Â Data for chicks sampled at day 18 and day 30

##### Variables

* ban..., , ","['Hematocrit', 'development ', 'fledging']",Data and code from: Rapid maturation of hematocrit immediately post-fledging in zebra finches <em>Taenopygia guttata</em>,,,,,"['Tony Williams', 'Garrett Bertrand', 'Kestrel Cody Agnor']"
sha256:32d0ee4c3171467f8766b9ff31b617cc3afe51d110edad7f2b0a49e97e9fd7cb,science-on-schema.org/Dataset;ld+json,2026-08-06T00:00:00Z,urn:node:BOREALIS,"AbstractDrug overdose deaths in the United States reached record levels during the fentanyl era before recently declining. A plausible hypothesis is that a sudden drop in fentanyl purity beginning in 2023 caused the downturn in overdose mortality. We evaluated this hypothesis by replicating a published analysis with regional overdose data, using models that account for time trends and autocorrelation, and negative control indicators to test for spurious correlation. When fentanyl purity was rising, the national purity series did not track overdose increases in most regions and showed only a modest association in the West. When both purity and mortality later declined, the observed associations were also seen with unrelated macroeconomic indicators that shared the same time pattern. National fentanyl purity alone does not provide a sufficient explanation for recent overdose declines.","['Drugs', 'Substance-related disorders', 'Other', 'Epidemiology']",Data and code from: Fentanyl purity and overdose decline: A reexamination of geographic trends,,,,,"['Dasgupta, Nabarun', 'Sibley, Adams', 'Gildner, Paula', 'Kral, Alex', 'Post, Lori Ann', 'Gora Combs, Katherine', 'Tobias, Sam', 'Pacula, Rosalie']"
sha256:fdeb82c9f1a621446bc121de4bd5e240c20a3def39728f395bd17086f65c4cec,science-on-schema.org/Dataset;ld+json,2026-08-06T00:00:00Z,urn:node:BOREALIS,"This repository contains the processed data associated with the manuscript Conserved sex-biased DNA methylation patterns target key developmental genes and reproductive function in two Poeciliid species. The study examines how sex-biased DNA methylation and gene expression vary across tissues and are conserved between the closely related Poeciliid fishes Poecilia reticulata and Poecilia wingei. By integrating whole-genome bisulfite sequencing and RNA sequencing data from gonad and muscle tissue, the project investigates the genomic distribution of sex-biased DNA methylation, its conservation across species, and its relationship with transcriptional regulation and reproductive gene function. The repository includes processed differentially methylated region (DMR) datasets, RNA-seq gene expression count and normalized expression matrices, differential gene expression analyses, methylation–expression coupling results, and CpG island annotations. These data support analyses of conserved and tissue-specific epigenetic variation, sex-biased gene regulation, and the genomic architecture of sexual dimorphism in Poeciliid fishes.","['Epigenetics', 'Medicine, Health and Life Sciences', 'Poecilia wingei', 'DNA methylation', 'Gene regulation', 'Poecilia reticulata', 'Sex chromosomes']","Data for: \""Conserved sex-biased DNA methylation patterns target key developmental genes and reproductive function in two Poeciliid species\""",,,,,"['Metzger, David', 'Mank, Judith']"
sha256:1dfb07f4401a46cd7cdb1bb01e7a55811511687c2e3ee212eae18888cd8e90fe,science-on-schema.org/Dataset;ld+json,2026-08-05T00:00:00Z,urn:node:BOREALIS,"This dataset contains all data and code required to reproduce the figures in the manuscript: Osmotic conditions shape fitness gains and resistance mechanisms during E. coli and T4 phage co-evolution. Abstract: Environmental conditions strongly influence interactions between bacteria and bacteriophages (phages). Here, we examined how osmolality (solute concentration) shapes the in vitro co-evolution of T4 phage and its host Escherichia coli during serial passage. When evolved independently, we observed substantial fitness gains in both bacteria and phages, particularly in high-osmotic conditions. During co-evolution, however, fitness gains were limited, bacterial populations consistently evolved phage resistance, and several phage populations went extinct. Furthermore, the resistance mechanisms varied by osmolality. In lower osmolalities, mutations disrupted phage-binding sites, conferring strong resistance. In higher osmolalities, mutations led to increased colonic acid production, producing a mucoid phenotype with weaker resistance. Because mucoidy has been associated with increased bacterial virulence, these findings suggest that gut-relevant osmotic conditions may constrain evolutionary trajectories, favoring resistance strategies that are less effective against phage but potentially more virulent, with important implications for phage therapy design.","['Medicine, Health and Life Sciences', 'Osmolality', 'Escherichia coli', 'Co-evolution', 'T4 bacteriophage']",Supplemental data for: Osmotic conditions shape fitness gains and resistance mechanisms during E. coli and T4 phage co-evolution,,,,,"['Hunter, Michael', 'Lyall, Eric', 'Verma, Kriti', 'Tropini, Carolina']"
sha256:c57d33919cacc943e61e1b8c3679f2543b7a603a40e6232adbceecdebead10ae,science-on-schema.org/Dataset;ld+json,2026-08-04T00:00:00Z,urn:node:BOREALIS,"As we face unprecedented global changes, how ecosystems recover and re-establish from the higher frequency and magnitude of changes becomes more important to understand. Resistance and resilience are two strategies that different species may specialize in; however, these strategies require trade-offs with one another and can have non-linear responses to ecosystem disturbances. Therefore, it is imperative that we better understand what strategies ecological communities adopt to extreme weather events such as hurricanes. When Costa Rica experienced its first hurricane in decades, Hurricane Otto in 2016, numerous ecosystems were exposed to this new disturbance, including aquatic treeholes. Here we contrasted the effects of forest gap formation from a hurricane to effects of differences in litter origin (intact vs. fragmented forest). Aquatic invertebrate communities in treeholes were unaffected in terms of diversity and abundance, and composition was at most subtly affected by either hurricane-generated gaps or litter origin. Litter decomposition was almost entirely affected by litter origin, and only slightly by hurricane gap formation. Our results indicate that treehole ecosystems are surprisingly tolerant of hurricane disturbances, highlighting that even with global change, some ecosystems may be able to recover quickly and continue to function as they have in the past.","['Tropical Rainforest', 'Invertebrates', 'Tropical Ecology', 'Treeholes', 'Medicine, Health and Life Sciences', 'Tree holes', 'Food Webs', 'Hurricane Disturbance']",Data for: Dwelling or diet? Tropical treeholes are affected less by hurricane-caused forest gaps than by litter source,,,,,"['Westwood, Natalie', 'Srivastava, Diane']"
sha256:d1318a541048227fffbb85cf4168c66f405f9bb1fd0d53de4d8d3762cf96cb2b,science-on-schema.org/Dataset;ld+json,2026-07-30T00:00:00Z,urn:node:BOREALIS,"Overview: The primary project is a prospective, observational cohort study of children aged 28 days to 14 years with sepsis at Muhimbili National Hospital, the national referral hospital, in Dar es Salaam, Tanzania (July 2022–November 2024) to determine the risk factors, morbidity, and mortality related to pediatric sepsis in this setting. Children aged 28 days to 14 years who presented with sepsis were included in our study. Sepsis was defined as fever (>38°C or history of fever) with ≥1 World Health Organization danger sign: breathing difficulty, altered mental status, impaired perfusion, or risk of dehydration. Children were excluded for cardiac arrest on arrival, weight <4 kg, acute trauma, non-infectious fever (e.g., rheumatologic disease), isolated seizures in known epilepsy, malignancy, or congenital heart disease. We screened all pediatric patients presenting to the Emergency Department during the study period using consecutive sampling. Parents or guardians of the potential participants were approached by trained research personnel for consent prior to study enrollment. This prospective cohort includes detailed, patient-level clinical, laboratory, microbiologic, treatment, intervention timing, and outcome data collected from emergency department presentation through hospital discharge. Precise timestamps for key sepsis interventions and comprehensive microbiologic testing make the dataset suitable for analyses of sepsis epidemiology, implementation of guideline-based care, prognostic model development, antimicrobial resistance, and evaluation of pediatric sepsis quality improvement interventions in low-resource settings. The submitted repository dataset includes all enrolled participants with de-identified clinical, laboratory, treatment, and outcome data. Objectives: To identify demographic and clinical predictors of in-hospital mortality among Tanzanian children with sepsis and to externally validate three pediatric sepsis scores (LODS, BqSOFA, and PSS) in a resource-limited setting. Data Collection Methods: Once enrolled in the study, participant clinical data, outcomes, and interventions (e.g., antibiotics, mechanical ventilation, blood product transfusions) were extracted from medical records by study staff and entered into REDCap (version 7.2.2), a secure, electronic database. Venous blood was collected in EDTA tubes from all participants within four hours of arrival using sterile technique. Point-of-care tests included rapid diagnostic tests (RDTs) for malaria (SD Bioline-Pf, Abbott Laboratories, Abbott Park, IL, USA) and HIV (Alere Determine HIV-1/2, Abbott Laboratories, Abbott Park, IL, USA), as well as hemoglobin (iSTAT, Abbott Laboratories, Abbott Park, IL, USA) and glucose (GlucoPlus, GlucoPlus Inc., Montreal, Canada). Patients with positive malaria RDT were considered positive. Patients with a positive HIV RDT received subsequent confirmatory testing. Prior to this study, lactate, hemoglobin, and blood glucose were available as point-of-care tests at MNH. Lactate was measured from a whole blood venous sample using an iSTAT system (Abbott Laboratories, Abbott Park, IL, USA). Whole blood was then separated, and plasma was used to measure procalcitonin, C-reactive protein, and ferritin by fluorescence immunoassay using the i-Chroma II system, provided by our study to facilitate real-time measurement (BodiTech Med Inc., Chuncheon-si, Gangwon-do, Republic of Korea). Blood cultures were obtained on all patients using BD BACTEC™ Peds Plus/F vials and processed in a research lab setting using a BD BACTEC FX40 system (Becton Dickinson, Franklin Lakes, New Jersey, USA). All testing followed local protocols and manufacturer instructions. Data Processing Methods: This is a secondary analysis of a prospective cohort of pediatric sepsis patients at Muhimbili National Hospital. We used multivariable logistic regression to identify independent predictors of in-hospital mortality and evaluated LODS, BqSOFA, and PSS using sensitivity, specificity, PPV, NPV, AUC, DeLong’s test, and Youden-optimal thresholds. Sensitivity analyses included complete-case PSS analysis and exclusion of children enrolled solely for risk of dehydration. Analyses were conducted in Stata/SE 18 and SAS 9.4. All data cleaning, variable coding, and statistical analyses were conducted using Stata/SE 18.0 for Mac (Apple Silicon; StataCorp LLC, College Station, TX; Revision 17 Feb 2026) or SAS 9.4 (SAS Institute, Cary, NC). Stata scripts require one user-contributed package: table1 (available from the SSC archive; install via ssc install table1). All other commands (stset, stcox, sts graph, logit, roctab, roccomp, lincom, estat phtest) are included in the base Stata/SE 18 installation and require no additional packages. Ethics Declaration: Guardians provided written informed consent; children assented when developmentally and cognitively able; and participants received routine clinical care as indicated, including intravenous...","['Data science', 'Pediatric intensive care', 'Septicemia', 'Common data elements', 'Data management', 'Medical informatics', 'Big data', 'Child', 'Sepsis', 'Neonatal infections', 'Pediatrics', 'Data aggregation', 'Algorithms', 'Infant', 'Data curation', 'Infections', 'Medicine, Health and Life Sciences', 'Infection in children', 'Data dictionaries']",Context-Specific Predictors of Mortality and the Performance of Pediatric Sepsis Scores in Tanzanian Children: a Secondary Analysis of a Prospective Cohort Study,,,,,"['Sorensen, Abigail', 'Mussa, Raya', 'Sunzula, Erasto', 'Miele, Victoria', 'Oltman, Scott', 'Msemwa, Cecilia', 'Mathias, Lushona', 'Baez Maidana, Jazmin', 'Sun, Kathleen', 'Mfinanga, Juma', 'Chu, Victoria', 'Hooft, Anneka', 'Mkopi, Namala', 'Kissoon, Niranjan', 'Manyahi, Joel', 'Sawe, Hendry', 'Kortz, Teresa']"
sha256:e6cadd1e7a529ea01e2968c94b56a53fadc0c0cd796d216f386fd515a14f81c3,science-on-schema.org/Dataset;ld+json,2026-07-29T00:00:00Z,urn:node:BOREALIS,"This dataset contains responses from an online survey of 3,400 residents living in non-metropolitan communities in British Columbia, Alberta, Saskatchewan, and Manitoba, Canada. Data were collected during March and April 2025 to examine public support for climate policies, just transition policy bundles, affective climate polarization, political ideology, climate identity, and related demographic characteristics. The survey includes a factorial vignette experiment in which respondents evaluated combinations of climate policies and just transition measures. The dataset accompanies the manuscript Affective Climate Polarization and Public Support for Just Transition Policy Bundles in Western Canada.","['Social Sciences', 'Climate policy; just transition; public opinion; survey experiment; affective polarization; energy transition']","Western Canada Climate Policy and Just Transition Survey, 2025",,,,,"['Egler, Megan', 'Rhodes, Katya']"
sha256:763fbac7bb9ba7cf88ccedee37733b505578b5228fabff3401ed5a7ea7836377,science-on-schema.org/Dataset;ld+json,2026-07-28T00:00:00Z,urn:node:BOREALIS,"Airborne Laser Scanning (ALS) is an active remote sensing technology from which highly precise measurements of object locations can be derived. This study builds upon emerging literature suggesting ALS as a viable standalone data source for estimating forest characteristics by demonstrating methodology on the Coastal Douglas-fir-dominated forests of Mudge Island, British Columbia (BC), Canada. Pixel metrics for canopy height, heterogeneity, and vertical structure were extracted from a single ALS acquisition via the lidR and lidRmetrics packages in the R programming language. Metric correlation and dispersion were investigated, and smoothed metric quartiles were mapped to denote forest stands. Landcover extraction found 70.38% of Mudge Island to be forested by area. Metric dispersion suggests Mudge Island is dominated by highly homogeneous even-aged conifer stands. A trend towards a canopy relief ratio (CRR) greater than 0.50 indicates a full crown and little shrubbery or debris on the ground, a trait characteristic of middle-aged to mature conifer forests. Results align with field observations and air photo interpretations of Mudge Island, positing ALS metrics as a viable initial analysis for the remote estimation of forest characteristics. Future studies should employ data fusion and/or additional methods to refine the workflow herein presented and confirm findings with field validation techniques.","['Airborne Laser Scanning', 'British Columbia', 'Light Detection and Ranging', 'Southern Gulf Islands', 'ALS', 'Forest', 'lidR', 'Forest Inventory', 'LiDAR', 'Landcover', 'Earth and Environmental Sciences', 'lidRmetrics', 'Mudge Island', 'Remote Sensing']","Airborne Laser Scanning (ALS) Metrics for the Remote Estimation of Forest Characteristics on Mudge Island, Southern Gulf Islands, British Columbia (BC), Canada",,,,,"['Swearingen, Hannah']"
sha256:f8580dd13fdc236498d8b4345f23e572e61c33a5334e12bb572522911965cbb9,science-on-schema.org/Dataset;ld+json,2026-07-28T00:00:00Z,urn:node:BOREALIS,"Background: Transplant recipients are at heightened risk for severe COVID-19 and may experience impaired immune response to vaccinations due to lifelong immunosuppression. Aims of study: The main goal of the study was to evaluate the immunogenicity and safety of COVID-19 vaccines in organ transplant recipients. It also aimed to compare antibody responses between vaccinated transplant recipients and those who had been previously infected with COVID-19. Methods: This multi-site prospective cohort study included solid organ and stem cell transplant recipients from high-volume transplant centers across Canada. Participants were followed once pre-vaccination, 3–6 weeks after any vaccine dose, and at 6 and 12 months after the first dose; questionnaires and blood samples were collected at each visit. Laboratory assessments included antibody responses to the spike receptor-binding domain, neutralizing antibodies, and CD4⁺/CD8⁺ T-cell-mediated immunity. Contributed dataset contents: The datasets include 343 participants (302 adult, 41 pediatric) who completed baseline surveys between May 2021 and November 2022. 95% of these participants and an additional 476 participants without baseline surveys gave one or more blood samples for serologic testing. A total of 2270 samples were collected between January 2020 and September 2023. Variables include data in the following areas of information: demographics (age, sex, ethnicity and indigeneity, province, education, occupation), general health (weight and height, smokes, flu vaccine), transplant characteristics (organ, induction, treatment for rejection), SARS-CoV-2 vaccination (dates, health events following vaccination), and lab results for immune response to vaccination or infection (IgA, IgG, and IgM against SARS-CoV-2 spike protein; microneutralization; cell mediated immunity).","['Seroepidemiologic Studies', 'COVID-19 Vaccines', 'Medicine, Health and Life Sciences', 'SARS-CoV-2', 'Antibodies, Viral', 'COVID-19 Serological Testing', 'Organ Transplantation', 'Pandemics', 'Public Health']","Prospective Evaluation of COVID-19 Vaccine in Transplant Recipients: A National Strategy [PREVenT-COVID, study data contributed to the CITF Databank]",,,,,"['KUMAR, Deepali']"
sha256:da3c5d6cab4855974fef7078ee075e204cebac6a5759f5e79191be0c11a9365f,science-on-schema.org/Dataset;ld+json,2026-07-23T00:00:00Z,urn:node:BOREALIS,"This dataset contains the supplementary materials of the following study: \""Gender bias in research on farmers’ perspectives regarding dairy cattle welfare: A rapid systematic review.\"" Abstract: Dairy farming remains male-dominated, with decision-making power often resting with men. However, women are typically the primary caregivers for dairy calves and their participation in other aspects of the dairy industry is increasing. If research on farmers’ views towards dairy cattle welfare is influenced by these gendered roles, it may disproportionately reflect male voices and risk producing a partial account of what farmers think and prioritize regarding animal welfare. This rapid systematic review aims to (1) assess the extent of gender representation in empirical studies investigating farmers’ views on dairy cattle welfare; (2) examine how gender is contextualized within these studies; and (3) identify whether assumptions of equality or difference between women and men are made or overlooked. After screening for eligibility, 134 publications were included in the analysis. Approximately a third of the publications (35%) did not report the gender distribution of participants. Among the 87 studies that did, the average sample consisted of 76% male and 24% female farmers (SD=20% for each). Nine studies included a category beyond “male” or “female” (here labelled as “other”) with an average of 0.2 % (SD=1%) of participants appearing in this category. Only 25 studies discussed topics related to gender and none had gender as a primary focus of their analysis. By applying a gender analysis framework, we evaluated the outcomes of the reviewed studies, including insights on the implications for actively considering gender representation in dairy cattle welfare research. We end by recommending that future studies: (1) consistently report gender of participants and broaden gender categories beyond “male” and “female”, (2) contextualize the influence of gender on the results, and (3) make efforts to avoid assumptions regarding gender when discussing research findings. Describing the gender distribution of farmers’ samples is a key step towards improving our understanding of the diverse perspectives being captured in research. While this review primarily focuses on dairy farming, we emphasize the need for gender-aware approaches that extend to other sectors of primary food production.","['Ethics of Care', 'Gender Theory', 'Feminist Theory', 'Agricultural Sciences', 'Social Sciences']",Supplemental data for: Gender bias in research on farmers’ perspectives regarding dairy cattle welfare: A rapid systematic review.,,,,,"['Vandresen, Bianca', 'Weary, Daniel M.', 'von Keyserlingk, Marina A. G.']"
sha256:123603ff5bb27ba88e1dad85893c7e97bf2781371b3b1567f9a58f87b6743f07,science-on-schema.org/Dataset;ld+json,2026-07-23T00:00:00Z,urn:node:BOREALIS,"AbstractThe striking diversity of bird plumage colors has long fascinated researchers and inspired foundational evolutionary theories. Both natural and social selection can shape plumage color variation, enhancing either crypsis or conspicuousness, and thereby influencing fitness. Yet how light environments influence color function remains poorly understood. Here, we show that color variation among plumage patches aligns with their presumed functions—either attracting or diverting receiver attention—but is only weakly associated with local light conditions. Using a comprehensive dataset of side-welling irradiance, background reflectance, and hummingbird plumage spectra, we find that site-specific variation in irradiance predicts changes in crown coloration, but not in other patches. Sexual dichromatism, in contrast, significantly affects the color of all patches, including those presumed to be cryptic. We found that conspicuousness across patches decreases when shifting away from the angle of peak reflectance, which suggests that iridescence and behavioral mechanisms allow hummingbirds to decrease conspicuousness at different viewing geometries. These results suggest that hummingbird coloration is not adapted to variation in specific light environments, but rather it has been tuned through time by behavior and interactions between sexes and predators to remain effective despite environmental variation.","['Other', 'Trochilidae', 'Neotropics', 'crypsis', 'color reflectance', 'conspicuousness', 'irradiance']",Data and code from: Sexual and ecological drivers of plumage conspicuousness in hummingbirds,,,,,"['Beltrán, Diego', 'Shultz, Allison', 'Parra, Juan Luis']"
sha256:1f77e32abe447fb2755f7790ae75d5756272e3c8c8e3ecbbdc5f19cff40e3b42,science-on-schema.org/Dataset;ld+json,2026-07-23T00:00:00Z,urn:node:BOREALIS,"This dataset contains the supplementary materials of the following study: Human-livestock relationships are shaped by a complex interplay between farmers’ emotional bonds with animals and the practical demands of farming. This study used a letter-writing approach to explore how cattle farmers make sense of this tension in relation to calf care. Beef farmers (n=14) and dairy farmers (n=15), from Brazil, Ireland, Canada, and the United Kingdom, wrote letters addressed to a calf raised on their farm, describing and explaining what the calf would experience from birth to weaning. The thematic narrative analysis of the letters (n=29) resulted in three main themes: 1) Lived experiences (farmers structured their narratives around key life events experienced by the calf, including postnatal care, health management, painful procedures, and life transitions); 2) Calf's perspective (farmers considered how the calf would experience those events, including the roles calves were expected to occupy, the emotions they might experience, how their needs would be addressed, and the relationships they would form with other individuals); 3) Farmer's care (farmers positioned themselves as caregivers responsible for calves’ health, welfare, and development). Farmers’ accounts of calf care extended beyond descriptions of management practices to include moral and relational narratives about responsibility, necessity, and care. This study demonstrates the value of narrative methods for examining moral reasoning in human-animal relationships. More broadly, the findings suggest that animal welfare discussions may benefit from recognising farmers as caregivers working within systemic conditions that can shape, and sometimes constrain, their ability to protect calf welfare.","['Cattle welfare', 'Human-animal relationship', 'Ethics of care', 'Caregiver role', 'Social Sciences', 'Narrative inquiry', 'Agricultural Sciences']",Supplemental data for: “Dear Calf” - Farmers’ narratives of calf care in dairy and beef systems using letter writing,,,,,"['Vandresen, Bianca', 'Weary, Daniel M.', 'von Keyserlingk, Marin A. G.']"
sha256:8fe47383eca38d61a3f9a5ca8e6c798f414691d57d96540448062b2146682f20,science-on-schema.org/Dataset;ld+json,2026-07-22T00:00:00Z,urn:node:BOREALIS,"This dataset provides key geographic data about the professional sports venues (arenas and stadiums) associated with all teams in the National Football League, Major League Baseball, National Basketball Association, National Hockey League, and Major League Soccer.",['Social Sciences'],"Urban Geography of NFL, MLB, NBA, NHL, MLS Venues",,,,,"['Graham, Rylan']"
sha256:3ef8c34416d3c6c3c0a1b376fadbefc2a7b10290d1bef57c8fbf870d94dd57df,science-on-schema.org/Dataset;ld+json,2026-07-22T00:00:00Z,urn:node:BOREALIS,"Complex structures in warnowiid dinoflagellates – i.e. the camera eye-like ocelloid and complex nematocysts – have garnered interest for over a century, but due to the rarity and intractability of these cells in culture, this group has proven difficult to study. Single cell transcriptomics has provided a new avenue for exploration of this group, recently revealing insights about the unique biology of the ocelloid plastid. This study significantly expands the sampling of diverse warnowiids, introducing several new lineages to the phylogenomic analysis of warnowiids. This exploration reveals new evolutionary insights into ocelloid form and nematocyst presence, suggesting that ocelloid function may vary across the warnowiids.","['Other', 'plastid', 'photosystems', 'warnowiids', 'single-cell transcriptomics', 'dinoflagellate', 'phylogenomics']",Supplemental data for: Evolution of complex organelles in ocelloid-bearing dinoflagellates,,,,,"['Cooney, Elizabeth C.', 'Holt, Corey C.', 'Lax, Gordon', 'Keeling, Patrick J.']"
sha256:4e508b112c94b71643f43959ab9de31f0be7a1660d01d511193321964c8a7efc,science-on-schema.org/Dataset;ld+json,2026-07-20T00:00:00Z,urn:node:BOREALIS,"The data and programs replicate tables and figures from Should I Stay or Should I Go? The Impact of Health Shocks on Immigrants, by Balanuik and Draaisma Rodriguez. Please see the ReadMe file for additional details.","['Social Sciences', 'I12, I14, J15, J61']",Replication Data and Code for: Should I Stay or Should I Go? The Impact of Health Shocks on Immigrants,,,,,"['Balanuik, Bryce H', 'Draaisma Rodriguez, Daniela']"
sha256:294dfb7e1231ecdcef8786861c89d07452061a3ed98f51e04e9bb373b70d1fc3,science-on-schema.org/Dataset;ld+json,2026-07-20T00:00:00Z,urn:node:BOREALIS,"The aim this longitudinal study was to describe calf growth through weaning on commercial dairy farms. Twelve commercial dairy farms in British Columbia, Canada, were visited weekly for approximately 12 mo. Heart-girth measurements were used to estimate BW of 1,534 Holstein replacement heifers from approximately 1 wk of age through to 3 wk after weaning. Reports summarizing calf performance were provided to farmers at the midway point and at the end of the study. Farm-level growth trajectories were compared using locally weighted regression, and within-farm variation was expressed as the coefficient of variation (CV). Across all farms, calves achieved an overall ADG of 0.84 ± 0.20 kg/d. Growth trajectories differed considerably among farms, with farm-level deviations ranging from -7.2 to +14 kg by 98 d of age. Within-farm variation also differed substantially, such that within-farm CV ranged from 7.3-18.4%. Across all calves, 43% experienced reduced ADG following weaning and this proportion varied among farms from 17 to 66%. These findings provide the first longitudinal description of calf growth through weaning on commercial dairy farms and describe variation between and among calves within farms. Future research should identify the management practices associated with minimizing growth through weaning. Supplementary materials provided for the study on dairy calf growth through weaning and the effect of providing benchmarking reports to farmers.","['animal welfare', 'replacement calves', 'Agricultural Sciences', 'performance', 'benchmarking', 'Other']",Supplemental data for: Heifer growth through weaning on commercial dairy farms,,,,,"['Russell, Elizabeth', 'Weary, Daniel M.', 'von Keyserlingk, Marina A.G.']"
sha256:9666f6a6af5f42b81c330540610289d8b87f2dc32b23e3da01b3bd288cc64084,science-on-schema.org/Dataset;ld+json,2026-07-20T00:00:00Z,urn:node:BOREALIS,"Circum-Caribbean sea turtle histories are deeply intertwined with past human activities, with zooarchaeological evidence suggesting their dietary and socio-cultural importance from as early as 4000 BC. Previously, sea turtle bones’ high fragmentation rates limited traditional morphological identifications beyond the family level, hindering assessment of species-specific human-turtle interactions. While poor organic preservation once deterred the application of biomolecular research in the Caribbean, Zooarchaeology by Mass Spectrometry (ZooMS) has demonstrated the ability to retrieve proteins from archaeological sea turtles deposited in tropical, subtropical, and arid environments. We applied ZooMS to 87 non-diagnostic archaeological sea turtle remains from the arid, tropical Caribbean islands of Curaçao and Bonaire to reconstruct past sea turtle abundances. Our results provide long-term evidence for human interactions with green (Chelonia mydas), hawksbill (Eretmochelys imbricata), and loggerhead (Caretta caretta) turtles. Comparison with ZooMS results from the circum-Caribbean demonstrate consistently high identification rates for green turtles and negative evidence for leatherbacks, while also revealing intra-regional differences in the frequency of loggerhead and hawksbill turtles recorded. These trends are likely driven by interacting cultural and natural variables influencing zooarchaeological species composition. We recommend future investigations of past turtle-human relationships in the Caribbean employ increased sampling in combination with direct dating, ZooMS and paleogenetic analyses to support robust identification, quantification, and genetic continuity data of applied value to modern turtle conservation. This dataset contains the MALDI-TOF spectra for each of the 87 archaeological bones sampled for ZooMS.","['MALDI-TOF', 'Arts and Humanities', 'Caribbean archaeology', 'ZooMS', 'sea turtles']","Replication Data for \""ZooMS reveals past sea turtle zooarchaeological presence in Curaçao and Bonaire for reconstructions of long-term turtle-human interactions in the Caribbean\""",,,,,"['Conlan, Christine', 'Kraan, Claudia', 'Paskulin, Lindsey', 'Hilsden, Jay', 'Yuan, Ruoxin Emily', 'Chen, Pengpeng', 'Speller, Camilla', 'Giovas, Christina']"
sha256:69590c785ead902ffbe1d6340c965c3a7b8227860fc48cf9f029f2c4d8ab0f7f,science-on-schema.org/Dataset;ld+json,2026-07-17T19:49:50Z,urn:node:DRYAD,"The striking diversity of bird plumage colors has long fascinated researchers and inspired foundational evolutionary theories. Both natural and social selection can shape plumage color variation, enhancing either crypsis or conspicuousness, and thereby influencing fitness. Yet how light environments influence color function remains poorly understood. Here, we show that color variation among plumage patches aligns with their presumed functionsâeither attracting or diverting receiver attentionâbut is only weakly associated with local light conditions. Using a comprehensive dataset of side-welling irradiance, background reflectance, and hummingbird plumage spectra, we find that site-specific variation in irradiance predicts changes in crown coloration, but not in other patches. Sexual dichromatism, in contrast, significantly affects the color of all patches, including those presumed to be cryptic. We found that conspicuousness across patches decreases when shifting away from the angle of p..., , , ## README FILE FOR DATA AND CODE TO

**Sexual and ecological drivers of plumage conspicuousness in hummingbirds**

DIEGO F. BELTRÃN, ALLISON J. SHULTZ, AND JUAN L. PARRA

EVOLUTION

### Code_full.R: R code to replicate analyses

### TableS1-Specimen_list.txt - Specimen list with institution and catalog number for specimens used.
* Column \""Museum.Field\"" indicates if specimen is from a museum collection or field capture.
* Column \""Museum.Locality\"" indicates the name of the institution or locality in the field.

### TableS3-Humm_loadings - PC1-PC3 PCA loadings for hummingbirds

### TableS4-Lenv_loadings - EPC1-EPC2 PCA loadings for light environments

### refcolC.txt: Reflectance database of 131 hummingbird species present in Colombia and used in this study
* Filename = File label
* Field_number = Museum voucher number or field capture number
* Species = Genus_species
* Sex = Males or Females
* M_F = indicates if specimen is from a Museum collection or Field capture
* Locality = indicates ..., , ","['conspicuousness', 'Trochilidae', 'color reflectance', 'irradiance', 'crypsis', 'Neotropics']",Data and code from: Sexual and ecological drivers of plumage conspicuousness in hummingbirds,,,,,"['Diego BeltrÃ¡n', 'Allison Shultz', 'Juan Luis Parra']"
sha256:2f425fdb68c72668505826297b7b9940a67df44dca1e9406b2e08948382df423,science-on-schema.org/Dataset;ld+json,2026-07-17T00:00:00Z,urn:node:BOREALIS,"This dataset contains de-identified gait skeleton data collected from individuals with lower-limb amputation during standardized mobility assessments. Human poses were extracted from RGB videos using AlphaPose and converted into 2D skeleton sequences. The dataset includes skeleton coordinates, gait labels, participant identifiers (de-identified), and associated clinical mobility assessment results used in the accompanying publication. All personal identifiers and original videos have been removed.","['computer vision', 'Medicine, Health and Life Sciences', 'Rehabilitation', 'Gait', 'gait analysis', 'skeleton data', 'Amputation', 'lower-limb amputation']",Limbkit: Gait Skeleton Dataset for Individuals with Lower-Limb Amputation,,,,,"['Liu, Weiping', 'Alkhudair, Mona', 'Wu, Jiawei', 'Simpson, Ethan', 'Hines, Deanna', 'Gripper, Tania', 'Erenstone, Jeff', 'Miller, William C.']"
doi:10.5063/F1NC5ZPK,https://eml.ecoinformatics.org/eml-2.2.0,2026-07-16T17:08:30.256Z,urn:node:KNB,"The Wildfire Resilience Index (WRI) is the first open-access, holistic index to quantify wildfire resilience across the North American West at fine spatial resolution. It integrates eight socio-ecological domains (Infrastructure, Communities, Livelihoods, Sense of Place, Species, Natural Habitats, Water, and Air Quality) into a single composite score ranging from 0 (low resilience) to 100 (high resilience). The Index is designed to inform wildfire preparedness, response, and recovery policy across communities and landscapes.","['wildfire resilience', 'wildfire index', 'western United States', 'Canada', 'socio-ecological systems', 'composite index', 'geospatial raster', 'COG', 'wildfire preparedness.']",Wildfire Resilience Index (WRI) - 2024 Snapshot,31.0,70.0,-168.0,-102.0,"['Caitlin Fong', 'Erika Egg', 'Mona Farnisa', 'Carlo Broderick', 'Joe DeCesaro', 'Rachel King', 'Benjamin Halpern']"
urn:uuid:1940175b-9553-4502-a140-72b66d2f4de7,https://eml.ecoinformatics.org/eml-2.2.0,2026-07-16T00:14:38.436Z,urn:node:KNB,"The Wildfire Resilience Index (WRI) is the first open-access, holistic index to quantify wildfire resilience across the North American West at fine spatial resolution. It integrates eight socio-ecological domains (Infrastructure, Communities, Livelihoods, Sense of Place, Species, Natural Habitats, Water, and Air Quality) into a single composite score ranging from 0 (low resilience) to 100 (high resilience). The Index is designed to inform wildfire preparedness, response, and recovery policy across communities and landscapes.","['wildfire resilience', 'wildfire index', 'western United States', 'Canada', 'socio-ecological systems', 'composite index', 'geospatial raster', 'COG', 'wildfire preparedness.']",Wildfire Resilience Index (WRI) - 2024 Snapshot,31.0,70.0,-168.0,-102.0,"['Caitlin Fong', 'Erika Egg', 'Mona Farnisa', 'Carlo Broderick', 'Joe DeCesaro', 'Rachel King', 'Benjamin Halpern']"
sha256:78b348d24bad17bf65728a960f4f93a23ee909f1e02f9aef95c55cac22ec90ed,science-on-schema.org/Dataset;ld+json,2026-07-16T00:00:00Z,urn:node:BOREALIS,"AbstractThis dataset was used to assess family-level beetle bycatch diversity in relation to forest stand conditions and forest fragmentation in red alder-dominated forests. Bycatch included all beetle individuals, except ambrosia beetles, captured in ethanol-baited Lindgren multiple-funnel traps at five forested sites in the Lower Mainland of British Columbia, Canada in 2024. Data collected include trap coordinates, plot coordinates, and measurements of stand conditions and fragmentation, and per-trap values of family richness, Shannon Diversity Index, and abundances of selected families that contained scolytine predators.","['Forest stand conditions', 'negative binomial regression', 'Funnel trap', 'Ethanol lure', 'saproxylic beetles', 'Shannon Diversity Index', 'Other', 'Simple Linear Regression', 'COM-Poisson Regression', 'Scolytine predators', 'forest fragmentation', 'Alnus rubra']",Data evaluating family-level beetle bycatch diversity in red alder ecosystems,,,,,"['Yim, Ting Ting Michelle', 'Zhou, Sichen', 'Wertman, Debra L.', 'Carroll, Allan L.']"
doi:10.5063/F1S46QFR,https://eml.ecoinformatics.org/eml-2.2.0,2026-07-15T20:44:00.794Z,urn:node:KNB,"The Wildfire Resilience Index (WRI) is the first open-access, holistic index to quantify wildfire resilience across the North American West at fine spatial resolution. It integrates eight socio-ecological domains (Infrastructure, Communities, Livelihoods, Sense of Place, Species, Natural Habitats, Water, and Air Quality) into a single composite score ranging from 0 (low resilience) to 100 (high resilience). The Index is designed to inform wildfire preparedness, response, and recovery policy across communities and landscapes.","['wildfire resilience', 'wildfire index', 'western United States', 'Canada', 'socio-ecological systems', 'composite index', 'geospatial raster', 'COG', 'wildfire preparedness.']",Wildfire Resilience Index (WRI) - 2024 Snapshot,31.0,70.0,-168.0,-102.0,"['Caitlin Fong', 'Carlo Broderick', 'Benjamin Halpern', 'Mona Farnisa', 'Erika Egg', 'Rachel King', 'Joe DeCesaro']"
sha256:ea1d28a9713978076555533ec0c259df570dfae86d13c5dc37a717804f3d185b,science-on-schema.org/Dataset;ld+json,2026-07-15T00:00:00Z,urn:node:BOREALIS,"Dairy heifers are often housed in confined environments that can limit the range of behaviors they can express. Previous studies have assessed the motivation of indoor-housed dairy cows for specific environmental resources, such as pasture or brushes, by comparing the weight animals are willing to push to access these resources relative to an empty space. However, little is known about how confined cattle value access to additional space itself. We assessed the use of, and motivation to access, additional space in dairy heifers housed in a freestall barn. Holstein heifers (n = 48; mean age: 7.1 ± 0.74 months; mean BW: 279.8 ± 32.57 kg) were housed in groups of 12 in pens (7 m x 12 m) containing 13 lying stalls, a waterer and 35 cm of feed bunk space per animal. Groups were given 3h/d access to an additional space adjacent to the home pen (23 × 2 m, sand-bedded), either available freely (i.e., with no restriction) or via a weighted gate phase (i.e., requiring heifers to push a progressively heavier weight). All heifers used the additional space when provided free access, but the number of animals entering the space declined when access was restricted via a weighted gate. Variation among groups and individuals was observed in both temporal use of the space and expressed motivation, with maximum weight pushed ranging from 1.5 to 22.5 kg. Heifers that pushed heavier weights spent less time in the space during free access. Additionally, heifers’ use of the additional space appeared to be influenced by the movements of herd mates. These findings indicate that dairy heifers housed in freestall barns are motivated to access additional space, highlighting the importance of housing that provides greater opportunities for movement and space use.","['Welfare', 'Agricultural Sciences', 'Dairy heifers']",Supplemental data for: “Don't fence me in”: indoor-housed dairy heifers are motivated to access additional space,,,,,"['Suchon, Malina', 'Kappel, Sarah', 'Weary, Daniel', 'von Keyserlingk, Marina AG']"
sha256:9133f5060f705c20632b7800baa2db000af71cad7ff6e9fcf12649e8ad2366b4,science-on-schema.org/Dataset;ld+json,2026-07-15T00:00:00Z,urn:node:BOREALIS,"The Tropical Eastern Pacific Marine Conservation Corridor (CMAR) was established in 2004 through the cooperation of Colombia, Costa Rica, Ecuador, and Panama with the objective of safeguarding the migratory routes of large pelagic species such as sharks, rays, turtles, and marine mammals. As climate change modifies marine ecosystems worldwide, recent ambitious conservation efforts in CMAR might be affected by climate-driven species range shifts towards the Humboldt current. Here, we aim to identify possible adaptation and management strategies to enhance the climate resilience of biodiversity and fisheries in ten marine protected areas (MPA) of the CMAR. We rely on scenario building and spatially-explicit integrated climate-fish-fisheries models to project the impacts of climate change on marine biomass of key marine species under different fisheries management and marine protection scenarios. Our results show that biomass in the CMAR region, and the effectiveness of MPAs in supporting biomass conservation, seafood production and sustainable tourism, are strongly impacted by higher-emission scenarios. Improving fisheries management and conservation could offset some of the impacts of climate change, especially if these are done in parallel. Adapting fisheries and MPA management plans within the CMAR to climate-driven range shifts, is essential to achieve their established conservation objectives. Improving our understanding of climate change impacts on marine biodiversity and biomass of key species of commercial importance can enhance the effectiveness of conservation and fishery management plans in building climate resilience of ecosystems in the region.","['eastern tropical pacific', 'conservation', 'Earth and Environmental Sciences', 'fisheries', 'climate change']",Replication Data for: Projected impacts of climate change to key species in the Marine Corridor of the Eastern Tropical Pacific (CMAR),,,,,"['Palacios Abrantes, Juliano', 'Tayler M. Clarke', 'Andrés Beita Jiménez', 'Raquel Romero Chaves', 'Fresia Villalobos-Rojas', 'Cristina Sánchez', 'César Viteri Mejía', 'Damián Martínez-Fernández', 'Nicolas Moity', 'Jorge Ramírez', 'William W.L. Cheung']"
sha256:1bdaa845f3caed27acdd5be8dafdcdb3b9289eb23039310ec2354a49a1e5c840,science-on-schema.org/Dataset;ld+json,2026-07-15T00:00:00Z,urn:node:BOREALIS,"This dataset contains the supplementary materials of the following study: As public expectations regarding animal welfare continue to evolve, companies are increasingly interested in ensuring that their products are aligned with these expectations, resulting in animal welfare emerging as a key priority within the food and beverage industry corporate social responsibility efforts. Our aim was to understand historic and future drivers of animal welfare policy and identify barriers to implementation within these industries. We interviewed employees responsible for the development and implementation of animal welfare policy for nine U.S. based, publicly traded food companies. Participants were consistent in their views regarding historic drivers, seeing these as reactive to external pressures to the extent that some measures might have been counterproductive to welfare. When asked to speculate on future drivers, participants referred to strategic decision making, considering a range of factors, including consumer purchasing behavior and the need to increase market share. The process of formulating policy was described as a balancing act, with participants acknowledging the role of science to inform policy as well as other priorities including food safety, consumer expectations, the health of the business and brand reputation. Key barriers external to the business included limited supply and consumer willingness to pay for products associated with higher welfare. Internal barriers included product type and category as well as governance, organizational responsibilities and support from senior leadership within the organization. The findings of this study provide insight into views within U.S. food companies and can help inform future animal welfare policy initiatives.","['Social Sciences', 'policy', 'Agricultural Sciences', 'animal welfare', 'corporate social responsibility', 'supply-chain']",Supplemental materials for: Barriers to implementation and execution of U.S. corporate farm animal welfare policy,,,,,"['Walker, Jennifer', 'Weary, Daniel M.', 'von Keyserlingk, Marina A.G.']"
10.24431_rw1k7d3_20260713T210828Z,http://www.isotc211.org/2005/gmd,2026-07-13T21:08:28.86Z,urn:node:RW,"This dataset is an 82-year time series of freshwater discharge estimates from Southeast and Southcentral Alaska from 1931-2013. These estimates were produced from computer model simulations of the hydrology of the GOA watershed using MicroMet, SnowModel, SoilBal, and HydroFlow. The model output is on a daily time step and has a spatial resolution along the coastline of 1 km. Model output is in self-describing netCDF format. The refined model incorporates new inputs from from glacial melting and river discharge in British Columbia and was tuned using hydrographic data from the GAK1 mooring station. The GAK1 mooring has produced a 46-year time series of temperature and salinity measurements at at 59° 50.7' N, 149° 28.0' W, located within the Alaska Coastal Current and connected with the inner Gulf of Alaska shelf circulation. The dataset has been updated to include discharge estimates through 2021 and has been archived as a text-based .dat file for years 1291-2013, and as annual netCDF and csv files for each year from summer 2013 through summer 2021. These results were generated with support from the Gulf Watch Alaska (GWA), Pelagic Component of the Exxon Valdez Oil Spill Trustee Council, project numbers 12120114-P-2013120114-P, and the Northern Gulf of Alaska Long-Term Ecological Research program supported by the National Science Foundation (OCE-1656070).","['runoff_flux', 'freshwater runoff', 'In Situ/Laboratory Instruments > Data Analysis > Environmental Modeling', 'EARTH SCIENCE SERVICES > MODELS > HYDROLOGIC AND TERRESTRIAL WATER CYCLE MODELS', 'modeling', 'stream discharge', 'hydrology', 'freshwater runoff', 'Disturbance Patterns', 'LTER Core Areas', 'lter-nga', 'Northern Gulf of Alaska Long Term Ecological Research', 'NGA LTER', 'LTER', 'NGA', 'Coastal Gulf of Alaska', 'coastal', 'Gulf of Alaska', 'oil spill', ""Exxon Valdez Oiil Spill Trusteess' Council"", 'Coastal Gulf of Alaska', 'coastal', 'Gulf of Alaska', 'OCEAN > PACIFIC OCEAN > NORTH PACIFIC OCEAN > GULF OF ALASKA', 'water year', 'daily']","Coastal freshwater discharge simulations of the Gulf of Alaska, 1931-2024",56.2819,60.8622,-156.8955,-122.7722,['David Hill']
sha256:44512bc0f76e201bc23b082a55dba358a14fc20134aa8051163d568e3cbfb59f,science-on-schema.org/Dataset;ld+json,2026-07-13T00:00:00Z,urn:node:BOREALIS,"The psychoactive component of cannabis, Δ9-tetrahydrocannabinol (THC), is known to alter cognitive-motor function; however, despite the high prevalence of cannabis use globally, the time course of the effects of ingesting THC is unclear. To allow future studies to accurately time their assessment of the impacts of cannabis on behaviour, this study aimed to establish a detailed time series of subjective intoxication and cognitive-motor performance following THC ingestion. Fifteen infrequent cannabis users (8 females; 29.4 ± 8.1 years) completed a testing battery before (baseline) and at 11 timepoints (0-6h) after ingesting two 5-mg THC capsules. Subjective drug effects and cardiovascular measures were recorded, and cognitive-motor function was measured via performance on simple reaction time, go/no-go reaction time, and Corsi block tapping tasks. Linear mixed-effects models were used to determine if subjective and objective measures changed during the time series. Compared to baseline, participants reported significant subjective drug effects 1-6h post-ingestion. Heart rate was elevated from 3-6h, whereas blood pressure was elevated at timepoints between 1-4h. Individuals demonstrated a robust increase of simple reaction time from 1-6h, reduced go/no-go accuracy between 1.5-6h, and impaired Corsi blocking tapping performance between 1-5h. Overall, the ideal window to test the cognitive-motor effects of cannabis intoxication appears at 3-4h post-THC ingestion, with a marked perception of feeling high between 2-5h.","['reaction time', 'perceived drug effects', 'cannabinoids', 'Medicine, Health and Life Sciences', 'heart rate', 'tetrahydrocannabinol', 'cannabis']",Data from: A six-hour time series of the acute effects of ingested cannabis intoxication on a battery of cognitive-motor tasks,,,,,"['Copeland, Paige', 'Malone, Quinn', 'Dalton, Brian', 'McNeil, Chris']"
urn:uuid:720ec481-9c5a-4b6e-afc4-374a105d44b0,https://eml.ecoinformatics.org/eml-2.2.0,2026-07-10T18:57:30.019Z,urn:node:KNB,"The Wildfire Resilience Index (WRI) is the first open-access, holistic index to quantify wildfire resilience across the North American West at fine spatial resolution. It integrates eight socio-ecological domains (Infrastructure, Communities, Livelihoods, Sense of Place, Species, Natural Habitats, Water, and Air Quality) into a single composite score ranging from 0 (low resilience) to 100 (high resilience). The Index is designed to inform wildfire preparedness, response, and recovery policy across communities and landscapes.","['wildfire resilience', 'wildfire index', 'western United States', 'Canada', 'socio-ecological systems', 'composite index', 'geospatial raster', 'COG', 'wildfire preparedness.']",Wildfire Resilience Index (WRI) - 2024 Snapshot,31.0,70.0,-168.0,-102.0,"['Caitlin Fong', 'Carlo Broderick', 'Benjamin Halpern', 'Mona Farnisa', 'Erika Egg', 'Rachel King', 'Joe DeCesaro']"
sha256:b3e28335e73ac921c01ace3752493227492c7577b6f290d5797faa9c1b6c741c,science-on-schema.org/Dataset;ld+json,2026-07-10T00:00:00Z,urn:node:HD,"Replication Files for “Dovish Defeat Across Issues and Time: The Pervasive Hawkish Bias in Congress\"" Manuscript ID FPA-25-Nov-0280.R1 Foreign Policy Analysis William Bendix and Gyung-Ho Jeong",['Social Sciences'],Replication Data for: Dovish Defeat Across Issues and Time: The Pervasive Hawkish Bias in Congress,,,,,"['Jeong, Gyung-Ho']"
sha256:0facaa0dc35d7de56274e8c39eb25149e7abe3037cc12d72625e3a1edf01169a,science-on-schema.org/Dataset;ld+json,2026-07-10T00:00:00Z,urn:node:BOREALIS,"A mixed-methods systematic review was conducted in May 2026 to understand the relationship between outdoor risky play and health-related outcomes in children aged 3 –12 years. This systematic review synthesized existing evidence on associations between children’s outdoor risky play and health outcomes. A systematic search of five electronic databases (SportDiscus, MEDLINE, PsychInfo, ERIC, and CINAHL) was initially conducted in December 2023 and updated three times (April 2024, March 2025, May 2026). 74 studies met the eligibility criteria for inclusion (48 quantitative; 19 qualitative; 7 mixed methods). This dataset contains all exported data from the included studies in this systematic review.","['Social Sciences', 'health outcomes', 'Wounds and Injuries', 'Medicine, Health and Life Sciences', 'Safety', 'outdoor play', 'Outcome Assessment, Health Care', 'Play and Playthings', 'independent mobility', 'risky play', 'Child Development', 'rough-and-tumble play', 'Pediatrics']",Systematic Review: Outdoor risky play and health-related outcomes in children aged 3 –12 years,,,,,"['Ramsden, Rachel', 'Brussoni, Mariana']"
sha256:5cdeaa6debb5649f725ed070fa4e934d76f017260081e03a04daf90e7b81ee5b,science-on-schema.org/Dataset;ld+json,2026-07-08T00:00:00Z,urn:node:HYDROSHARE,"Wetted channel networks expand and contract throughout the year. Direct observation of this process can be made by multiple intensive surveys of a catchment throughout the year. Godsey et al. (2014) suggest that the extent of the wetted channel network scales with discharge at the outlet by a power law (L = αQ^β). Using this relationship, we developed a framework to assess variability in the extent of wetted channels as a function of β and the variability in streamflow Q (Lapides et al., In Review, https://eartharxiv.org/mc6np/). This resource constitutes the empirical basis for that study, a comprehensive dataset compiled from literature including: 

1 - Channel length survey data (csv files)
2 - Discharge time series data (csv files)
3 - Watershed metadata (csv file)
4 - Blueline network files (pdf, png, and shp files)

This collection is comprehensive in that it includes all watersheds where at least three channel length surveys have been conducted and where a corresponding discharge time series dataset is available. The requirement of a minimum of three channel length surveys stems from the data requirements to find α and β for the power law relationship between discharge and stream network length for headwater catchments (Godsey et al., 2014). At present, data for 14 watersheds worldwide are included in the collection along with reference maps, watershed metadata, shapefiles and a composite of USGS blueline stream network imagery with terrain for watersheds of interest in the United States. Notably, this collection brings data from a variety of earth science agencies worldwide into a common, clearly labelled format. 

Methods used to process the datasets or create other assets in this collection are included in the abstracts or additional metadata for each of the four resources listed above. Python code used to process data, compute variables, and create graphics is available at: https://zenodo.org/record/4057320","['Elder Creek', 'wetted channel', 'Bull Creek', 'Providence Creek', 'reference maps', 'Upper Studibach', 'Erlenbach', 'discharge', 'Longterm hydrological observatory Alptal', 'Caspar Creek', 'Yellow Barn', 'FNW37', 'HB13', 'Sagehen Creek', 'Duke Forest', 'network hydraulic scaling', 'watershed metadata', 'time series', 'channel length survey', 'Pioneer Creek', 'CWT12', 'HB42']","Comprehensive network hydraulic scaling datasets and associated resources (discharge, channel length surveys, watershed metadata, blueline network shapefiles and reference images)",35.05,51.88,-123.73,8.73,"['Christine D Leclerc', 'Dana A Lapides', 'Hana Moidu', 'David N Dralle', 'W Jesse Hahm']"
sha256:245b40e6c3a264bbbf5b933a993fa753b31edf28b9fbb43019611eedd89c0cc9,science-on-schema.org/Dataset;ld+json,2026-07-08T00:00:00Z,urn:node:HYDROSHARE,"This resource contains 1) measurements from a spike and recovery and subsequent flushing experiment that were performed on a system at the corner of Pine and 8th streets in Vancouver, BC, Canada (see metadata) to investigate the fate and transport of 6PPD-Quinone through stormwater bioretention systems and 2) the version of the \""BioretentionBlues\"" model that was used to estimate fate of 6PPD-quinone. The current version of the model is available from https://github.com/tfmrodge/SubsurfaceSinks","['6PPD-quinone', 'tire wear particles', 'Green infrastructure', 'spike test', 'stormwater', 'salmon', 'modeling', 'Low impact development', 'bioretention']",Data for: Bioretention cells provide a tenfold reduction in 6PPD-quinone mass loadings to receiving waters: Evidence from a field experiment and modeling,,,,,"['Timothy Rodgers', 'Yanru Wang', 'Cassandra Humes', 'Matthew Jeronimo', 'Cassandra Johannessen', 'Sylvie Spraakman', 'Amanda Giang', 'Rachel C. Scholes']"
sha256:a6312ecd5b2ef25838445955e8f420aa395f4443bde0081592c8a9ea2560baae,science-on-schema.org/Dataset;ld+json,2026-07-08T00:00:00Z,urn:node:HYDROSHARE,"This resource contains 1) measurements from a spike and recovery and subsequent flushing experiment that were performed on a system at the corner of Pine and 8th streets in Vancouver, BC, Canada (see metadata) to investigate the fate and transport of 6PPD-Quinone through stormwater bioretention systems and 2) the version of the \""BioretentionBlues\"" model that was used to estimate fate of 6PPD-quinone. The current version of the model is available from https://github.com/tfmrodge/SubsurfaceSinks","['Green infrastructure', 'stormwater', 'bioretention', 'modeling', 'salmon', 'tire wear particles', 'spike test', 'Low impact development', '6PPD-quinone']",Data for: Bioretention cells provide a tenfold reduction in 6PPD-quinone mass loadings to receiving waters: Evidence from a field experiment and modeling,,,,,"['Timothy Rodgers', 'Yanru Wang', 'Cassandra Humes', 'Matthew Jeronimo', 'Cassandra Johannessen', 'Sylvie Spraakman', 'Amanda Giang', 'Rachel C. Scholes']"
doi:10.18739/A2NP1WM5K,https://eml.ecoinformatics.org/eml-2.2.0,2026-07-07T20:58:35.024Z,urn:node:ARCTIC,"This spatial vector dataset delineates generalized geographies for bioclimatic zones and vegetation regions referenced in the U.S. National Vegetation Classification (USNVC) across Alaska and adjacent Canada. The geographies defined by this dataset provide a link between the non-spatial USNVC and maps that represent the distributions of USNVC types. Bioclimatic zones summarize major environmental drivers of ecological variation at a subcontinental scale (corresponding to macrogroups and coarser types in the USNVC), while vegetation regions summarize major biogeographic patterns at a regional scale (corresponding to macrogroups and finer types).  To create these generalized boundaries, we reconciled two previously published biome maps: the Circumarctic Vegetation Map (CAVM) and the Alaska-Yukon Region of the Circumboreal Vegetation Map (CBVM). Integrating the CAVM and CBVM maximizes the compatibility of the Alaska Vegetation (AKVEG) Map and the USNVC with biome-wide mapping efforts organized through the Conservation of Arctic Flora and Fauna (CAFF). Because the original boundary between the CAVM and CBVM contained gaps and overlaps, we manually revised the Arctic-boreal boundary based on the northern and western limits of white spruce (Picea glauca) and black spruce (Picea mariana), identified using v1.0 AKVEG foliar cover maps combined with inspections of the Alaska High-Resolution Imagery (AHRI) 2020 composite. We solicited expert feedback through the Alaska Vegetation Working Group over a one (1) year period from April 2024 through April 2025. Subsequently, we manually adjusted the mapped boundaries and attributes to account for expert feedback and integrate the temperate and northern subpolar oceanic bioclimatic zones. All adjustments targeted a 1:24,000 map scale.  This dataset delineates four bioclimatic zones (Arctic, boreal, northern subpolar oceanic, and temperate), which are further subdivided into ten vegetation regions. In addition to supporting vegetation classification and mapping, we anticipate that these data could be used by researchers and land managers to: 1) organize scientific research and field study designs across ecologically diverse landscapes; 2) identify and contextualize macro-ecological drivers associated with specific environmental, climatic, or biological research questions; and 3) serve as a standardized geographic basis to summarize and report the results of statistical and ecological analyses that span multiple regions or zones.","['Terrestrial Ecosystems', 'Vegetation', 'Macroclimate', 'Landscape Patterns', 'AKVEG', 'USNVC']","Bioclimatic zones and vegetation regions of Alaska and adjacent Canada for U.S. National Vegetation Classification, 2025-2026",51.138397,71.47919,-180.0,-129.0615,"['Timm Nawrocki', 'Lindsey Flagstad', 'Aaron Wells', 'Gerald Frost', 'Torre Jorgenson', 'Matthew Macander', 'Tina Boucher']"
sha256:f071cccd202ed65d183404a8e1d9e3e3c689a08301f7e0cb324261b28b8c95a0,science-on-schema.org/Dataset;ld+json,2026-07-07T00:00:00Z,urn:node:HYDROSHARE,"*** Please see new addendum for updated fSi_diss ***
This resource contains accompanying stream water chemistry data (major cations, anions, DOC, Silicon, Germanium, and Silicon stable isotopes) presented in \""Resiliency of silica export signatures when low order streams are subject to storm events\"" by Fernandez et al. The datasets represent seven storm events from six different catchments across the US, Canada, and France as part of an international cross-CZO collaboration supported through SAVI (Science Across Virtual Institutes).  

Files are provided in \"".csv\"" format and are organized both with respect to individual sites (listed below) and as bulk metadata (designated 'AllSites' ).

CZO sites and storm events investigated for this study (site specific csv file name identifier is provided inside the brackets [ ] ):
[LaJara] - La Jara Creek, Jemez CZO (New Mexico, USA) - March to Late May 2017 snowmelt event
[ProvidenceCreekP303] - Providence Creek Subcatchment P303, Southern Sierra CZO (California, USA) - January 2018 rain event
[ElderCreek] - Elder Creek, Eel River CZO (California, USA) - January 2017 rain event
[Sapine ] - Sapine Creek, OZCAR (Mont Lozère, FRA) - October 2016 rain event and long term monthly sampling from 2013-2015 
[QuiockCreek] - Quiock Creek, OZCAR (Basse-Terre, Guadeloupe, FRA) - October 2015 rain event
[KwakshuaWatershed708] - Kwakshua Watershed 708, Hakai Institute (Calvert Island, British Columbia, CAN) - two rain events, September and October 2017

Site-specific lithology and associated chemical compositions used in calculations for fSi (proxy for fraction of Si remaining in solution) are provided in 'bedrock_compositions.xlsx'. Refer to the manuscript for further details.","['kwakshua watershed 708', 'magnesium', 'chloride', 'eel river watershed', 'Ge/Si ratios', 'critical zone', 'hakai institute', 'dissolved organic carbon', 'silicon stable isotopes', 'sulfate', 'potassium', 'calcium', 'silicon', 'quiock creek', 'runoff (mm/day)', 'mont lozère', 'basse-terre', 'france', 'jemez river basin', 'guadeloupe', 'sapine creek', 'discharge (m3/s)', 'storm events', 'calvert island', 'ozcar', 'sodium', 'providence creek subcatchment p303']","Cross-CZO storm-event stream water silicon stable isotope - discharge datasets from manuscript (USA, France, Canada)",15.7676,51.8019,-128.2517,4.0107,"['Nicole Fernandez', 'Julien Bouchez', 'Louis Derry', 'Jon Chorover', 'Jérôme Gaillardet', 'Ian Giesbrecht', 'David Fries', 'Jennifer Druhan']"
sha256:77268dc19fe5e3efdbddd84236b032941eb08e68ac9c2e756f360eab9757f2f9,science-on-schema.org/Dataset;ld+json,2026-07-06T19:50:58Z,urn:node:DRYAD,"Information on the density and distribution of wide-ranging cetaceans is difficult to obtain but essential for assessing population status, evaluating risk from anthropogenic threats, and informing spatial management. In Canadian Pacific waters, several cetacean populations are recovering from historical depletion, yet recent patterns of habitat use and range expansion remain poorly documented, particularly in offshore areas. In summer 2018, we conducted systematic ship-based surveys throughout the coastal and offshore waters of British Columbia. Density surface modelling was used to produce spatially-explicit density estimates for four commonly encountered species: humpback whale, fin whale, Dall's porpoise, and Pacific harbour porpoise. Our results provide the first coast-wide quantification of cetacean habitat use in Canadian Pacific waters and highlight areas of apparent reoccupation by recovering populations. Densities of fin whales and Dall's porpoises were highest in offshore wat..., , # Coastal and offshore patterns of rorqual and porpoise densities in Canadian Pacific waters

Dataset DOI: [10.5061/dryad.cvdncjtgr](10.5061/dryad.cvdncjtgr)

## Description of the data and file structure

Cetacean sightings and effort data were collected from ship platforms using established distance sampling techniques in the Canadian Pacific during the summer of 2018. Those data are contained in the file PRISMM_Sightings_CorrectedPositions.txt, and the associated R code PRISMM_DSM_code_21-Aug-2025.R can be used to fit models of whale abundance per survey segment, and perform predictions of density across spatial grids for each of three survey strata.

Detection functions were generated for four species (humpback whale, fin whale, Dall's porpoise and harbour porpoise) to describe the probability of detection by observers relative to the perpendicular distance of the animal(s) from the survey platform, and accounting for the impact of various detectability covariates. Those detection f..., , ","['Canadian Pacific', 'porpoise', 'Density Surface Modelling', 'rorqual', 'distribution']",Coastal and offshore patterns of rorqual and porpoise densities in Canadian Pacific waters,,,,,"['Brianna Wright', 'Linda Nichol', 'Thomas Doniol-Valcroze']"
sha256:7b77864bcfb38341e8954cfebc9296f73ccece3c84263715826d614662f293f0,science-on-schema.org/Dataset;ld+json,2026-07-06T00:00:00Z,urn:node:BOREALIS,"This catalog was compiled as a portion of a Masters thesis concentrated on the sensory environments created and maintained by two Neo-Assyrian kings, Sennacherib and Ashurbanipal. The catalog draws inscriptions from RINAP 3 and RINAP 5 with reference to gardens, game parks, orchards, groves, marshes, fields, and plant destruction and collection. Each text entry includes the Oracc ID (Q-ID), the RINAP citation, inscription/prism name (if applicable), the material/object on which the text is found, ecological keywords in the normalized form, the text transliteration, the English translation, ecological category, additional notes, and notes of the physical location of the scene.","['Arts and Humanities', 'RINAP 3', 'Ashurbanipal', 'Landscape', 'Neo-Assyria', 'RINAP 5', 'Archaeology', 'Sennacherib']",Catalog of Landscape and Environment Scenes in the Royal Inscriptions of Sennacherib (704-681 BCE) and Ashurbanipal (668-631 BCE),,,,,"['Gastineau, Lauren']"
sha256:9d3174e728cfcb0517f49a63bb06b8e5407732fc353f4b26e4ed0bba38e16929,science-on-schema.org/Dataset;ld+json,2026-07-06T00:00:00Z,urn:node:BOREALIS,"We introduce the BCFireCube, a harmonized datacube compiled to support wildfire research in British Columbia. Previous works have produced vital spatial data describing British Columbia's wildfires, ecology, geography, and social development. However, inconsistent data formatting, limited resource availability, and poor data interoperability hinder research. The BCFireCube addresses this barrier by modifying and harmonizing spatial data produced by the Government of British Columbia, Natural Resources Canada, and Statistics Canada. We provide spatial, ecological, and social data about wildfires from 1917 to 2025, in addition to 21 congruent raster layers and 3 vector files which contextualize British Columbia's wildfire regime. The BCFireCube has a wide range of potential applications in wildfire science, wildfire economics, political ecology, and environmental risk modelling.","['Earth and Environmental Sciences', 'Agricultural Sciences', 'Forestry', 'fire', 'British Columbia', 'Earth Sciences', 'wildfire', 'NetCDF', 'Social Sciences', 'GeoPackage', 'CSV']","The BCFireCube, Harmonized Spatial Data for Wildfire Research in British Columbia",,,,,"['Williams, Zane', 'Baylis, Patrick']"
urn:uuid:61e191c5-9791-4c78-ad37-b45b02a4132f,https://eml.ecoinformatics.org/eml-2.2.0,2026-07-02T23:50:31.288Z,urn:node:KNB,"The Wildfire Resilience Index (WRI) is the first open-access, holistic index to quantify wildfire resilience across the North American West at fine spatial resolution. It integrates eight socio-ecological domains (Infrastructure, Communities, Livelihoods, Sense of Place, Species, Natural Habitats, Water, and Air Quality) into a single composite score ranging from 0 (low resilience) to 100 (high resilience). The Index is designed to inform wildfire preparedness, response, and recovery policy across communities and landscapes.","['wildfire resilience', 'wildfire index', 'western United States', 'Canada', 'socio-ecological systems', 'composite index', 'geospatial raster', 'COG', 'wildfire preparedness.']",Wildfire Resilience Index (WRI) - 2024 Snapshot,31.0,70.0,-168.0,-102.0,"['Caitlin Fong', 'Carlo Broderick', 'Benjamin Halpern', 'Mona Farnisa', 'Erika Egg', 'Rachel King', 'Joe DeCesaro']"
urn:uuid:26310c2b-fb23-4181-8668-df9f56975f14,https://eml.ecoinformatics.org/eml-2.2.0,2026-07-02T23:13:14.544Z,urn:node:KNB,"The Wildfire Resilience Index (WRI) is the first open-access, holistic index to quantify wildfire resilience across the North American West at fine spatial resolution. It integrates eight socio-ecological domains (Infrastructure, Communities, Livelihoods, Sense of Place, Species, Natural Habitats, Water, and Air Quality) into a single composite score ranging from 0 (low resilience) to 100 (high resilience). The Index is designed to inform wildfire preparedness, response, and recovery policy across communities and landscapes.","['wildfire resilience', 'wildfire index', 'western United States', 'Canada', 'socio-ecological systems', 'composite index', 'geospatial raster', 'COG', 'wildfire preparedness.']",Wildfire Resilience Index (WRI) - 2024 Snapshot,31.0,70.0,-168.0,-102.0,"['Caitlin Fong', 'Carlo Broderick', 'Benjamin Halpern', 'Mona Farnisa', 'Erika Egg', 'Rachel King', 'Joe DeCesaro']"
ess-dive-6269f157183d70c-20260702T213229759,https://eml.ecoinformatics.org/eml-2.2.0,2026-07-02T21:32:30.715Z,urn:node:ESS_DIVE,"The WHONDRS Summer 2019 Sampling (S19S) Campaign collected samples in 97 globally distributed river corridor systems between July and September 2019. Surficial streambed sediments were collected at three locations within each site (upstream, midstream, and downstream). Surface water was collected at the downstream site. This dataset includes a portion of the data types produced from the sediment samples and does not include any results from the surface water. Surface water data can be found at https://data.ess-dive.lbl.gov/view/doi:10.15485/1603775. The S19S campaign was designed with the science community to ask questions associated with links among core/transient metabolomes, microbial metabolism, biogeochemical function, and physical properties of watershed and river corridor systems. This data package was originally published in December 2020. It was updated in April 2021 (v2; modified files), May 2022 (v3; new and modified files),  November 2022 (v4; new and modified files), January 2023 (v5 and v6; new and modified files), February 2023 (v7; new and modified files), August 2023 (v8; new and modified files), July 2025 (v9; new and modified files), and June 2026 (v10; new and modified files). Version 10 includes major restructuring of the files and their formats. See the change history in the readme for details. In addition to a readme, this data package also includes a file-level metadata (FLMD) file that describes each file and a data dictionary (DD) that describes all column/row headers and variable definitions. This dataset contains (1) readme, (2) data dictionary, (3) file level metadata, (4) sampling protocol, (5) a data checks report, (6) field metadata, (7) international generic sample number (IGSN) mapping file, (8) joint genome institute (JGI) mapping file, (9) a folder of site photos, and (10) a folder of sample data. The sample data folder contains (1) dissolved organic carbon (DOC, measured as non-purgeable organic carbon, NPOC) and FTICR methods; (2) respiration rates and normalized respiration rates calculated from laboratory sediment incubations, (3) X-ray fluorescence (XRF) elemental composition, (4) grain size distribution from the < 2 millimeter fraction of sediment, (5) total organic carbon and total nitrogen content, (6) bacterial abundance flow cytometry data, (7) sediment stable isotopes (C and N), (8) laboratory methods, (9) water and sediment mass and volume used in incubations, (10) a folder with code, inputs, and plots for the respiration rates, (11) a folder containing XRF data, (12) a folder containing unaligned, peak-picked high resolution characterization of dissolved organic matter from sediment via 12 Tesla Fourier transform ion cyclotron resonance mass spectrometry (FTICR-MS) through the Environmental Molecular Sciences Laboratory (EMSL; https://www.pnnl.gov/environmental-molecular-sciences-laboratory), (12) and a folder containing processed FTICR-MS data. All files are .msa, .txt, .spx, .xml, .csv, .pdf, .txt, .jpg, or .jpeg.","['WHONDRS', 'Watershed', 'River corridor', 'Hydrology', 'Biogeochemistry', 'Hyporheic zone', 'Hydrologic exchange', 'River', 'Stream', 'Carbon', 'FTICR', 'Metabolite', 'Metabolomics', 'Mass spectrometry', 'Catchment', 'Respiration', 'Freshwater', 'Flow cytometry', 'ESS-DIVE File Level Metadata Reporting Format', 'ESS-DIVE CSV File Formatting Guidelines Reporting Format', 'ESS-DIVE Sample ID and Metadata Reporting Format', 'related identifiers', 'ESS-DIVE Water-Soil-Sediment Chemistry Reporting Format', 'EARTH SCIENCE > TERRESTRIAL HYDROSPHERE > SURFACE WATER', 'FTICR-MS', 'Aerobic respiration rate', 'NPOC', 'Non-purgeable organic carbon', 'Elemental abundance', 'Grain size', 'Bacterial abundance', '15N', '13C', 'EARTH SCIENCE > TERRESTRIAL HYDROSPHERE > WATER QUALITY/WATER CHEMISTRY > ISOTOPES > STABLE ISOTOPES']","WHONDRS Summer 2019 Sampling Campaign: Global River Corridor Sediment FTICR-MS, Dissolved Organic Carbon, Aerobic Respiration, Elemental Composition, Grain Size, Total Nitrogen and Organic Carbon Content, Bacterial Abundance, and Stable Isotopes (v10)",49.3864,49.3864,-121.4506,-121.4506,"['Amy E Goldman', 'Shai Arnon', 'Edo Bar-Zeev', 'Rosalie K Chu', 'Robert E Danczak', 'Rebecca A Daly', 'Dillman Delgado', 'Sarah Fansler', 'Brieanne Forbes', 'Vanessa A Garayburu-Caruso', 'Emily B Graham', 'Maggi Laan', 'Marcy L McCall', 'Sophia McKever', 'Kaizad F Patel', 'Huiying Ren', 'Lupita Renteria', 'Charles T Resch', 'Kenton A Rod', 'Malak Tfaily', 'Nikola Tolic', 'Joshua M Torgeson', 'Jason G Toyoda', 'Jacqueline Wells', 'Kelly C Wrighton', 'James C Stegen', 'The WHONDRS Consortium']"
ess-dive-6269f157183d70c-20260702T212227736,https://eml.ecoinformatics.org/eml-2.2.0,2026-07-02T21:22:28.858Z,urn:node:ESS_DIVE,"The WHONDRS Summer 2019 Sampling (S19S) Campaign collected samples in 97 globally distributed river corridor systems between July and September 2019. Surficial streambed sediments were collected at three locations within each site (upstream, midstream, and downstream). Surface water was collected at the downstream site. This dataset includes a portion of the data types produced from the sediment samples and does not include any results from the surface water. Surface water data can be found at https://data.ess-dive.lbl.gov/view/doi:10.15485/1603775. The S19S campaign was designed with the science community to ask questions associated with links among core/transient metabolomes, microbial metabolism, biogeochemical function, and physical properties of watershed and river corridor systems. This data package was originally published in December 2020. It was updated in April 2021 (v2; modified files), May 2022 (v3; new and modified files),  November 2022 (v4; new and modified files), January 2023 (v5 and v6; new and modified files), February 2023 (v7; new and modified files), August 2023 (v8; new and modified files), July 2025 (v9; new and modified files), and June 2026 (v10; new and modified files). Version 10 includes major restructuring of the files and their formats. See the change history in the readme for details. In addition to a readme, this data package also includes a file-level metadata (FLMD) file that describes each file and a data dictionary (DD) that describes all column/row headers and variable definitions. This dataset contains (1) readme, (2) data dictionary, (3) file level metadata, (4) sampling protocol, (5) a data checks report, (6) field metadata, (7) international generic sample number (IGSN) mapping file, (8) joint genome institute (JGI) mapping file, (9) a folder of site photos, and (10) a folder of sample data. The sample data folder contains (1) dissolved organic carbon (DOC, measured as non-purgeable organic carbon, NPOC) and FTICR methods; (2) respiration rates and normalized respiration rates calculated from laboratory sediment incubations, (3) X-ray fluorescence (XRF) elemental composition, (4) grain size distribution from the < 2 millimeter fraction of sediment, (5) total organic carbon and total nitrogen content, (6) bacterial abundance flow cytometry data, (7) sediment stable isotopes (C and N), (8) laboratory methods, (9) water and sediment mass and volume used in incubations, (10) a folder with code, inputs, and plots for the respiration rates, (11) a folder containing XRF data, (12) a folder containing unaligned, peak-picked high resolution characterization of dissolved organic matter from sediment via 12 Tesla Fourier transform ion cyclotron resonance mass spectrometry (FTICR-MS) through the Environmental Molecular Sciences Laboratory (EMSL; https://www.pnnl.gov/environmental-molecular-sciences-laboratory), (12) and a folder containing processed FTICR-MS data. All files are .msa, .txt, .spx, .xml, .csv, .pdf, .txt, .jpg, or .jpeg.","['WHONDRS', 'Watershed', 'River corridor', 'Hydrology', 'Biogeochemistry', 'Hyporheic zone', 'Hydrologic exchange', 'River', 'Stream', 'Carbon', 'FTICR', 'Metabolite', 'Metabolomics', 'Mass spectrometry', 'Catchment', 'Respiration', 'Freshwater', 'Flow cytometry', 'ESS-DIVE File Level Metadata Reporting Format', 'ESS-DIVE CSV File Formatting Guidelines Reporting Format', 'ESS-DIVE Sample ID and Metadata Reporting Format', 'related identifiers', 'ESS-DIVE Water-Soil-Sediment Chemistry Reporting Format', 'EARTH SCIENCE > TERRESTRIAL HYDROSPHERE > SURFACE WATER', 'FTICR-MS', 'Aerobic respiration rate', 'NPOC', 'Non-purgeable organic carbon', 'Elemental abundance', 'Grain size', 'Bacterial abundance', '15N', '13C', 'EARTH SCIENCE > TERRESTRIAL HYDROSPHERE > WATER QUALITY/WATER CHEMISTRY > ISOTOPES > STABLE ISOTOPES']","WHONDRS Summer 2019 Sampling Campaign: Global River Corridor Sediment FTICR-MS, Dissolved Organic Carbon, Aerobic Respiration, Elemental Composition, Grain Size, Total Nitrogen and Organic Carbon Content, Bacterial Abundance, and Stable Isotopes (v10)",49.3864,49.3864,-121.4506,-121.4506,"['Amy E Goldman', 'Shai Arnon', 'Edo Bar-Zeev', 'Rosalie K Chu', 'Robert E Danczak', 'Rebecca A Daly', 'Dillman Delgado', 'Sarah Fansler', 'Brieanne Forbes', 'Vanessa A Garayburu-Caruso', 'Emily B Graham', 'Maggi Laan', 'Marcy L McCall', 'Sophia McKever', 'Kaizad F Patel', 'Huiying Ren', 'Lupita Renteria', 'Charles T Resch', 'Kenton A Rod', 'Malak Tfaily', 'Nikola Tolic', 'Joshua M Torgeson', 'Jason G Toyoda', 'Jacqueline Wells', 'Kelly C Wrighton', 'James C Stegen', 'The WHONDRS Consortium']"
urn:uuid:476eb125-34ef-4217-bc59-fcc2721c9cdd,https://eml.ecoinformatics.org/eml-2.2.0,2026-07-02T20:40:09.133Z,urn:node:KNB,"The Wildfire Resilience Index (WRI) is the first open-access, holistic index to quantify wildfire resilience across the North American West at fine spatial resolution. It integrates eight socio-ecological domains (Infrastructure, Communities, Livelihoods, Sense of Place, Species, Natural Habitats, Water, and Air Quality) into a single composite score ranging from 0 (low resilience) to 100 (high resilience). The Index is designed to inform wildfire preparedness, response, and recovery policy across communities and landscapes.","['wildfire resilience', 'wildfire index', 'western United States', 'Canada', 'socio-ecological systems', 'composite index', 'geospatial raster', 'COG', 'wildfire preparedness.']",Wildfire Resilience Index (WRI) - 2024 Snapshot,31.0,70.0,-168.0,-102.0,"['Caitlin Fong', 'Carlo Broderick', 'Benjamin Halpern', 'Mona Farnisa', 'Erika Egg', 'Rachel King', 'Joe DeCesaro']"
sha256:6108ea78580107ffa0745268599a2fe834db6db938635fd6f0c89c46a6057322,science-on-schema.org/Dataset;ld+json,2026-07-02T00:00:00Z,urn:node:BOREALIS,"This dataset contains records of insects, mostly pollinators, across UBC Botanical Garden from surveys conducted from April to July of 2025. Insects were collected, identified, pinned and labeled by either Elizabeth Elle (SFU), Grace Gooding (UBC Botanical Garden), and Tiia Haapalainen (SFU). Data archiving was conducted by Adriana Lopez-Villalobos, Grace Gooding and Mina Lander (UBC Botanical Garden). This dataset supports ecological research and habitat monitoring, specifically pollinator diversity and abundance.","['Biodiversity', 'Botanical Garden', 'Entomological surveys', 'Earth and Environmental Sciences', 'Insects', 'Pollinators']",UBC Botanical Garden Pollinator Surveys Summer 2025 (April-July),,,,,"['Elizabeth Elle', 'Grace Gooding', 'Adriana Lopez-Villalobos']"
sha256:f9c586d6a6240e5c5745745e7dd6c3bae6f14cba1a859ef22b0dc126652ea7e8,science-on-schema.org/Dataset;ld+json,2026-07-02T00:00:00Z,urn:node:BOREALIS,"This dataset contains monitoring records of pollinators across UBC Botanical Garden from summer 2025 (April - July). Pollinators were collected and identified by either Elizabeth Elle (SFU) and Grace Gooding (UBC Botanical Garden), with more identification support from Tiia Haapalainen. Data archiving was conducted by Adriana Lopez-Villalobos, Grace Gooding and Mina Lander (UBC Botanical Garden). This dataset supports ecological research and habitat monitoring, specifically pollinator biodiversity and abundance.","['Pollinator Surveys', 'Biodiversity Surveys', 'Earth and Environmental Sciences']",UBC Botanical Garden Pollinator Surveys Summer 2025 (April-July),,,,,"['Elizabeth Elle', 'Grace Gooding', 'Adriana Lopez-Villalobos']"
sha256:e39272b0f58604c49dd0f72ba2146b4398b66213356c2f623d4c9fb0da22a2ea,science-on-schema.org/Dataset;ld+json,2026-07-02T00:00:00Z,urn:node:BOREALIS,"This dataset contains long-term monthly monitoring birding records at the UBC Botanical Garden from 2017 to 2026. Observations are specified to garden area. Surveys coordinated by Bev Ramey (Nature Vancouver) and Tara Moreau (UBC Botanical Gardens), data curation and archiving by Adriana Lopez Villalobos, Grace Gooding, and Mina Lander (UBC Botanical Garden). The dataset contains 10476 rows and 17 columns and was standardized and collated from monthly spreadsheets into one comprehensive dataset. A secondary dataset containing additional notes regarding surveys is also included. This dataset supports ecological research and habitat monitoring.","['ebird', 'Volunteer surveys', 'Earth and Environmental Sciences', 'Landbird surveys', 'Community Science', 'Bird Surveys']","UBC Botanical Garden Nature Vancouver, Long-term Monthly Bird Monitoring Records (2017-2026)",,,,,"['Bev Ramey', 'Tara Moreau', 'Adriana Lopez-Villalobos']"
sha256:590589406dbaa04bc8fb6cfbc761927ef08fc7210ccf636e47db40252f1b5f9f,science-on-schema.org/Dataset;ld+json,2026-07-02T00:00:00Z,urn:node:BOREALIS,"AbstractThis dataset contains original phenotypic trait data for individual seedlings from a common garden experiment of western larch with two drought treatments and a control. The data includes height growth, bud flush and bud set dates, canopy loss, and fluorescence values collected during the 2021 & 2022 growing season.","['Quantitative genetics', 'Phenology', 'Drought', 'assisted migration', 'local adaptation', 'Other']",Data from: Outpaced by drought: weak local adaptation and limited potential for drought adaptation in a deciduous conifer,,,,,"['Roskilly, Beth', 'Henry, Martin', 'Lind, Brandon', 'Aitken, Sally']"
sha256:4dcde453f2c93590088b9471f7867eb6ca629b4002937cdad3907ba9ded3a87a,science-on-schema.org/Dataset;ld+json,2026-07-02T00:00:00Z,urn:node:BOREALIS,"Visuomotor adaptation is an essential part of motor development required for acquiring and refining motor skills. It has been shown that children as young as five can adapt to small visual rotations as well as adults. However, changes in kinematic and temporal properties during different stages of visuomotor adaptation have not been thoroughly characterized in children. In the current study, adults and 6- to 11-year-old children moved a cursor to a target using a mouse. Visual feedback of the cursor location was rotated during adaptation, requiring the participants to adjust their movement to reach the target on time. While all ages showed similar patterns of adaptation to the cursor rotation, as measured by the initial direction angle, children took significantly longer to reach the target compared to adults. Younger children (6-8 years) were also less likely than both older children (9-11 years) and adults to reach the target on time. An efficiency score combining movement time and accuracy showed that younger children were less efficient than older children and adults during the initial adaptation stage but increased their efficiency when re-adapting to the same rotation in a later stage. These results suggest that control of movement and movement speed are important aspects of visuomotor adaptation that are still maturing in childhood.","['Visual Motor Coordination', 'Medicine, Health and Life Sciences', 'Psychology, Developmental', 'Visuomotor Adaptation', 'Hand Movement', 'Visuomotor Development', 'Adaptation, Psychological']",Speed and Accuracy of Movement During Visuomotor Adaptation Are Still Developing in School-age Children,,,,,"['Cook, Alexander', 'Giaschi, Deborah', 'Im, Hee Yeon']"
ess-dive-6269f157183d70c-20260630T193745322,https://eml.ecoinformatics.org/eml-2.2.0,2026-06-30T19:37:46.211Z,urn:node:ESS_DIVE,"NOTE: The ""In_Review"" zip folder is undergoing ESS-DIVE review and should not be used. Once it is approved, it will be available as v10 of the data package for regular use and metadata will be updated to reflect changes. The WHONDRS Summer 2019 Sampling (S19S) Campaign collected samples in 97 globally distributed river corridor systems between July and September 2019. Surficial streambed sediments were collected at three locations within each site (upstream, midstream, and downstream). Surface water was collected at the downstream site. This dataset includes a portion of the data types produced from the sediment samples and does not include any results from the surface water. Surface water data can be found at https://data.ess-dive.lbl.gov/view/doi:10.15485/1603775. The S19S campaign was designed with the science community to ask questions associated with links among core/transient metabolomes, microbial metabolism, biogeochemical function, and physical properties of watershed and river corridor systems. This data package was originally published in December 2020. It was updated in April 2021 (v2; modified files), May 2022 (v3; new and modified files),  November 2022 (v4; new and modified files), January 2023 (v5 and v6; new and modified files), February 2023 (v7; new and modified files), August 2023 (v8; new and modified files), and July 2025 (new and modified files). See the change history section in the readme for details. This dataset contains (1) high resolution characterization of dissolved organic matter from sediment via 12 Tesla Fourier transform ion cyclotron resonance mass spectrometry (FTICR-MS) through the Environmental Molecular Sciences Laboratory (EMSL; https://www.pnnl.gov/environmental-molecular-sciences-laboratory); (2) dissolved organic carbon (DOC, measured as non-purgeable organic carbon, NPOC); (3) respiration rates and normalized respiration rates calculated from laboratory sediment incubations; (4) X-ray fluorescence (XRF) elemental composition; (5) grain size distribution from the < 2 millimeter fraction of sediment; (6) total organic carbon and total nitrogen content; (7) bacterial abundance flow cytometry data; (8) sediment stable isotopes (C and N); (9) site photos; (10) field and laboratory methods metadata, including international generic sample number (IGSN) mapping file; (11) file-level metadata (flmd); (12) data dictionary (dd); and (13) water and sediment mass and volume used in incubations. The FTICR-MS files are .xml, and the data package includes instructions for using Formularity (https://omics.pnl.gov/software/formularity) and an R script to process the data based on the user’s specific needs. The XRF data includes .msa, .txt, and .spx files. All other data files are .csv, .pdf, .txt, .jpg, or .jpeg. CORRECTION: Carbon and nitrogen content are reported as percentages. The current column headers ""01395_C_percent_per_mg"" and ""01397_N_percent_per_mg"" are incorrect. These should read ""01395_C_percent"" and ""01397_N_percent"" and will be corrected in the next version of this data package.","['WHONDRS', 'Watershed', 'River corridor', 'Hydrology', 'Biogeochemistry', 'Hyporheic zone', 'Hydrologic exchange', 'River', 'Stream', 'Carbon', 'FTICR', 'Metabolite', 'Metabolomics', 'Mass spectrometry', 'Catchment', 'Respiration', 'Freshwater', 'Flow cytometry', 'ESS-DIVE File Level Metadata Reporting Format', 'ESS-DIVE CSV File Formatting Guidelines Reporting Format', 'ESS-DIVE Sample ID and Metadata Reporting Format', 'related identifiers', 'ESS-DIVE Water-Soil-Sediment Chemistry Reporting Format', 'EARTH SCIENCE > TERRESTRIAL HYDROSPHERE > SURFACE WATER', 'FTICR-MS', 'Aerobic respiration rate', 'NPOC', 'Non-purgeable organic carbon', 'Elemental abundance', 'Grain size', 'Bacterial abundance', '15N', '13C', 'EARTH SCIENCE > TERRESTRIAL HYDROSPHERE > WATER QUALITY/WATER CHEMISTRY > ISOTOPES > STABLE ISOTOPES']","WHONDRS Summer 2019 Sampling Campaign: Global River Corridor Sediment FTICR-MS, Dissolved Organic Carbon, Aerobic Respiration, Elemental Composition, Grain Size, Total Nitrogen and Organic Carbon Content, Bacterial Abundance, and Stable Isotopes (v9)",49.3864,49.3864,-121.4506,-121.4506,"['Amy E Goldman', 'Shai Arnon', 'Edo Bar-Zeev', 'Rosalie K Chu', 'Robert E Danczak', 'Rebecca A Daly', 'Dillman Delgado', 'Sarah Fansler', 'Brieanne Forbes', 'Vanessa A Garayburu-Caruso', 'Emily B Graham', 'Maggi Laan', 'Marcy L McCall', 'Sophia McKever', 'Kaizad F Patel', 'Huiying Ren', 'Lupita Renteria', 'Charles T Resch', 'Kenton A Rod', 'Malak Tfaily', 'Nikola Tolic', 'Joshua M Torgeson', 'Jason G Toyoda', 'Jacqueline Wells', 'Kelly C Wrighton', 'James C Stegen', 'The WHONDRS Consortium']"
10.24431_rw1k7d3_20260626T233022Z,http://www.isotc211.org/2005/gmd,2026-06-26T23:30:22.645Z,urn:node:RW,"This dataset is an 82-year time series of freshwater discharge estimates from Southeast and Southcentral Alaska from 1931-2013. These estimates were produced from computer model simulations of the hydrology of the GOA watershed using MicroMet, SnowModel, SoilBal, and HydroFlow. The model output is on a daily time step and has a spatial resolution along the coastline of 1 km. Model output is in self-describing netCDF format. The refined model incorporates new inputs from from glacial melting and river discharge in British Columbia and was tuned using hydrographic data from the GAK1 mooring station. The GAK1 mooring has produced a 46-year time series of temperature and salinity measurements at at 59° 50.7' N, 149° 28.0' W, located within the Alaska Coastal Current and connected with the inner Gulf of Alaska shelf circulation. The dataset has been updated to include discharge estimates through 2021 and has been archived as a text-based .dat file for years 1291-2013, and as annual netCDF and csv files for each year from summer 2013 through summer 2021. These results were generated with support from the Gulf Watch Alaska (GWA), Pelagic Component of the Exxon Valdez Oil Spill Trustee Council, project numbers 12120114-P-2013120114-P, and the Northern Gulf of Alaska Long-Term Ecological Research program supported by the National Science Foundation (OCE-1656070).","['runoff_flux', 'freshwater runoff', 'In Situ/Laboratory Instruments > Data Analysis > Environmental Modeling', 'EARTH SCIENCE SERVICES > MODELS > HYDROLOGIC AND TERRESTRIAL WATER CYCLE MODELS', 'modeling', 'stream discharge', 'hydrology', 'freshwater runoff', 'Disturbance Patterns', 'LTER Core Areas', 'lter-nga', 'Northern Gulf of Alaska Long Term Ecological Research', 'NGA LTER', 'LTER', 'NGA', 'Coastal Gulf of Alaska', 'coastal', 'Gulf of Alaska', 'oil spill', ""Exxon Valdez Oiil Spill Trusteess' Council"", 'Coastal Gulf of Alaska', 'coastal', 'Gulf of Alaska', 'OCEAN > PACIFIC OCEAN > NORTH PACIFIC OCEAN > GULF OF ALASKA', 'water year', 'daily']","Coastal freshwater discharge simulations of the Gulf of Alaska, 1931-2021",56.2819,60.8622,-156.8955,-122.7722,['David Hill']
urn:uuid:b8b59f86-097d-41cf-a5d2-a71f33cc97f8,https://eml.ecoinformatics.org/eml-2.2.0,2026-06-26T22:38:03.235Z,urn:node:KNB,"The Wildfire Resilience Index (WRI) is the first open-access, holistic index to quantify wildfire resilience across the North American West at fine spatial resolution. It integrates eight socio-ecological domains (Infrastructure, Communities, Livelihoods, Sense of Place, Species, Natural Habitats, Water, and Air Quality) into a single composite score ranging from 0 (low resilience) to 100 (high resilience). The Index is designed to inform wildfire preparedness, response, and recovery policy across communities and landscapes.","['wildfire resilience', 'wildfire index', 'western United States', 'Canada', 'socio-ecological systems', 'composite index', 'geospatial raster', 'COG', 'wildfire preparedness.']",Wildfire Resilience Index (WRI) - 2024 Snapshot,31.0,70.0,-168.0,-102.0,"['Caitlin Fong', 'Carlo Broderick', 'Benjamin Halpern', 'Mona Farnisa', 'Erika Egg', 'Rachel King', 'Joe DeCesaro']"
sha256:d3644481c5d0e5ef6c06b1c8027c90ab97e78f89a3c9321070e134528062bd69,science-on-schema.org/Dataset;ld+json,2026-06-26T00:56:31Z,urn:node:DRYAD,"This dataset contains original phenotypic trait data for individual seedlings from a common garden experiment of western larch with two drought treatments and a control. The data includes height growth, bud flush and bud set dates, canopy loss, and fluorescence values collected during the 2021 &amp; 2022 growing season.
, , # Data from: Outpaced by drought: weak local adaptation and limited potential for drought adaptation in a deciduous conifer

Dataset DOI: [10.5061/dryad.w3r22817g](https://doi.org/10.5061/dryad.w3r22817g)

## Description of the data and file structure

This dataset contains original phenotypic trait data for individual seedlings from a common garden experiment of western larch with two drought treatments and a control. The data includes height growth, bud flush and bud set dates, canopy loss, and fluorescence values collected during the 2021 & 2022 growing season. Please see the manuscript by Roskilly et al. (2026) for details on how trait data was collected. Geographic coordinates and source climates for natural populations can be found in Table S1.Â 

### Files and variables

#### File: wl_height_growth_2021_all.csv

**Description:**Â height measurements taken on all seedlings during the 2021 growing season

##### Variables

* seedlot:Â identification number used for each seedlot represe..., , ","['local adaptation', 'assisted migration', 'Quantitative genetics', 'Drought', 'Phenology']",Outpaced by drought: weak local adaptation and limited potential for drought adaptation in a deciduous conifer,,,,,"['Beth Roskilly', 'Martin Henry', 'Brandon Lind', 'Sally Aitken']"
urn:uuid:8940ea10-2846-42bf-af12-d18ebcee0092,https://eml.ecoinformatics.org/eml-2.2.0,2026-06-26T00:27:31.315Z,urn:node:KNB,"The Wildfire Resilience Index (WRI) is the first open-access, holistic index to quantify wildfire resilience across the North American West at fine spatial resolution. It integrates eight socio-ecological domains (Infrastructure, Communities, Livelihoods, Sense of Place, Species, Natural Habitats, Water, and Air Quality) into a single composite score ranging from 0 (low resilience) to 100 (high resilience). The Index is designed to inform wildfire preparedness, response, and recovery policy across communities and landscapes.","['wildfire resilience', 'wildfire index', 'western United States', 'Canada', 'socio-ecological systems', 'composite index', 'geospatial raster', 'COG', 'wildfire preparedness.']",Wildfire Resilience Index (WRI) - 2024 Snapshot,31.0,70.0,-168.0,-102.0,"['Caitlin Fong', 'Carlo Broderick', 'Benjamin Halpern', 'Mona Farnisa', 'Erika Egg', 'Rachel King', 'Joe DeCesaro']"
doi:10.6085/AA/marine_ltm.1.4,https://eml.ecoinformatics.org/eml-2.2.0,2026-06-25T22:44:18.174Z,urn:node:PISCO,"Long-Term Monitoring and Biodiversity Surveys done by the Multi-Agency Rocky Intertidal Network (MARINe) occur throughout the year at sites ranging from Southeast Alaska to Mexico. Long Term Monitoring surveys assess within-site community change over time, while Biodiversity surveys were designed to capture among-site patterns of community structure (abundance and spatial distribution of species). In combination, the long-term, targeted species approach and the biodiversity surveys provide a wealth of information about the structure and dynamics of rocky intertidal communities along the Pacific Coast of North America.  This metadata record documents the Photo Plot and Transect Survey data for MARINe Long-Term Monitoring surveys. Photo Plots are used to monitor percent cover of organisms within target species assemblages. Plots are established for a given species assemblage if overall cover at a site is sufficient for monitoring. Transects are used to monitor percent cover of surfgrass, kelps, and other algae.  Please note that species of concern have been removed from all public datasets, as well as data from sites funded by the National Park Service (NPS) and the United States Navy. For a comprehensive dataset, please contact the data set owner(s). For more information about the data described in this metadata record, please visit pacificrockyintertidal.org.  The long-term California MPA boundary and project info tables referenced in this dataset can be found as a separate dataset here: https://opc.dataone.org/view/doi:10.25494/P6V884","['Ocean', 'Intertidal Processes', 'Intertidal Zone', 'Marine Biology', 'Marine Invertebrates', 'Marine Plants', 'Marine Habitat', 'Biosphere', 'Aquatic Habitats', 'Coastal Habitat', 'Community Survey Data', 'Intertidal Data', 'Intertidal Community Survey Data', 'Intertidal Community Structure Data', 'PISCO intertidal', 'Baseline MPA monitoring', 'Long-term MPA monitoring', 'Marine Protected Area (MPA)', 'Biological data', 'Central Coast', 'North Central Coast', 'North Coast', 'South Coast', 'Multi-Agency Rocky Intertidal Network (MARINe)', 'Partnership for Interdisciplinary Studies of Coastal Oceans (PISCO)', 'Algae', 'Invertebrates', 'PISCO', 'MARINe', 'Temperate Rocky Reef', 'Rocky Intertidal', 'Percent Cover', 'Diversity', 'Abundance', 'Density', 'Invertebrate', 'Alaska', 'Washington', 'Oregon', 'California', 'Pacific West Coast']",MARINe/PISCO: Intertidal: MARINe Long-Term Monitoring Surveys: Photo Plots and Transects Raw,57.0487,57.0487,-135.32314,-135.32314,"['Multi-Agency Rocky Intertidal Network (MARINe)', 'Partnership for Interdisciplinary Studies of Coastal Oceans (PISCO)', 'Hakai Institute', 'Pete Raimondi', 'Richard Ambrose', 'Jack Engle', 'Jennifer Burnaford', 'Jayson Smith', 'Jenn Caselle', 'Jenny Waddell', 'Megan Dethier', 'Darren Fong', 'Ben Becker', 'Steven Fradkin', 'Heath Bohlmann', 'Melissa Miner', 'Jessica Curran', 'Lauren Pandori', 'Stephen Whitaker', 'Jan Roletto']"
ess-dive-6269f157183d70c-20260625T191015801,https://eml.ecoinformatics.org/eml-2.2.0,2026-06-25T19:10:17.236Z,urn:node:ESS_DIVE,"NOTE: The ""In_Review"" zip folder is undergoing ESS-DIVE review and should not be used. Once it is approved, it will be available as v10 of the data package for regular use and metadata will be updated to reflect changes. The WHONDRS Summer 2019 Sampling (S19S) Campaign collected samples in 97 globally distributed river corridor systems between July and September 2019. Surficial streambed sediments were collected at three locations within each site (upstream, midstream, and downstream). Surface water was collected at the downstream site. This dataset includes a portion of the data types produced from the sediment samples and does not include any results from the surface water. Surface water data can be found at https://data.ess-dive.lbl.gov/view/doi:10.15485/1603775. The S19S campaign was designed with the science community to ask questions associated with links among core/transient metabolomes, microbial metabolism, biogeochemical function, and physical properties of watershed and river corridor systems. This data package was originally published in December 2020. It was updated in April 2021 (v2; modified files), May 2022 (v3; new and modified files),  November 2022 (v4; new and modified files), January 2023 (v5 and v6; new and modified files), February 2023 (v7; new and modified files), August 2023 (v8; new and modified files), and July 2025 (new and modified files). See the change history section in the readme for details. This dataset contains (1) high resolution characterization of dissolved organic matter from sediment via 12 Tesla Fourier transform ion cyclotron resonance mass spectrometry (FTICR-MS) through the Environmental Molecular Sciences Laboratory (EMSL; https://www.pnnl.gov/environmental-molecular-sciences-laboratory); (2) dissolved organic carbon (DOC, measured as non-purgeable organic carbon, NPOC); (3) respiration rates and normalized respiration rates calculated from laboratory sediment incubations; (4) X-ray fluorescence (XRF) elemental composition; (5) grain size distribution from the < 2 millimeter fraction of sediment; (6) total organic carbon and total nitrogen content; (7) bacterial abundance flow cytometry data; (8) sediment stable isotopes (C and N); (9) site photos; (10) field and laboratory methods metadata, including international generic sample number (IGSN) mapping file; (11) file-level metadata (flmd); (12) data dictionary (dd); and (13) water and sediment mass and volume used in incubations. The FTICR-MS files are .xml, and the data package includes instructions for using Formularity (https://omics.pnl.gov/software/formularity) and an R script to process the data based on the user’s specific needs. The XRF data includes .msa, .txt, and .spx files. All other data files are .csv, .pdf, .txt, .jpg, or .jpeg. CORRECTION: Carbon and nitrogen content are reported as percentages. The current column headers ""01395_C_percent_per_mg"" and ""01397_N_percent_per_mg"" are incorrect. These should read ""01395_C_percent"" and ""01397_N_percent"" and will be corrected in the next version of this data package.","['WHONDRS', 'Watershed', 'River corridor', 'Hydrology', 'Biogeochemistry', 'Hyporheic zone', 'Hydrologic exchange', 'River', 'Stream', 'Carbon', 'FTICR', 'Metabolite', 'Metabolomics', 'Mass spectrometry', 'Catchment', 'Respiration', 'Freshwater', 'Flow cytometry', 'ESS-DIVE File Level Metadata Reporting Format', 'ESS-DIVE CSV File Formatting Guidelines Reporting Format', 'ESS-DIVE Sample ID and Metadata Reporting Format', 'related identifiers', 'ESS-DIVE Water-Soil-Sediment Chemistry Reporting Format', 'EARTH SCIENCE > TERRESTRIAL HYDROSPHERE > SURFACE WATER', 'FTICR-MS', 'Aerobic respiration rate', 'NPOC', 'Non-purgeable organic carbon', 'Elemental abundance', 'Grain size', 'Bacterial abundance', '15N', '13C', 'EARTH SCIENCE > TERRESTRIAL HYDROSPHERE > WATER QUALITY/WATER CHEMISTRY > ISOTOPES > STABLE ISOTOPES']","WHONDRS Summer 2019 Sampling Campaign: Global River Corridor Sediment FTICR-MS, Dissolved Organic Carbon, Aerobic Respiration, Elemental Composition, Grain Size, Total Nitrogen and Organic Carbon Content, Bacterial Abundance, and Stable Isotopes (v9)",49.3864,49.3864,-121.4506,-121.4506,"['Amy E Goldman', 'Shai Arnon', 'Edo Bar-Zeev', 'Rosalie K Chu', 'Robert E Danczak', 'Rebecca A Daly', 'Dillman Delgado', 'Sarah Fansler', 'Brieanne Forbes', 'Vanessa A Garayburu-Caruso', 'Emily B Graham', 'Maggi Laan', 'Marcy L McCall', 'Sophia McKever', 'Kaizad F Patel', 'Huiying Ren', 'Lupita Renteria', 'Charles T Resch', 'Kenton A Rod', 'Malak Tfaily', 'Nikola Tolic', 'Joshua M Torgeson', 'Jason G Toyoda', 'Jacqueline Wells', 'Kelly C Wrighton', 'James C Stegen', 'The WHONDRS Consortium']"
doi:10.6085/AA/marine_ltm.12.17,https://eml.ecoinformatics.org/eml-2.2.0,2026-06-25T03:36:35.847Z,urn:node:PISCO,"Long-Term Monitoring and Biodiversity Surveys done by the Multi-Agency Rocky Intertidal Network (MARINe) occur throughout the year at sites ranging from Southeast Alaska to Mexico. Long Term Monitoring surveys assess within-site community change over time, while Biodiversity surveys were designed to capture among-site patterns of community structure (abundance and spatial distribution of species). In combination, the long-term, targeted species approach and the biodiversity surveys provide a wealth of information about the structure and dynamics of rocky intertidal communities along the Pacific Coast of North America.  This metadata record documents the Photo Plot and Transect Survey data for MARINe Long-Term Monitoring surveys. Photo Plots are used to monitor percent cover of organisms within target species assemblages. Plots are established for a given species assemblage if overall cover at a site is sufficient for monitoring. Transects are used to monitor percent cover of surfgrass, kelps, and other algae.  Please note that species of concern have been removed from all public datasets, as well as data from sites funded by the National Park Service (NPS) and the United States Navy. For a comprehensive dataset, please contact the data set owner(s). For more information about the data described in this metadata record, please visit pacificrockyintertidal.org.  The long-term California MPA boundary and project info tables referenced in this dataset can be found as a separate dataset here: https://opc.dataone.org/view/doi:10.25494/P6V884","['Ocean', 'Intertidal Processes', 'Intertidal Zone', 'Marine Biology', 'Marine Invertebrates', 'Marine Plants', 'Marine Habitat', 'Biosphere', 'Aquatic Habitats', 'Coastal Habitat', 'Community Survey Data', 'Intertidal Data', 'Intertidal Community Survey Data', 'Intertidal Community Structure Data', 'PISCO intertidal', 'Baseline MPA monitoring', 'Long-term MPA monitoring', 'Marine Protected Area (MPA)', 'Biological data', 'Central Coast', 'North Central Coast', 'North Coast', 'South Coast', 'Multi-Agency Rocky Intertidal Network (MARINe)', 'Partnership for Interdisciplinary Studies of Coastal Oceans (PISCO)', 'Algae', 'Invertebrates', 'PISCO', 'MARINe', 'Temperate Rocky Reef', 'Rocky Intertidal', 'Percent Cover', 'Diversity', 'Abundance', 'Density', 'Invertebrate', 'Alaska', 'Washington', 'Oregon', 'California', 'Pacific West Coast']",MARINe/PISCO: Intertidal: MARINe Long-Term Monitoring Surveys: Photo Plots and Transects Summarized,57.0487,57.0487,-135.32314,-135.32314,"['Multi-Agency Rocky Intertidal Network (MARINe)', 'Partnership for Interdisciplinary Studies of Coastal Oceans (PISCO)', 'Hakai Institute', 'Pete Raimondi', 'Richard Ambrose', 'Jack Engle', 'Jennifer Burnaford', 'Jayson Smith', 'Jenn Caselle', 'Jenny Waddell', 'Megan Dethier', 'Darren Fong', 'Ben Becker', 'Steven Fradkin', 'Heath Bohlmann', 'Melissa Miner', 'Jessica Curran', 'Lauren Pandori', 'Stephen Whitaker', 'Jan Roletto']"
doi:10.6085/AA/marine_ltm.4.16,https://eml.ecoinformatics.org/eml-2.2.0,2026-06-25T03:33:10.093Z,urn:node:PISCO,"Long-Term Monitoring and Biodiversity Surveys done by the Multi-Agency Rocky Intertidal Network (MARINe) occur throughout the year at sites ranging from Southeast Alaska to Mexico. Long Term Monitoring surveys assess within-site community change over time, while Biodiversity surveys were designed to capture among-site patterns of community structure (abundance and spatial distribution of species). In combination, the long-term, targeted species approach and the biodiversity surveys provide a wealth of information about the structure and dynamics of rocky intertidal communities along the Pacific Coast of North America.  This metadata record documents the Sea Star and Katharina Survey data for MARINe Long-Term Monitoring surveys. Sea Star and Katharina surveys are done by recording the number of a specific organism found in a permanent plot at a given site.  Please note that species of concern have been removed from all public datasets, as well as data from sites funded by the National Park Service (NPS) and the United States Navy. For a comprehensive dataset, please contact the data set owner(s). For more information about the data described in this metadata record, please visit pacificrockyintertidal.org.  The long-term California MPA boundary and project info tables referenced in this dataset can be found as a separate dataset here: https://opc.dataone.org/view/doi:10.25494/P6V884","['Ocean', 'Intertidal Processes', 'Intertidal Zone', 'Marine Biology', 'Marine Invertebrates', 'Marine Plants', 'Marine Habitat', 'Biosphere', 'Aquatic Habitats', 'Coastal Habitat', 'Community Survey Data', 'Intertidal Data', 'Intertidal Community Survey Data', 'Intertidal Community Structure Data', 'PISCO intertidal', 'Baseline MPA monitoring', 'Long-term MPA monitoring', 'Marine Protected Area (MPA)', 'Biological data', 'Central Coast', 'North Central Coast', 'North Coast', 'South Coast', 'Multi-Agency Rocky Intertidal Network (MARINe)', 'Partnership for Interdisciplinary Studies of Coastal Oceans (PISCO)', 'Algae', 'Invertebrates', 'PISCO', 'MARINe', 'Temperate Rocky Reef', 'Rocky Intertidal', 'Percent Cover', 'Diversity', 'Abundance', 'Density', 'Invertebrate', 'Alaska', 'Washington', 'Oregon', 'California', 'Pacific West Coast']",MARINe/PISCO: Intertidal: MARINe Long-Term Monitoring Surveys: Sea Stars and Katharina,57.0487,57.0487,-135.32314,-135.32314,"['Multi-Agency Rocky Intertidal Network (MARINe)', 'Partnership for Interdisciplinary Studies of Coastal Oceans (PISCO)', 'Hakai Institute', 'Pete Raimondi', 'Richard Ambrose', 'Jack Engle', 'Jennifer Burnaford', 'Jayson Smith', 'Jenn Caselle', 'Jenny Waddell', 'Megan Dethier', 'Darren Fong', 'Ben Becker', 'Steven Fradkin', 'Heath Bohlmann', 'Melissa Miner', 'Jessica Curran', 'Lauren Pandori', 'Stephen Whitaker', 'Jan Roletto']"
doi:10.6085/AA/marine_ltm.4.15,https://eml.ecoinformatics.org/eml-2.2.0,2026-06-24T05:08:52.802Z,urn:node:PISCO,"Long-Term Monitoring and Biodiversity Surveys done by the Multi-Agency Rocky Intertidal Network (MARINe) occur throughout the year at sites ranging from Southeast Alaska to Mexico. Long Term Monitoring surveys assess within-site community change over time, while Biodiversity surveys were designed to capture among-site patterns of community structure (abundance and spatial distribution of species). In combination, the long-term, targeted species approach and the biodiversity surveys provide a wealth of information about the structure and dynamics of rocky intertidal communities along the Pacific Coast of North America.  This metadata record documents the Sea Star and Katharina Survey data for MARINe Long-Term Monitoring surveys. Sea Star and Katharina surveys are done by recording the number of a specific organism found in a permanent plot at a given site.  Please note that species of concern have been removed from all public datasets, as well as data from sites funded by the National Park Service (NPS) and the United States Navy. For a comprehensive dataset, please contact the data set owner(s). For more information about the data described in this metadata record, please visit pacificrockyintertidal.org.  The long-term California MPA boundary and project info tables referenced in this dataset can be found as a separate dataset here: https://opc.dataone.org/view/doi:10.25494/P6V884","['Ocean', 'Intertidal Processes', 'Intertidal Zone', 'Marine Biology', 'Marine Invertebrates', 'Marine Plants', 'Marine Habitat', 'Biosphere', 'Aquatic Habitats', 'Coastal Habitat', 'Community Survey Data', 'Intertidal Data', 'Intertidal Community Survey Data', 'Intertidal Community Structure Data', 'PISCO intertidal', 'Baseline MPA monitoring', 'Long-term MPA monitoring', 'Marine Protected Area (MPA)', 'Biological data', 'Central Coast', 'North Central Coast', 'North Coast', 'South Coast', 'Multi-Agency Rocky Intertidal Network (MARINe)', 'Partnership for Interdisciplinary Studies of Coastal Oceans (PISCO)', 'Algae', 'Invertebrates', 'PISCO', 'MARINe', 'Temperate Rocky Reef', 'Rocky Intertidal', 'Percent Cover', 'Diversity', 'Abundance', 'Density', 'Invertebrate', 'Alaska', 'Washington', 'Oregon', 'California', 'Pacific West Coast']",MARINe/PISCO: Intertidal: MARINe Long-Term Monitoring Surveys: Sea Stars and Katharina,57.0487,57.0487,-135.32314,-135.32314,"['Multi-Agency Rocky Intertidal Network (MARINe)', 'Partnership for Interdisciplinary Studies of Coastal Oceans (PISCO)', 'Pete Raimondi', 'Richard Ambrose', 'Jack Engle', 'Jennifer Burnaford', 'Jayson Smith', 'Jenn Caselle', 'Jenny Waddell', 'Megan Dethier', 'Darren Fong', 'Ben Becker', 'Steven Fradkin', 'Heath Bohlmann', 'Melissa Miner', 'Jessica Curran', 'Lauren Pandori', 'Stephen Whitaker', 'Jan Roletto']"
doi:10.6085/AA/marine_ltm.12.16,https://eml.ecoinformatics.org/eml-2.2.0,2026-06-24T04:49:15.847Z,urn:node:PISCO,"Long-Term Monitoring and Biodiversity Surveys done by the Multi-Agency Rocky Intertidal Network (MARINe) occur throughout the year at sites ranging from Southeast Alaska to Mexico. Long Term Monitoring surveys assess within-site community change over time, while Biodiversity surveys were designed to capture among-site patterns of community structure (abundance and spatial distribution of species). In combination, the long-term, targeted species approach and the biodiversity surveys provide a wealth of information about the structure and dynamics of rocky intertidal communities along the Pacific Coast of North America.  This metadata record documents the Photo Plot and Transect Survey data for MARINe Long-Term Monitoring surveys. Photo Plots are used to monitor percent cover of organisms within target species assemblages. Plots are established for a given species assemblage if overall cover at a site is sufficient for monitoring. Transects are used to monitor percent cover of surfgrass, kelps, and other algae.  Please note that species of concern have been removed from all public datasets, as well as data from sites funded by the National Park Service (NPS) and the United States Navy. For a comprehensive dataset, please contact the data set owner(s). For more information about the data described in this metadata record, please visit pacificrockyintertidal.org.  The long-term California MPA boundary and project info tables referenced in this dataset can be found as a separate dataset here: https://opc.dataone.org/view/doi:10.25494/P6V884","['Ocean', 'Intertidal Processes', 'Intertidal Zone', 'Marine Biology', 'Marine Invertebrates', 'Marine Plants', 'Marine Habitat', 'Biosphere', 'Aquatic Habitats', 'Coastal Habitat', 'Community Survey Data', 'Intertidal Data', 'Intertidal Community Survey Data', 'Intertidal Community Structure Data', 'PISCO intertidal', 'Baseline MPA monitoring', 'Long-term MPA monitoring', 'Marine Protected Area (MPA)', 'Biological data', 'Central Coast', 'North Central Coast', 'North Coast', 'South Coast', 'Multi-Agency Rocky Intertidal Network (MARINe)', 'Partnership for Interdisciplinary Studies of Coastal Oceans (PISCO)', 'Algae', 'Invertebrates', 'PISCO', 'MARINe', 'Temperate Rocky Reef', 'Rocky Intertidal', 'Percent Cover', 'Diversity', 'Abundance', 'Density', 'Invertebrate', 'Alaska', 'Washington', 'Oregon', 'California', 'Pacific West Coast']",MARINe/PISCO: Intertidal: MARINe Long-Term Monitoring Surveys: Photo Plots and Transects Summarized,57.0487,57.0487,-135.32314,-135.32314,"['Multi-Agency Rocky Intertidal Network (MARINe)', 'Partnership for Interdisciplinary Studies of Coastal Oceans (PISCO)', 'Pete Raimondi', 'Richard Ambrose', 'Jack Engle', 'Jennifer Burnaford', 'Jayson Smith', 'Jenn Caselle', 'Jenny Waddell', 'Megan Dethier', 'Darren Fong', 'Ben Becker', 'Steven Fradkin', 'Heath Bohlmann', 'Melissa Miner', 'Jessica Curran', 'Lauren Pandori', 'Stephen Whitaker', 'Jan Roletto']"
doi:10.6085/AA/marine_cbs.11.14,https://eml.ecoinformatics.org/eml-2.2.0,2026-06-23T16:24:14.427Z,urn:node:PISCO,"Long-Term Monitoring and Biodiversity Surveys done by the Multi-Agency Rocky Intertidal Network (MARINe) occur throughout the year at sites ranging from Southeast Alaska to Mexico. Long Term Monitoring surveys assess within-site community change over time, while Biodiversity surveys were designed to capture among-site patterns of community structure (abundance and spatial distribution of species). In combination, the long-term, targeted species approach and the biodiversity surveys provide a wealth of information about the structure and dynamics of rocky intertidal communities along the Pacific Coast of North America.  This metadata record documents the Swath surveys for the MARINe Biodiversity Surveys. Biodiversity surveys are comprised of four components, all sampled along the same transects: (1) point contact estimates of intertidal cover and substrate characteristics, (2) swath transects to estimate the density of seastars and abalone, (3) quadrat sampling to estimate the density of mobile invertebrates, and (4) topography (elevation relative to mean low low water (mllw)). Selected sites are resampled on a 3-5 year cycle. A site is defined as a contiguous rocky bench of at least 30m. Swath sampling consists of recording the number of seastars and abalone on eleven 2m wide transects of variable length extending from the upper intertidal to the low intertidal.  Please note that species of concern have been removed from all public datasets, as well as data from some sites funded by the National Park Service (NPS) and the United States Navy. For a comprehensive dataset, please contact the data set owner(s). For more information about the data described in this metadata record, please visit pacificrockyintertidal.org.  The long-term California MPA boundary and project info tables referenced in this dataset can be found as a separate dataset here: https://opc.dataone.org/view/doi:10.25494/P6V884","['Ocean', 'Intertidal Processes', 'Intertidal Zone', 'Marine Biology', 'Marine Invertebrates', 'Marine Plants', 'Marine Habitat', 'Biosphere', 'Aquatic Habitats', 'Coastal Habitat', 'Baseline MPA monitoring', 'Long-term MPA monitoring', 'Marine Protected Area (MPA)', 'Biological data', 'Central Coast', 'North Central Coast', 'North Coast', 'South Coast', 'Multi-Agency Rocky Intertidal Network (MARINe)', 'Partnership for Interdisciplinary Studies of Coastal Oceans (PISCO)', 'Algae', 'Invertebrates', 'Community Survey Data', 'Intertidal Data', 'Intertidal Community Survey Data', 'Intertidal Coastal Biodiversity Survey', 'SWAT Survey', 'PISCO', 'Temperate Rocky Reef', 'Intertidal', 'Swath Survey', 'Density', 'Mobile Invertebrate', 'Seastar', 'Abalone', 'Alaska', 'British Columbia', 'Canada', 'Washington', 'Oregon', 'California', 'Baja California', 'Mexico', 'Sonora']",MARINe/PISCO: Intertidal: MARINe Coastal Biodiversity Surveys: Swath Surveys Summarized,58.27082,58.27082,-136.73148,-136.73148,"['Multi-Agency Rocky Intertidal Network (MARINe)', 'Partnership for Interdisciplinary Studies of Coastal Oceans (PISCO)', 'Hakai Institute', 'Pete Raimondi']"
doi:10.6085/AA/marine_cbs.9.9,https://eml.ecoinformatics.org/eml-2.2.0,2026-06-23T03:06:43.505Z,urn:node:PISCO,"Long-Term Monitoring and Biodiversity Surveys done by the Multi-Agency Rocky Intertidal Network (MARINe) occur throughout the year at sites ranging from Southeast Alaska to Mexico. Long Term Monitoring surveys assess within-site community change over time, while Biodiversity surveys were designed to capture among-site patterns of community structure (abundance and spatial distribution of species). In combination, the long-term, targeted species approach and the biodiversity surveys provide a wealth of information about the structure and dynamics of rocky intertidal communities along the Pacific Coast of North America.  This metadata record documents the Quadrat surveys for the MARINe Biodiversity Surveys. Biodiversity surveys are comprised of four components, all sampled along the same transects: (1) point contact estimates of intertidal cover and substrate characteristics, (2) swath transects to estimate the density of seastars and abalone, (3) quadrat sampling to estimate the density of mobile invertebrates, and (4) topography (elevation relative to mean low low water (mllw)). Selected sites are resampled on a 3-5 year cycle. A site is defined as a contiguous rocky bench of at least 30m. Quadrat sampling consists of recording the number of mobile invertebrate species within thirty-three 0.5m x 0.5m quadrats placed along 11 transects of variable length extending from the upper intertidal to the low intertidal.  Please note that species of concern have been removed from all public datasets, as well as data from some sites funded by the National Park Service (NPS) and the United States Navy. For a comprehensive dataset, please contact the data set owner(s). For more information about the data described in this metadata record, please visit pacificrockyintertidal.org.  The long-term California MPA boundary and project info tables referenced in this dataset can be found as a separate dataset here: https://opc.dataone.org/view/doi:10.25494/P6V884","['Ocean', 'Intertidal Processes', 'Intertidal Zone', 'Marine Biology', 'Marine Invertebrates', 'Marine Plants', 'Marine Habitat', 'Biosphere', 'Aquatic Habitats', 'Coastal Habitat', 'Community Survey Data', 'Intertidal Data', 'Intertidal Community Survey Data', 'Intertidal Coastal Biodiversity Survey', 'SWAT Survey', 'Baseline MPA monitoring', 'Long-term MPA monitoring', 'Marine Protected Area (MPA)', 'Biological data', 'Central Coast', 'North Central Coast', 'North Coast', 'South Coast', 'Multi-Agency Rocky Intertidal Network (MARINe)', 'Partnership for Interdisciplinary Studies of Coastal Oceans (PISCO)', 'Algae', 'Invertebrates', 'PISCO', 'Temperate Rocky Reef', 'Intertidal', 'Quadrat Survey', 'Density', 'Mobile Invertebrate', 'Alaska', 'British Columbia', 'Canada', 'Washington', 'Oregon', 'California', 'Baja California', 'Mexico', 'Sonora']",MARINe/PISCO: Intertidal: MARINe Coastal Biodiversity Surveys: Quadrat Surveys Summarized,58.27082,58.27082,-136.73148,-136.73148,"['Multi-Agency Rocky Intertidal Network (MARINe)', 'Partnership for Interdisciplinary Studies of Coastal Oceans (PISCO)', 'Hakai Institute', 'Pete Raimondi']"
doi:10.6085/AA/marine_cbs.5.8,https://eml.ecoinformatics.org/eml-2.2.0,2026-06-22T16:17:29.561Z,urn:node:PISCO,"Long-Term Monitoring and Biodiversity Surveys done by the Multi-Agency Rocky Intertidal Network (MARINe) occur throughout the year at sites ranging from Southeast Alaska to Mexico. Long Term Monitoring surveys assess within-site community change over time, while Biodiversity surveys were designed to capture among-site patterns of community structure (abundance and spatial distribution of species). In combination, the long-term, targeted species approach and the biodiversity surveys provide a wealth of information about the structure and dynamics of rocky intertidal communities along the Pacific Coast of North America.  This metadata record documents the Point Contact surveys for the MARINe Biodiversity Surveys. Biodiversity surveys are comprised of four components, all sampled along the same transects: (1) point contact estimates of intertidal cover and substrate characteristics, (2) swath transects to estimate the density of seastars and abalone, (3) quadrat sampling to estimate the density of mobile invertebrates, and (4) topography (elevation relative to mean low low water (mllw)). Selected sites are resampled on a 3-5 year cycle. A site is defined as a contiguous rocky bench of at least 30m. Point Contact sampling consists of recording the diversity and abundance of invertebrates and algae along 11 transects of variable length extending from the upper intertidal to the low intertidal.  Please note that species of concern have been removed from all public datasets, as well as data from some sites funded by the National Park Service (NPS) and the United States Navy. For a comprehensive dataset, please contact the data set owner(s). For more information about the data described in this metadata record, please visit pacificrockyintertidal.org.  The long-term California MPA boundary and project info tables referenced in this dataset can be found as a separate dataset here: https://opc.dataone.org/view/doi:10.25494/P6V884","['Ocean', 'Intertidal Processes', 'Intertidal Zone', 'Marine Biology', 'Marine Invertebrates', 'Marine Plants', 'Marine Habitat', 'Biosphere', 'Aquatic Habitats', 'Coastal Habitat', 'Community Survey Data', 'Intertidal Data', 'Intertidal Community Survey Data', 'Intertidal Coastal Biodiversity Survey', 'SWAT Survey', 'Baseline MPA monitoring', 'Long-term MPA monitoring', 'Marine Protected Area (MPA)', 'Biological data', 'Central Coast', 'North Central Coast', 'North Coast', 'South Coast', 'Multi-Agency Rocky Intertidal Network (MARINe)', 'Partnership for Interdisciplinary Studies of Coastal Oceans (PISCO)', 'Algae', 'Invertebrates', 'PISCO', 'MARINe', 'Temperate Rocky Reef', 'Intertidal', 'Point Contact Survey', 'Percent Cover', 'Diversity', 'Abundance', 'Density', 'Invertebrate', 'Alaska', 'British Columbia', 'Canada', 'Washington', 'Oregon', 'California', 'Baja California', 'Mexico', 'Sonora']",MARINe/PISCO: Intertidal: MARINe Coastal Biodiversity Surveys: Point Contact Surveys Summarized,58.27082,58.27082,-136.73148,-136.73148,"['Multi-Agency Rocky Intertidal Network (MARINe)', 'Partnership for Interdisciplinary Studies of Coastal Oceans (PISCO)', 'Hakai Institute', 'Pete Raimondi']"
sha256:0ef708c126ab206d72f0ef8b61422dcd0c35380e7d0fa70c81e0dd1650056d59,science-on-schema.org/Dataset;ld+json,2026-06-19T09:33:46Z,urn:node:DRYAD,"Biomolecules are inherently dynamic, and understanding their conformational ensemble distributions is essential for understanding their biological roles. Cryo-electron microscopy (cryo-EM), a technique that images individual biomolecules frozen in a thin layer of amorphous ice, has emerged as a leading method for determining the structure of biomolecules at atomic resolution. Recent advances in cryo-EM reconstruction have enabled significant progress in characterizing conformational variability around metastable states. In contrast to reconstruction, a different class of techniques has been used to infer population weights, referred to as ensemble reweighting. These methods have yet to be generalized to infer structural heterogeneity simultaneously.
Here, we present a method for cryo-EM ensemble optimization that directly infers the optimal set of structures and their associated population weights from cryo-EM images using Bayesian optimization techniques. Our method iterates between op..., , # Data and code from: Cryo-electron microscopy structural ensemble optimization using individual particles

Dataset DOI: [10.5061/dryad.j6q573nwc](https://doi.org/10.5061/dryad.j6q573nwc)

## Description of the data and file structure

This dataset contains the data, atomic models, configuration files, and scripts required to reproduce the results presented in the paper *Cryo-Electron Microscopy Structural Ensemble Optimization Using Individual Particles*. Reproducing the results requires installing the cryoJAX Ensemble Optimization (`cryojax_eo`) Python library (see below), which is released under the MIT license. Some results may only be reproducible with version 0.2.3, as the API might change in the future. Several files in the dataset include `.yaml` files used as input for the CLI scripts available with `cryojax_eo`.

### Files and variables

This deposit consists of 5 compressed archives (`.zip`). Each archive corresponds to one of the datasets used in the paper. Decompress each a..., , ","['Biased simulations', 'Single Molecule Experiments', 'Integrative Structural Biology', 'Electron cryo-microscopy', 'Computational Biophysics', 'bayesian analysis', 'Molecular dynamics', 'Gradient-Based Optimization']",Data and code from: Cryo-electron microscopy structural ensemble optimization using individual particles,,,,,"['David Silva-SÃ¡nchez', 'Alison M. Berezuk', 'Xing Zhu', 'Erik H. Thiede', 'Roy R. Lederman', 'Pilar Cossio']"
sha256:b3aa3f8da0916b59f844f8e9188cadb88c2c92ada584636978e81ad180feab8c,science-on-schema.org/Dataset;ld+json,2026-06-19T04:16:15Z,urn:node:DRYAD,"This dataset contains raw microsatellite genotypes for 304 Mottled Duskywing (Erynnis martialis) individuals across 10 putative populations. These data were used to investigate genetic diversity and population structure of the species across the speciesâ known Canadian populations and neighbouring populations in the United States (New York and Michigan). We characterized individuals at 21 polymorphic loci. Mottled Duskywing populations had moderate levels of genetic diversity, and populations within approximately 10 km of each other were genetically similar. These data informed the reintroduction of this endangered species to locations where it had become extirpated.&nbsp;Data from an additional sampled population that was included in the study (30 individuals) are governed by Indigenous data sovereignty and are therefore not included in this public repository.
, We sampled Mottled Duskywing from 11 different populations between 2019-2022, with four of those populations sampled in two different years to assess temporal variation in allele frequencies and genetic drift. Tissue was obtained from either female adults used for captive rearing after they had expired, or non-lethal wing clip or leg samples collected in the field. Genomic DNA was extracted using a DNeasy Blood and Tissue Kit (Qiagen, Germantown, MD). Primers and multiplex PCR protocols described in Kroeze&nbsp;et al., 2022 were used to amplify microsatellites from all samples. Microsatellite loci were amplified using one fluorescently labelled primer per pair (6-FAM, VIC, NED, or PET label), and sized by fragment analysis on a 3730S capillary DNA analyzer, using LIZ-500 size standard (Applied Biosystems, Foster City, CA), at the University of British Columbiaâs Sequencing and Bioinformatics Consortium (British Columbia, Canada). Genotypes were called using GeneMarkerÂ® HID software (Sof..., # Data from: Population genetic analysis of the endangered Mottled Duskywing butterfly (*Erynnis martialis*) informs species reintroduction

Dataset DOI: [10.5061/dryad.xgxd254tc](10.5061/dryad.xgxd254tc)

## Description of the data and file structure

This dataset contains raw microsatellite data for 304 Mottled Duskywing (*Erynnis martialis*) individuals across 10 of the 11 sampled populations to investigate genetic diversity and population structure of the species across its known Canadian range and neighbouring populations in the United States (New York and Michigan). Data from a single sampled population included in the study (30 individuals) are governed by Indigenous data sovereignty and are therefore not included in this public dataset. The data are in an Excel file following GENEPOP format.Â We characterized individuals at 21 polymorphic loci. Mottled Duskywing populations had moderate levels of genetic diversity, and populations within approximately 10 km of each other were gen..., , ","['Endangered species', 'Microsatellite loci', 'Ecology', 'Population genetics', 'Conservation genetics', 'Molecular biology']",Population genetic analysis of the endangered Mottled Duskywing butterfly (<em>Erynnis martialis</em>) informs species reintroduction,,,,,"['Shayla Kroeze', 'Nusha Keyghobadi']"
sha256:06e86991623adbf18f177cf8870c0f1ac24f95e57271ea56646342acca7a8601,science-on-schema.org/Dataset;ld+json,2026-06-19T00:00:00Z,urn:node:BOREALIS,"Abstract: Human disturbance is a pervasive force shaping wildlife movement and behavior across spatial and temporal scales. Even in protected areas, recreation‐related human presence and infrastructure can impose distinct and overlapping effects that are important to disentangle for managing human– wildlife interactions. California's Yosemite National Park has experienced a long history of human–black bear (Ursus americanus) interactions, particularly where high‐quality hab- itat overlaps with recreation. A 3‐month park closure at the start of the COVID‐19 pandemic in 2020 provided a rare opportunity to investigate bear responses to infrastructure with and without human presence. Using global positioning system (GPS) collar data from 30 black bears (2014–2022), we evaluated behavioral responses across multiple scales, including home range size, habitat selection, behavioral state, and diel activity, during periods of normal visitation and clo- sure. Under normal visitation, development strongly influ- enced all bear behaviors and was associated with larger home ranges, higher movement probabilities, and more nocturnal activity. During the closure, bears exhibited shifts in their fine‐scale behaviors while broad‐scale space use remained unchanged. Bears increased selection for development within their home ranges, became more diurnal, and moved more, with the strongest behavioral shifts occurring in the most developed areas. Our findings indicate that bears maintain use of resource‐rich areas near development while modifying their fine‐scale behaviors to avoid direct human encounters. By assessing how human presence and infrastructure shape bear behavior at multiple scales, this study provides guidance for managing human activities and bear behavior to support human–bear coexistence.","['Animal movement', 'black bears', 'Human–wildlife interactions', 'Other', 'Ursus americanus', 'Ecology', 'Hidden Markov model', 'Integrated step selection analysis']",Data from: Behavioral responses of black bears to human presence and infrastructure in Yosemite National Park,,,,,"['Green, Jennifer R.', 'Lee-Roney, Caitlin', 'Mazur, Rachel', 'Lester, Rob', 'Degutis, Erin', 'Leahy, Ryan', 'Avgar, Tal', 'Schwartz, Naomi B.', 'Gaynor, Kaitlyn M.']"
sha256:fd0299fe543c6bacb3ee48248ff8e811af2e437ef6b89a92729632ee59392b2a,science-on-schema.org/Dataset;ld+json,2026-06-18T00:00:00Z,urn:node:BOREALIS,"AbstractBoth canonical theory and climate model simulations predict an increase in globally averaged precipitation with warming from radiative forcing. However, terrestrial processes control surface water and energy fluxes, and therefore can impact surface temperatures independently of radiative forcing. Here, we investigate the sensitivity of the global hydrological cycle to changes in land surface conditions using perturbed parameter ensembles from two climate models, which sample a broad range of evapotranspiration (ET) states through modifications to land model parameters. The parameters are perturbed within the range of observationally-constrained uncertainty and alter ET through different land surface pathways. We find that reduced ET drives warming and decreases land-mean precipitation, which is strongly linked to large decreases in near-surface relative humidity. The decline in relative humidity from warming overcomes increased specific humidity and moisture convergence over land driven by enhanced moisture following Clausius-Clapeyron scaling and shifts in large-scale circulation. We explain the tropical precipitation response to ET forcing with a simple scaling that relates changes in the land-ocean contrast in relative humidity to land-mean precipitation change. Further, the suppressed ET induces a shortwave cloud response that amplifies warming. Our results highlight that changes to land surface processes within parametric uncertainty influence warming and precipitation, which is not directly captured by scalings of the global hydrological cycle with radiative forcing, quantifying the potential significance of terrestrial ecosystem functioning and response to climate change.
MethodsThe CESM2 PI PPE, described further in Zarakas et al. (2024), was run at 1.9° by 2.5° resolution in a coupled atmosphere-land-slab-ocean configuration under preindustrial boundary conditions using the Community Land Model Version 5 (CLM5; Lawrence et al. 2019), the Community Atmosphere Model Version 6 (CAM6; Bogenshutz et al. 2018), and a slab ocean model (SOM; Danabasoglu and Gent 2009). The perturbed parameter files are included in addition to the output for the CESM2 PI PPE. The HadCM3 PPE contains two scenarios: one forced with historical greenhouse gas emissions and aerosol concentrations from 1850-1990 and the other forced with projected atmospheric CO2 emissions from the 1990-2100 A1B SRES scenario (Nakicenovic et al. 2000). HadCM3 was run in a configuration using a flux-adjusted version of HadCM3 (Gordon et al. 2000) with fully dynamic atmosphere and ocean components coupled to a land surface model with dynamic vegetatino (TRIFFID; Cox 2001, Cox et al. 2000).","['Other', 'evapotranspiration', 'Climate modeling', 'Global precipitation', 'Land-atmosphere']","Data from: \""Reduced evapotranspiration decreases land precipitation despite enhanced moisture convergence: Insights from perturbed parameter ensembles of earth system models\""",,,,,"['Buchovecky, Benjamin G', 'Lambert, F Hugo', 'Zarakas, Claire M', 'Laguë, Marysa M', 'Koven, Charlie D', 'Fung, Inez Y', 'Bonan, David B', 'Swann, Abigail L S']"
ess-dive-6269f157183d70c-20260617T234106929,https://eml.ecoinformatics.org/eml-2.2.0,2026-06-17T23:41:07.937Z,urn:node:ESS_DIVE,"NOTE: The ""In_Review"" zip folder is undergoing ESS-DIVE review and should not be used. Once it is approved, it will be available as v10 of the data package for regular use and metadata will be updated to reflect changes. The WHONDRS Summer 2019 Sampling (S19S) Campaign collected samples in 97 globally distributed river corridor systems between July and September 2019. Surficial streambed sediments were collected at three locations within each site (upstream, midstream, and downstream). Surface water was collected at the downstream site. This dataset includes a portion of the data types produced from the sediment samples and does not include any results from the surface water. Surface water data can be found at https://data.ess-dive.lbl.gov/view/doi:10.15485/1603775. The S19S campaign was designed with the science community to ask questions associated with links among core/transient metabolomes, microbial metabolism, biogeochemical function, and physical properties of watershed and river corridor systems. This data package was originally published in December 2020. It was updated in April 2021 (v2; modified files), May 2022 (v3; new and modified files),  November 2022 (v4; new and modified files), January 2023 (v5 and v6; new and modified files), February 2023 (v7; new and modified files), August 2023 (v8; new and modified files), and July 2025 (new and modified files). See the change history section in the readme for details. This dataset contains (1) high resolution characterization of dissolved organic matter from sediment via 12 Tesla Fourier transform ion cyclotron resonance mass spectrometry (FTICR-MS) through the Environmental Molecular Sciences Laboratory (EMSL; https://www.pnnl.gov/environmental-molecular-sciences-laboratory); (2) dissolved organic carbon (DOC, measured as non-purgeable organic carbon, NPOC); (3) respiration rates and normalized respiration rates calculated from laboratory sediment incubations; (4) X-ray fluorescence (XRF) elemental composition; (5) grain size distribution from the < 2 millimeter fraction of sediment; (6) total organic carbon and total nitrogen content; (7) bacterial abundance flow cytometry data; (8) sediment stable isotopes (C and N); (9) site photos; (10) field and laboratory methods metadata, including international generic sample number (IGSN) mapping file; (11) file-level metadata (flmd); (12) data dictionary (dd); and (13) water and sediment mass and volume used in incubations. The FTICR-MS files are .xml, and the data package includes instructions for using Formularity (https://omics.pnl.gov/software/formularity) and an R script to process the data based on the user’s specific needs. The XRF data includes .msa, .txt, and .spx files. All other data files are .csv, .pdf, .txt, .jpg, or .jpeg. CORRECTION: Carbon and nitrogen content are reported as percentages. The current column headers ""01395_C_percent_per_mg"" and ""01397_N_percent_per_mg"" are incorrect. These should read ""01395_C_percent"" and ""01397_N_percent"" and will be corrected in the next version of this data package.","['WHONDRS', 'Watershed', 'River corridor', 'Hydrology', 'Biogeochemistry', 'Hyporheic zone', 'Hydrologic exchange', 'River', 'Stream', 'Carbon', 'FTICR', 'Metabolite', 'Metabolomics', 'Mass spectrometry', 'Catchment', 'Respiration', 'Freshwater', 'Flow cytometry', 'ESS-DIVE File Level Metadata Reporting Format', 'ESS-DIVE CSV File Formatting Guidelines Reporting Format', 'ESS-DIVE Sample ID and Metadata Reporting Format', 'related identifiers', 'ESS-DIVE Water-Soil-Sediment Chemistry Reporting Format', 'EARTH SCIENCE > TERRESTRIAL HYDROSPHERE > SURFACE WATER', 'FTICR-MS', 'Aerobic respiration rate', 'NPOC', 'Non-purgeable organic carbon', 'Elemental abundance', 'Grain size', 'Bacterial abundance', '15N', '13C', 'EARTH SCIENCE > TERRESTRIAL HYDROSPHERE > WATER QUALITY/WATER CHEMISTRY > ISOTOPES > STABLE ISOTOPES']","WHONDRS Summer 2019 Sampling Campaign: Global River Corridor Sediment FTICR-MS, Dissolved Organic Carbon, Aerobic Respiration, Elemental Composition, Grain Size, Total Nitrogen and Organic Carbon Content, Bacterial Abundance, and Stable Isotopes (v9)",49.3864,49.3864,-121.4506,-121.4506,"['Amy E Goldman', 'Shai Arnon', 'Edo Bar-Zeev', 'Rosalie K Chu', 'Robert E Danczak', 'Rebecca A Daly', 'Dillman Delgado', 'Sarah Fansler', 'Brieanne Forbes', 'Vanessa A Garayburu-Caruso', 'Emily B Graham', 'Maggi Laan', 'Marcy L McCall', 'Sophia McKever', 'Kaizad F Patel', 'Huiying Ren', 'Lupita Renteria', 'Charles T Resch', 'Kenton A Rod', 'Malak Tfaily', 'Nikola Tolic', 'Joshua M Torgeson', 'Jason G Toyoda', 'Jacqueline Wells', 'Kelly C Wrighton', 'James C Stegen', 'The WHONDRS Consortium']"
sha256:7b90e004be0418c2f9bdb4897f5be610589d647e88794a76ea87d701a62578ae,science-on-schema.org/Dataset;ld+json,2026-06-17T10:35:35Z,urn:node:DRYAD,"Both canonical theory and climate model simulations predict an increase in globally averaged precipitation with warming from radiative forcing. However, terrestrial processes control surface water and energy fluxes, and therefore can impact surface temperatures independently of radiative forcing. Here, we investigate the sensitivity of the global hydrological cycle to changes in land surface conditions using perturbed parameter ensembles from two climate models, which sample a broad range of evapotranspiration (ET) states through modifications to land model parameters. The parameters are perturbed within the range of observationally-constrained uncertainty and alter ET through different land surface pathways. We find that reduced ET drives warming and decreases land-mean precipitation, which is strongly linked to large decreases in near-surface relative humidity. The decline in relative humidity from warming overcomes increased specific humidity and moisture convergence over land driven..., The CESM2 PI PPE, described further in Zarakas et al. (2024), was run at 1.9Â° by 2.5Â° resolution in a coupled atmosphere-land-slab-ocean configuration under preindustrial boundary conditions using the Community Land Model Version 5 (CLM5; Lawrence et al. 2019), the Community Atmosphere Model Version 6 (CAM6; Bogenshutz et al. 2018), and a slab ocean model (SOM; Danabasoglu and Gent 2009). The perturbed parameter files are included in addition to the output for the CESM2 PI PPE. The HadCM3 PPE contains two scenarios: one forced with historical greenhouse gas emissions and aerosol concentrations from 1850-1990 and the other forced with projected atmospheric CO2 emissions from the 1990-2100 A1B SRES scenario (Nakicenovic et al. 2000). HadCM3 was run in a configuration using a flux-adjusted version of HadCM3 (Gordon et al. 2000) with fully dynamic atmosphere and ocean components coupled to a land surface model with dynamic vegetatino (TRIFFID; Cox 2001, Cox et al. 2000).
, # Data from: \""Reduced evapotranspiration decreases land precipitation despite enhanced moisture convergence: Insights from perturbed parameter ensembles of earth system models\""

This repository contains output from two perturbed parameter ensembles: one from the Community Earth System Model Version 2 (CESM2; Danabasoglu et al. 2020) and one from the Hadley Centre Coupled Model Version 3 (HadCM3; Booth et al 2012).

## File structure

The dataset is organized into two directories withinÂ et_precip_ppe.zip

* `cesm2` - CESM2 PI PPE
* `hadcm3` - HadCM3C Historical and A1B PPE

The directory structure is as follows:

```text
et_precip_ppe
âââ cesm2
â   âââ climatology
â   â   âââ COUP_PPE.cam.h0.climatology.LHFLX.nc
â   â   âââ COUP_REF.cam.h0.climatology.LHFLX.nc
â   â   ...
â   â
â   âââ time_average
â   â   âââ COUP_PPE.cam.h0.time_mean.LHFLX.nc
â   â   âââ COUP_REF.cam.h0.time_mean.LHFLX.nc
â   â   ...
â   â
â   âââ paramfiles
â   â   âââ OAAT0000.nc
â   â   ...
â   â
â   âââ namelist_mo..., , ","['evapotranspiration', 'Global precipitation', 'Land-atmosphere', 'Climate modeling']","\""Reduced evapotranspiration decreases land precipitation despite enhanced moisture convergence: Insights from perturbed parameter ensembles of earth system models\""",,,,,"['Benjamin G Buchovecky', 'F Hugo Lambert', 'Claire M Zarakas', 'Marysa M LaguÃ«', 'Charlie D Koven', 'Inez Y Fung', 'David B Bonan', 'Abigail L S Swann']"
sha256:78e8fe1887be2273677f402dbbc5d2799b4c75feafbf3f771fdfc90fab089295,science-on-schema.org/Dataset;ld+json,2026-06-16T23:10:11Z,urn:node:DRYAD,"Genotype data for 759 woodland caribou from British Columbia and Alberta, Canada, typed at 34971 single nucleotide polymorphism (SNP) loci. Files are in PLINK .ped and .map format. This data was used in the study titled \""Glacial history and landscape features shape the hierarchical population genetic structure of woodland caribou (Rangifer tarandus caribou) in western Canada\"".
, , # Genotype data from: Glacial history and landscape features shape the hierarchical population genetic structure of woodland caribou (*Rangifer tarandus caribou*) in western Canada

Dataset DOI: [10.5061/dryad.8pk0p2p3x](https://doi.org/10.5061/dryad.8pk0p2p3x)

## Description of the data and file structure

Genotype data for 759 woodland caribou from 45 populations across British Columbia and Alberta, Canada, typed at 34971 loci. Files are in PLINK .ped and .map format. This data was used in the study titled \""Glacial history and landscape features shape the hierarchical population genetic structure of woodland caribou (*Rangifer tarandus caribou*) in western Canada\"".

Genotypes were generated using aÂ Illumina single nucleotide polymorphisms (SNP) array targeting ~60,000 loci distributed across the caribou genome. See \""Carrier, A., Prunier, J., Poisson, W., Trottier-Lavoie, M., Gilbert, I., Cavedon, M., Pokharel, K., Kantanen, J., Musiani, M., & CÃ´tÃ©, S. D. (2022). Design and validation..., , ","['Genetics', 'Genomics', 'Canada', 'Woodland caribou', 'Conservation genetics', 'genotypes', 'Alberta', 'British Columbia', 'Population genetics', 'caribou']",Genotype data from: Glacial history and landscape features shape the hierarchical population genetic structure of woodland caribou (<em>Rangifer tarandus caribou</em>) in western Canada,,,,,"['Samuel Deakin', 'Jocelyn Poissant', 'Marco Musiani']"
sha256:892df1af09b7229e6581e5a6284b8eb490c5ec932a5a8868a6bdedf3db502c98,science-on-schema.org/Dataset;ld+json,2026-06-15T00:00:00Z,urn:node:BOREALIS,"During the Late Holocene, hunter-gatherers in the Lower Paraná wetland crafted bone tools exhibiting morphological, stylistic, and technological variability. Traditional taxonomic identifications based on morphology identified mainly the use of local deer species, but also camelids from the Pampas and non-dietary species like carnivore species were detected as secondary bone supports. However, morphological identifications of bone tools are limited due to artifact manufacturing processes. In this study, we applied Zooarchaeology by Mass Spectrometry (ZooMS), a collagen-based method, to identify otherwise undetectable species. Our results reveal a broader raw material spectrum, including a total of 13 identified camelid bones over a sample of 32 tools. These findings enhance understanding of bone technology, territorial mobility, and resource exploitation in South American lowland hunter-gatherers and highlight the potential of proteomics for archaeological studies in underrepresented regions.","['Bone tools', 'Cervid', 'Canids', 'Taxonomic identification', 'Camelid', 'ZooMS', 'Arts and Humanities']",Replication Data for: ZooMS Analysis of Archaeological Bone Tools from the South American Lowlands in the Paraná Basin: New Insights into Taxonomic Attribution,,,,,"['Buc, Natacha', 'Acosta, Alejandro', 'Loponte, Daniel', 'Rombolá, Lucía T.', 'Paskulin, Lindsey', 'Hilsden, Jay', 'Speller, Camilla']"
sha256:5be0925721713b77f20e22e702b14d53a818c4cf297fb01a9159ed5274c262d4,science-on-schema.org/Dataset;ld+json,2026-06-11T00:00:00Z,urn:node:BOREALIS,"AbstractThis dataset supports the methods and analyses used to test the differences in behavioral response of avian scavengers at carcasses. The \""carcasses\"" dataset represents each carcass and habitat and other variables associated with each carcass. The \""visits\"" dataset comes from videos from game cameras positioned at the corresponding carcass, each row representing one visit by a scavenger. Several visits may come from a single carcass, and some carcasses are not represented in the visits dataset if cameras did not capture any recordings of scavengers. We assessed variables that were hypothesized to impact the proportion of time spent vigilant by each species at both carcass and visit scales and compared these across species.","['Birds', 'Other', 'Vigilance', 'Behavior']",Data and code from: Avian scavengers modify vigilance across visits to foraging sites,,,,,"['Blanche, Alex', 'Conover, Michael', 'Frey, S. Nicole']"
sha256:4741f28e2ae72225d4f82fc2b8bb3e5339d5c3fd764bd2287a0ed64e4bae3467,science-on-schema.org/Dataset;ld+json,2026-06-11T00:00:00Z,urn:node:BOREALIS,"AbstractThis dataset comprises a comprehensive collection of puma (Puma concolor) detections obtained from camera-trap surveys across Latin America, encompassing over 1,169,563 camera trap nights across 19 countries, spanning from northern Sonora, Mexico, to southern Patagonia, Chile. The compiled dataset includes 12,312 unique puma detections, together with associated sampling metadata and geographic coordinates.
MethodsCamera-trap detection data for pumas (Puma concolor) across Latin America were compiled from a network of over 200 contributors recruited through systematic literature review and snowball sampling. Potential contributors were identified via Web of Science, Google Scholar, and Scopus using keywords including \""puma,\"" \""Puma concolor,\"" and \""camera trap,\"" and contacted by email in September 2020. Contributors submitted data in a standardized occupancy modeling format: each row represents a camera-trap station with latitude, longitude, and country, and each column represents a survey day, coded as 1 (puma detected), 0 (no detection), or NA (camera inactive). Data were also obtained from Panthera's internal repository (PantheraIDS). All data underwent coordinate validation and correction, date format standardization, and removal of records with missing or invalid locations. Two datasets unavailable for public sharing were excluded. The final dataset is in long format, with one row per camera-station and date with confirmed sampling effort, and a binary puma detection variable (1/0). Files are provided in .csv, .Rdata, .shp and JSON formats.","['Conservation biology', 'Pumas', 'Cameras', 'Other', 'Biodiversity']",Data from: Collaborative camera-trap data set for evaluating the status of a rangewide carnivore in Latin America,,,,,"['Ohrens, Omar', 'Williams, Sara', 'Elbroch, L. Mark', 'Robertson, Jamie', 'Robinson, Hugh', 'Abarca, Maria', 'Aguada, Mario', 'Álvarez, Rody', 'Anaguano, Fernando', 'Anchante, Alejandra', 'Antunes, André', 'Arango-Correa, Eduven', 'Araya-Gamboa, Daniela', 'Araya-Jiménez, Yosette', 'Arévalo-Huezo, Esmeralda', 'Arroyo-Arce, Stephanny', 'Ávila, Hefer', 'Ayala, Guido', 'Azevedo, Fernando Cesar Cascelli de', 'Azevedo, Fernanda Cavalcanti de', 'Bachur, Joao', 'Bahamondes, Patricio', 'Baldi, Ricardo', 'Balhau, Patricia', 'Barboza, Kathrin', 'Bardales, Rocío', 'Barrantes-Nuñez, Mariano', 'Barri, Fernando', 'Barros, Yara', 'Bedoya, Juliana', 'Benck, Juliana', 'Bonacic, Cristian', 'Bonjorne, Lilian', 'Boubli, Jean', 'Boron, Valeria', 'Branch, Lyn', 'Brazeiro, Alejandro', 'Britez, Evelyn', 'Brown, Elliott', 'Cabral, Hugo', 'Araujo, Valquiria', 'Calaca, Analice Maria', 'Calderón, Ana Patricia', 'Camargos, Virigina Londe de', 'Campos Krauer, Juan M.', 'Cantero, Nicolás', 'Cartes, José Luis', 'Caruso, Nicolás', 'Carvalho Jr., Elildo A.R.', 'Casanave, Emma', 'Castañeda, Franklin', 'Castro, Lucila', 'Cepeda Duque, Juan Camilo', 'Chang, Chia-Yu', 'Corrales-Gutiérrez, Daniel', 'Cortés, Esteban I.', 'Craighead, Kimberly A.', 'Cravino Mol, Alexandra', 'Cruz Torres, Maria Fernanda', 'D´Agostino, Romina L.', 'Devlin, Allison', 'Duraes, Lucas D. S.', 'Durigan, Carlos', 'Eaton, Donald P.', 'Endo, Whaldener', 'Escobar-Anleu, Bárbara I.', 'Espinoza, Ingrid', 'Espinoza-Muñoz, Deiver', 'Espinosa, Santiago', 'Falconi, Nereyda', 'Farías, Ariel A.', 'Forero-Medina, German', 'Foster, Rebecca', 'Foster, Vania', 'Fragoso, Carlos Eduardo', 'Gálvez, Nicolás', 'García, Álvaro', 'Gelin, Maria', 'Gerstle, José', 'Giordano, Anthony J.', 'Gómez-Ramírez, Miguel', 'González-Desales, Giovany', 'González, Enrique', 'Guarda, Nicolás', 'Gutiérrez-González, Carmina E.', 'Guerisoli, María de las Mercedes', 'Guerra, Nelly', 'Haberfeld, Mario', 'Harmsen, Bart', 'Harveson, Patricia', 'Hernández-Fitzgerald, Juan Felipe', 'Herrera, Luis Alberto', 'Hoogesteijn, Rafael', 'Hurtado, Cindy', 'Hyde, Matthew', 'Infante, José', 'Isasi-Catalá, Emiliana', 'Jácomo, Anah T. A.', 'Jędrzejewski, Włodzimierz', 'Kadosoe, Vanessa S.', 'Kanda, Claudia Z.', 'Kelly, Marcella J.', 'Keuroghlian, Alexine', 'King, Travis', 'Kotz, Aline', 'Kuroiwa, Alicia', 'La Rosa-Camino, Fabiola', 'Lagos, Nicolás', 'Lara Díaz, Nalleli E.', 'Laranjeiras, Thiago Orsi', 'Lassaga, Maria Victoria', 'Lau, Pablo', 'Leal, Matías', 'Lemos, Frederico Gemesio', 'Link, Andrés', 'Lizcano, Diego José', 'Loja-Aleman, Juan', 'López González, Carlos A.', 'López-Barrera, Alex Mauricio', 'López-Velasco, Valentina', 'Lucherini, Mauro', 'Luengos Vidal, Estela', 'Lugo-McPhail, Darby', 'Lugo-McPhail, David', 'Maffei, Leonardo', 'Magioli, Marcelo', 'Majlis, Jorge', 'Manzanero, Rafael', 'Martínez, Jorge Luis', 'Martínez, Marcio A.', 'Martínez, Sabrina', 'Martínez-Lanfranco, Juan Andrés', 'Marchiori, Francine', 'May-Junior, Joares Adenilson', 'Mazariegos, Luis', 'McBride Jr., Roy T.', 'Mejía, Ángela', 'Melo, Fabiano Rodrigues de', 'Mendonça, Eloisa N.', 'Mena, José Luis', 'Mendoza, Carlos', 'Meyer, Ninon', 'Middleton, Arthur', 'Monroy-Vilchis, Octavio', 'Morato, Ronaldo Goncalves', 'Moreira-Arce, Darío', 'Morgan, John', 'Moreno, Ricardo', 'Murillo, Oscar E.', 'Muxfeld, Lara', 'Nanni, A. Sofía', 'Negroes, Nuno', 'Nepomuceno, Vance', 'Nienow, Samuel S.', 'Nigro, Giulia', 'Nipko, Robert', 'Novaro, Andrés', 'Ojeda-Juárez, Renzo', 'Oliveira, Tadeu Gomes de', 'Oliveira-Santos, Luiz Gustavo Rodrigues', 'Ortega, Josue', 'Ortiz-Hoyos, Ricardo D.', 'Osorio, Christian', 'Ouboter, Dimitri', 'Ouboter, Paul', 'Pappas, Caitlin', 'Paemelaere, Evi A. D.', 'Paula, Milton José de', 'Pereira, Sandy C.', 'Pezzuti, Juarez C. B.', 'Pinheiro Barbosa, Victória', 'Pomareda-García, Esther', 'Procopio, Diego E.', 'Quintero, Simón', 'Rampim, Lilian', 'Reginato, Thiago', 'Reis, Marcelo Lima', 'Ribeiro, Milton Cezar', 'Rodríguez-Bravo, Omar', 'Rodríguez Planes, Lucía', 'Rojas Bonzi, Viviana', 'Salom-Pérez, Roberto', 'Salvador, Julia', 'Sanchez, Emma', 'Santos, Jenny Paola Gallo', 'Saucedo, Cristian', 'Schmidt, Krzysztof', 'Sepúlveda, Cristian', 'Serota, Mitchell', 'Silva-Rodríguez, Eduardo A.', 'Silveira, Leandro', 'Solis, Luigi', 'Souza, Bruno C.', 'Souza, Rafael', 'Stasiukynas, Diana', 'Svensson, Gabriella', 'Tejeda, Vania', 'Thompson, Jeffrey', 'Thomson, Ian', 'Thornton, Dan', 'Tobler, Mathias', 'Tortato, Fernando', 'Turcios-Casco, Manfredo A.', 'Udrizar Sauthier, Daniel E.', 'Urrutia, Tomás', 'Valdes, Samuel', 'Valenzuela, Leonor', 'Vasquez, Mariana de Oliveira', 'Vásquez-Ibarra, Viviana', 'Vega, Zoila', 'Venticinque, Eduardo', 'Velado-Cano, Maryory', 'Velilla, Marianela', 'Vergara, Pablo M.', 'Verta, Guadalupe', 'Víquez, Erick', 'Viscarra, Maria', 'Wagner-Wagner, Carlos Mario', 'Wallace, Rob', 'Wong, Wai-Ming', 'Yacelga, Milton', 'Zanón-Martínez, Juan I.', 'Zapata Ríos, Galo', 'Zarco-González, Martha', 'Zavala Varela, Mauro']"
sha256:c183b953de8af80a3102db86c14e041a08fd27ba328ab156d03571346fcc41d7,science-on-schema.org/Dataset;ld+json,2026-06-10T07:55:26Z,urn:node:DRYAD,"Photosynthetic eukaryotic algae survived the Neoproterozoic Snowball Earth events, indicating that liquid-water refugia existed somewhere on the surface. We examine the potential for refugia at the coldest time of a snowball event, before CO2 had risen and with high-albedo ice on the frozen ocean, before it became darkened by dust deposition. We use the Community Earth System Model to simulate a âmodernâ Snowball Earth (i.e., with continents in their current configuration), in which the ocean surface has frozen to the equator as âsea glaciersâ, hundreds of meters thick, flowing like ice shelves. Despite global mean surface temperatures below -60Â°C, some areas of the land surface reach above-freezing temperatures because they are darker than the ice-covered ocean. With low CO2 (10 ppm) and land-surface albedo characteristic of bright sand-deserts (0.4), 0.1 percent of the land surface could host liquid water seasonally; this increases to 12 percent for darker land of albedo characteristi..., , , # Simulations from: Dark land surfaces allow for refugia that could support photosynthetic life on the surface of Snowball Earth

[https://doi.org/10.5061/dryad.5hqbzkhcf](https://doi.org/10.5061/dryad.5hqbzkhcf)

In this repository, we provide input data and output from CESM from a series of model experiments testing the habitability of Snowball Earth.

## Description of experiments

Experiments associated with this project sample a range of bare land surface albedo and atmospheric CO2 concentrations as described Â in the paper. The output data is contained within the tar file for each experiment as described in this table:

| CO2    | Visible albedo/NIR albedo | Broadband Solar Albedo | Output Files tarball name |
| :----- | :------------------------ | :--------------------- | :------------------------ |
| 10ppm  | 0.1/0.3                   | 0.2                    | 010co2\_020alb.tar.gz     |
| 10ppm  | 0.2/0.4                   | 0.3                    | 010co2\_030alb.tar.gz     |
..., , ","['Habitability', 'Snowball Earth', 'Climate modeling']",Simulations from: Dark land surfaces allow for refugia that could support photosynthetic life on the surface of Snowball Earth,,,,,"['Greta Shum', 'Marysa LaguÃ«', 'Abigail Swann', 'Cecilia Bitz', 'Edwin Waddington', 'Stephen Warren']"
sha256:c81fb993e7a7659b88396b07ed804b185e0684dbf8a6f6c24be4195f956dae53,science-on-schema.org/Dataset;ld+json,2026-06-10T00:15:47Z,urn:node:DRYAD,"This dataset comprises a comprehensive collection of puma (Puma concolor) detections obtained from camera-trap surveys across Latin America, encompassing over&nbsp;1,169,563 camera trap nights across 19 countries, spanning from northern Sonora, Mexico, to southern Patagonia, Chile. The compiled dataset includes 12,312 unique puma detections, together with associated sampling metadata and geographic coordinates.
, Camera-trap detection data for pumas (Puma concolor) across Latin America were compiled from a network of over 200 contributors recruited through systematic literature review and snowball sampling. Potential contributors were identified via Web of Science, Google Scholar, and Scopus using keywords including \""puma,\"" \""Puma concolor,\"" and \""camera trap,\"" and contacted by email in September 2020.
Contributors submitted data in a standardized occupancy modeling format: each row represents a camera-trap station with latitude, longitude, and country, and each column represents a survey day, coded as 1 (puma detected), 0 (no detection), or NA (camera inactive). Data were also obtained from Panthera's internal repository (PantheraIDS). All data underwent coordinate validation and correction, date format standardization, and removal of records with missing or invalid locations. Two datasets unavailable for public sharing were excluded.
The final dataset is in long format, with one row per camera-s..., , # Data from: Collaborative camera-trap data set for evaluating the status of a rangewide carnivore in Latin America

Dataset DOI: [10.5061/dryad.k6djh9wj8](10.5061/dryad.k6djh9wj8)

## Description of the data and file structure

This shareable dataset is formatted so that each row corresponds to a camera station location (identified by its latitude and longitude) and a specific date on which sampling effort occurred. Each row therefore represents a single 24-hour sampling period at a camera station. Camera stationâdate combinations that do not appear in the dataset indicate that no sampling effort occurred on that date at that station.

The dataset includes columns identifying the country and whether a puma detection occurred during that 24-hour period (detection: 1 = detection, 0 = no detection). The data are provided at a fine spatial and temporal resolution, with a simplified set of variables focused on camera station location, date, country, and detection status.

### Files and vari..., , ","['Pumas', 'Cameras', 'Biodiversity', 'Conservation biology']",Collaborative camera-trap data set for evaluating the status of a rangewide carnivore in Latin America,,,,,"['Omar Ohrens', 'Sara Williams', 'L. Mark Elbroch', 'Jamie Robertson', 'Hugh Robinson', 'Maria Abarca', 'Mario Aguada', 'Rody Ã\x81lvarez', 'Fernando Anaguano', 'Alejandra Anchante', 'AndrÃ© Antunes', 'Eduven Arango-Correa', 'Daniela Araya-Gamboa', 'Yosette Araya-JimÃ©nez', 'Esmeralda ArÃ©valo-Huezo', 'Stephanny Arroyo-Arce', 'Hefer Ã\x81vila', 'Guido Ayala', 'Fernando Cesar Cascelli de Azevedo', 'Fernanda Cavalcanti de Azevedo', 'Joao Bachur', 'Patricio Bahamondes', 'Ricardo Baldi', 'Patricia Balhau', 'Kathrin Barboza', 'RocÃ\xado Bardales', 'Mariano Barrantes-NuÃ±ez', 'Fernando Barri', 'Yara Barros', 'Juliana Bedoya', 'Juliana Benck', 'Cristian Bonacic', 'Lilian Bonjorne', 'Jean Boubli', 'Valeria Boron', 'Lyn Branch', 'Alejandro Brazeiro', 'Evelyn Britez', 'Elliott Brown', 'Hugo Cabral', 'Valquiria Araujo', 'Analice Maria Calaca', 'Ana Patricia CalderÃ³n', 'Virigina Londe de Camargos', 'Juan M. Campos Krauer', 'NicolÃ¡s Cantero', 'JosÃ© Luis Cartes', 'NicolÃ¡s Caruso', 'Elildo A.R. Carvalho Jr.', 'Emma Casanave', 'Franklin CastaÃ±eda', 'Lucila Castro', 'Juan Camilo Cepeda Duque', 'Chia-Yu Chang', 'Daniel Corrales-GutiÃ©rrez', 'Esteban I. CortÃ©s', 'Kimberly A. Craighead', 'Alexandra Cravino Mol', 'Maria Fernanda Cruz Torres', 'Romina L. DÂ´Agostino', 'Allison Devlin', 'Lucas D. S. Duraes', 'Carlos Durigan', 'Donald P. Eaton', 'Whaldener Endo', 'BÃ¡rbara I. Escobar-Anleu', 'Ingrid Espinoza', 'Deiver Espinoza-MuÃ±oz', 'Santiago Espinosa', 'Nereyda Falconi', 'Ariel A. FarÃ\xadas', 'German Forero-Medina', 'Rebecca Foster', 'Vania Foster', 'Carlos Eduardo Fragoso', 'NicolÃ¡s GÃ¡lvez', 'Ã\x81lvaro GarcÃ\xada', 'Maria Gelin', 'JosÃ© Gerstle', 'Anthony J. Giordano', 'Miguel GÃ³mez-RamÃ\xadrez', 'Giovany GonzÃ¡lez-Desales', 'Enrique GonzÃ¡lez', 'NicolÃ¡s Guarda', 'Carmina E. GutiÃ©rrez-GonzÃ¡lez', 'MarÃ\xada de las Mercedes Guerisoli', 'Nelly Guerra', 'Mario Haberfeld', 'Bart Harmsen', 'Patricia Harveson', 'Juan Felipe HernÃ¡ndez-Fitzgerald', 'Luis Alberto Herrera', 'Rafael Hoogesteijn', 'Cindy Hurtado', 'Matthew Hyde', 'JosÃ© Infante', 'Emiliana Isasi-CatalÃ¡', 'Anah T. A. JÃ¡como', 'WÅ\x82odzimierz JÄ\x99drzejewski', 'Vanessa S. Kadosoe', 'Claudia Z. Kanda', 'Marcella J. Kelly', 'Alexine Keuroghlian', 'Travis King', 'Aline Kotz', 'Alicia Kuroiwa', 'Fabiola La Rosa-Camino', 'NicolÃ¡s Lagos', 'Nalleli E. Lara DÃ\xadaz', 'Thiago Orsi Laranjeiras', 'Maria Victoria Lassaga', 'Pablo Lau', 'MatÃ\xadas Leal', 'Frederico Gemesio Lemos', 'AndrÃ©s Link', 'Diego JosÃ© Lizcano', 'Juan Loja-Aleman', 'Carlos A. LÃ³pez GonzÃ¡lez', 'Alex Mauricio LÃ³pez-Barrera', 'Valentina LÃ³pez-Velasco', 'Mauro Lucherini', 'Estela Luengos Vidal', 'Darby Lugo-McPhail', 'David Lugo-McPhail', 'Leonardo Maffei', 'Marcelo Magioli', 'Jorge Majlis', 'Rafael Manzanero', 'Jorge Luis MartÃ\xadnez', 'Marcio A. MartÃ\xadnez', 'Sabrina MartÃ\xadnez', 'Juan AndrÃ©s MartÃ\xadnez-Lanfranco', 'Francine Marchiori', 'Joares Adenilson May-Junior', 'Luis Mazariegos', 'Roy T. McBride Jr.', 'Ã\x81ngela MejÃ\xada', 'Fabiano Rodrigues de Melo', 'Eloisa N. MendonÃ§a', 'JosÃ© Luis Mena', 'Carlos Mendoza', 'Ninon Meyer', 'Arthur Middleton', 'Octavio Monroy-Vilchis', 'Ronaldo Goncalves Morato', 'DarÃ\xado Moreira-Arce', 'John Morgan', 'Ricardo Moreno', 'Oscar E. Murillo', 'Lara Muxfeld', 'A. SofÃ\xada Nanni', 'Nuno Negroes', 'Vance Nepomuceno', 'Samuel S. Nienow', 'Giulia Nigro', 'Robert Nipko', 'AndrÃ©s Novaro', 'Renzo Ojeda-JuÃ¡rez', 'Tadeu Gomes de Oliveira', 'Luiz Gustavo Rodrigues Oliveira-Santos', 'Josue Ortega', 'Ricardo D. Ortiz-Hoyos', 'Christian Osorio', 'Dimitri Ouboter', 'Paul Ouboter', 'Caitlin Pappas', 'Evi A. D. Paemelaere', 'Milton JosÃ© de Paula', 'Sandy C. Pereira', 'Juarez C. B. Pezzuti', 'VictÃ³ria Pinheiro Barbosa', 'Esther Pomareda-GarcÃ\xada', 'Diego E. Procopio', 'SimÃ³n Quintero', 'Lilian Rampim', 'Thiago Reginato', 'Marcelo Lima Reis', 'Milton Cezar Ribeiro', 'Omar RodrÃ\xadguez-Bravo', 'LucÃ\xada RodrÃ\xadguez Planes', 'Viviana Rojas Bonzi', 'Roberto Salom-PÃ©rez', 'Julia Salvador', 'Emma Sanchez', 'Jenny Paola Gallo Santos', 'Cristian Saucedo', 'Krzysztof Schmidt', 'Cristian SepÃºlveda', 'Mitchell Serota', 'Eduardo A. Silva-RodrÃ\xadguez', 'Leandro Silveira', 'Luigi Solis', 'Bruno C. Souza', 'Rafael Souza', 'Diana Stasiukynas', 'Gabriella Svensson', 'Vania Tejeda', 'Jeffrey Thompson', 'Ian Thomson', 'Dan Thornton', 'Mathias Tobler', 'Fernando Tortato', 'Manfredo A. Turcios-Casco', 'Daniel E. Udrizar Sauthier', 'TomÃ¡s Urrutia', 'Samuel Valdes', 'Leonor Valenzuela', 'Mariana de Oliveira Vasquez', 'Viviana VÃ¡squez-Ibarra', 'Zoila Vega', 'Eduardo Venticinque', 'Maryory Velado-Cano', 'Marianela Velilla', 'Pablo M. Vergara', 'Guadalupe Verta', 'Erick VÃ\xadquez', 'Maria Viscarra', 'Carlos Mario Wagner-Wagner', 'Rob Wallace', 'Wai-Ming Wong', 'Milton Yacelga', 'Juan I. ZanÃ³n-MartÃ\xadnez', 'Galo Zapata RÃ\xados', 'Martha Zarco-GonzÃ¡lez', 'Mauro Zavala Varela']"
sha256:e464228a51999841e229b2db97371e87dc9e91c9759f82387af8cf48cf4405b9,science-on-schema.org/Dataset;ld+json,2026-06-09T09:38:26Z,urn:node:DRYAD,"Understanding how tree species adapt to climate is crucial for forest management under climate change. This study employs landscape genomics to investigate climate adaptation in the interior spruce complex (Picea glauca, P. engelmannii, and their hybrids) across western Canada. Using gradient forest modeling with 41,253 SNPs genotyped in 1692 natural interior spruce individuals from 252 populations, we identified winter temperature and moisture-related variables as key drivers of genomic variation. Both adaptive and neutral genetic variation showed similar patterns along climatic gradients, suggesting that population structure largely follows environmental clines. We delineated 11 seed zones based on genomic variation and climate relationships, achieving 88.2% concordance with previous genetic studies in defining species boundaries. Analysis of genetic offsets under future climate scenarios revealed potential risks of maladaptation, particularly in northern and eastern British Columbia...., , # Data and code from: Using landscape genomics to define species distributions, delineate seed zones, and predict genomic offset to future climate for the interior spruce hybrid complex (*Picea glauca, Picea engelmannii*, and their hybrids

Dataset DOI: [10.5061/dryad.xsj3tx9tp](https://doi.org/10.5061/dryad.xsj3tx9tp)

## Description of the data and file structure

This data and code .zip package contains the mandatory materials to reproduce the analyses and results of Ye et al. (2025): Using landscape genomics to define species distributions, delineate seed zones, and predict genomic offset to future climate for the interior spruce hybrid complex (Picea glauca, Picea engelmannii, and their hybrids)

Any questions or errors should be brought to the attention of Zhengyang (Lambert) Ye ([yezhyang@mail.ubc.ca](mailto:yezhyang@mail.ubc.ca))

### Files and variables

#### File: Data_and_code.zip

**Description:**Â 

##### CODE

There are three R scripts with numerical prefixes that represent..., , ","['Climate change', 'landscape genomics', 'Genetic Offset', 'seed zones', 'gradient forest', 'interior spruce', 'local adaptation']","Data and code from: Using landscape genomics to define species distributions, delineate seed zones, and predict genomic offset to future climate for the interior spruce hybrid complex (<em>Picea glauca, Picea engelmannii</em>, and their hybrids",,,,,"['Zhengyang Ye', 'Sally Aitken', 'Loren Rieseberg', 'Tongli Wang']"
sha256:563104685dc071e9176c1cc84884f7412bd8703c0797e9ac197e03ff9186ea34,science-on-schema.org/Dataset;ld+json,2026-06-08T00:00:00Z,urn:node:BOREALIS,"The data and programs replicate tables and figures from \""Market Expansion and Litigation Deterrence Effects of Patents: Evidence from Chinese Exporters\"", by Xinghua Deng, Jing, Ran, and Ries, John. Please see the README file for additional details.","['Social Sciences', 'China, exports, overseas patents, litigation deterrence']",Replication Data and Code for: Market Expansion and Litigation Deterrence Effects of Patents: Evidence from Chinese Exporters,,,,,"['Ries, John', 'Jing, Ran', 'Deng, Xinghua']"
sha256:4a7a9688bde745b566334bd25ff61685712c4df588a60811659a3ba0e4db568d,science-on-schema.org/Dataset;ld+json,2026-06-05T15:38:18Z,urn:node:DRYAD,"The absence of aquatic insects from pelagic marine habitats has been attributed to their air-filled tracheal respiratory system, which could implode at depth while undertaking diel vertical migrations (DVMs) to escape predatory fish. However, we found that the aquatic larvae of the lake fly Chaoborus edulis in Lake Malawi have modified their tracheal system into reinforced buoyancy-regulating air-filled sacs, allowing them to escape predatory fish by undertaking DVMs well over 200 m deep into the lakeâs anoxic hypolimnion during the day. The crush-depth of their air-sacs increases with each instar, with final instars resisting implosion at depths greater than half a kilometer. Contrary to expectations, these insects adapt to the extreme hydrostatic pressures of deep-water habitats, allowing them to co-exist with pelagic fish.
, , , # Data from: Crush-resistant air-sacs allow insect larvae to exploit aquatic habitat at extreme depth

# *Chaoborus edulis* larval layers detected in Lake Malawi using a moored active acoustic instrument in August 2023

### File: Access Data_S1_Lakefly_layers.csv

This is a CSV (comma separated values) file describing layers of *Chaoborus edulis* larvae detected using an Acoustic Zooplankton and Fish Profiler (AZFP; ASL Environmental, B.C., Canada) moored at 275 m depth in Nhkata Bay, Lake Malawi from the 12th to the 25th of August 2023.

### Description of the data and file structure

The layers were detected, extracted and described in Python using the packages Echopype (Lee *et al.*, 2021), echopy (Ariza *et al.*, n.d.), and the Sound Scattering Layer Extraction Method (SSLEM; Proud *et al.*, 2015).

Continuous layers were split according to change point detection in the vertical speed of the layer and each part was classified as \""ascending\"", \""descending\"" or \""static\"".

Each row of th..., ","['diel vertical migration', 'Buoyancy', 'aquatic insect', 'Chaoborus', 'Lake Malawi']",Crush-resistant air-sacs allow insect larvae to exploit aquatic habitat at extreme depth,,,,,"['Evan McKenzie', 'Maxon Ngochera', 'Joseph Chombo', 'Hayley McLennan', 'Roland Proud', 'Tahnee Ames', 'Philip Matthews']"
https://pasta.lternet.edu/package/metadata/eml/knb-lter-and/4023/13,https://eml.ecoinformatics.org/eml-2.2.0,2026-06-05T01:45:28.526Z,urn:node:LTER,"In a region dominated by coniferous forests, montane meadows contribute greatly to landscape diversity, wildlife habitat, and other important ecological functions and societal values. Throughout the Pacific Northwest, suppression of fire and changes in climate and grazing pressure have led to rapid succession of meadow to forest. Faced by gradual loss of these habitats, land managers are experimenting with tree removal and prescribed fire as tools for restoration. Research at Bunchgrass Ridge explores the history of conifer encroachment, the consequences for meadow vegetation, and the potential to restore native meadows through tree removal and prescribed burning. Spatially explicit reconstructions of the invasion history provide the context for a large-scale restoration experiment testing the efficacy of tree removal, with or without prescribed fire. Measurements from the experimental plots include pre- and post-treatment data on plant species composition for subplots of known invasion history. Data from adjacent, uninvaded meadows serve as targets for assessing restoration success. Our ultimate goal is to determine whether tree removal is sufficient to reverse the effects of encroachment, whether fire is also necessary, and whether the duration or density of invasion pose barriers to meadow reassembly.","['fire management', 'primary production', 'restoration', 'meadows']","Ecology and restoration of montane meadows at Bunchgrass Ridge near the Andrews Experimental Forest, 1999-2019",44.274994,44.279884,-121.968,-121.96156,['Charles B. Halpern']
sha256:c342ec81d410d46f4f49159bca495126963298fbefc55f29e33048a77216ec6a,science-on-schema.org/Dataset;ld+json,2026-06-05T00:00:00Z,urn:node:BOREALIS,"This dataset compiles rheological parameters for debris flows, mud flows, tailings flows, lahars, and related mass movements extracted from 100 publications spanning from 1938 to 2025, covering events across multiple countries. Main parameters include volumetric concentration, yield stress, viscosity, friction coefficient, Voellmy turbulence coefficient, and constitutive model. Where applicable, flow path and source material characteristics, laboratory test conditions, and numerical simulations details are reported. Records originate from direct field or laboratory measurements or from numerical model back-analyses.","['rheology', 'numerical modelling', 'mass movement', 'Earth and Environmental Sciences', 'Engineering']",A preliminary database of rheological parameters and material properties for subaerial mass flow modelling,,,,,"['Oliveira Rodrigues, Bruno', 'Edocia, Marisa', 'McDougall, Scott', 'Take, Andy']"
https://pasta.lternet.edu/package/metadata/eml/knb-lter-and/3212/7,https://eml.ecoinformatics.org/eml-2.2.0,2026-06-04T23:45:19.959Z,urn:node:LTER,"The Three Sisters Wilderness Area encompasses nearly 100,000 ha of largely undisturbed landscape straddling the crest of the central Cascade Range in Oregon. The landscape is dominated by coniferous forests, but there are also a diversity of non-forested habitats, including meadows, alpine areas, lava flows, and wetlands. In 1976, the Three Sisters was designated a UNESCO Biosphere Reserve, representing the northern half of the Sierra-Cascade Province (it was later withdrawn from the program, together with 17 other U.S. reserves). Integral to the establishment of a Biosphere Reserve is the collection of baseline data on the composition, structure, and distribution of its major plant communities. At the time this study was initiated (1981), basic ecological research in the Three Sisters Wilderness was limited. The goals of this study were two-fold: (1) to characterize the diversity of forested and non-forested plant communities, and their relationships to the physical environment; and (2) to assess historical and ongoing changes in the vegetation across natural forest-meadow boundaries (or ecotones). Two studies were undertaken to address this second goal: a reconstruction of the historical patterns of tree invasion of meadows as related to grazing history, climatic variation, and site environment; and a resampling and analysis of more recent (1983-2009) changes in vegetation across these forest-meadow boundaries.","['climate change', 'vegetation dynamics', 'primary production', 'grazing', 'ecosystems', 'forest ecosystems', 'forests', 'meadows', 'Long-Term Ecological Research (LTER)']","Composition, structure, and dynamics of forest and meadow communities in the Three Sisters Wilderness Area/Biosphere Reserve, 1981-2009",43.925777,44.176575,-122.1296,-121.74005,['Charles B. Halpern']
