title,organisation,licence,offers,formats,modified,url,about
ALR Applications (Spatial View),Agricultural Land Commission,Access Only,file,KML ORACLE_SDE WMS,2026-09-24,https://catalogue.data.gov.bc.ca/dataset/alr-applications-spatial-view,The spatial view APPLICATIONS is a multi part polygon that represents all the spatial extents for applications within the ALR regardless of status or application type.
ALR Notices of Intent (Spatial View),Agricultural Land Commission,Access Only,file,KML ORACLE_SDE WMS,2026-09-24,https://catalogue.data.gov.bc.ca/dataset/alr-notices-of-intent-spatial-view-,ALR_NOI represents all the spatial extents for 'Notices of Intent' within the Agricultural Land Reserve (ALR). 
Community Watersheds (Restricted Access),Aquatic Ecosystems,Access Only,service,MULTIPLE,2025-05-12,https://catalogue.data.gov.bc.ca/dataset/community-watersheds-restricted-access,"This 1:20,000. scale inventory contains digital maps of community watershed boundaries. The watershed boundaries show the location of watersheds that supply communities with domestic water. These are meant to be used in conjunction with stream network map coverages from TRIM mapping. This view has a"
Archaeological Culture Areas,Archaeology,Access Only,file,KML MULTIPLE WMS,2023-06-29,https://catalogue.data.gov.bc.ca/dataset/archaeological-culture-areas,"This spatial layer depicts boundaries of Archaeological Culture Areas. The province of British Columbia is divided into three Archaeological Culture Areas, which are defined by broad criteria (e.g., available resources; climate; language groups) and are used to categorize and predict the distributio"
Archaeology Overview Assessment Culturally Modified Tree Potential,Archaeology,Access Only,service,MULTIPLE,2021-12-10,https://catalogue.data.gov.bc.ca/dataset/archaeology-overview-assessment-culturally-modified-tree-potential,"Represents Culturally Modified Tree (CMT) Archaeology Overview Assessment (AOA) potential polygon data that is currently specific to the Campbell River Forest District (DCR) at the time of initial loading (Feb, 2009). CMT AOA potential polygons are the result of a GIS modeling process that defines a"
Background Groundwater Concentration Region Sample Sites,Authorizations and Remediation,Access Only,file,KML MULTIPLE WMS,2025-03-14,https://catalogue.data.gov.bc.ca/dataset/background-groundwater-concentration-region-sample-sites,Background groundwater concentration values for 27 inorganic parameters collected from specific sites in British Columbia. This data represents the 95th percentile of data collected from all the representative background monitoring wells on an individual site. This data was used to calculate the reg
Background Groundwater Concentration Regions,Authorizations and Remediation,Access Only,file,KML MULTIPLE WMS,2025-03-14,https://catalogue.data.gov.bc.ca/dataset/background-groundwater-concentration-regions,Background groundwater concentration regions with estimates for 27 inorganic parameters in groundwater in British Columbia.
Borehole Log Lithology,Authorizations and Remediation,Access Only,service,MULTIPLE,2026-07-16,https://catalogue.data.gov.bc.ca/dataset/borehole-log-lithology,"Contains data on lithology, hydraulic conductivity and water levels, taken from borehole logs. This layer is a point feature."
Borehole Log Lithology Public View,Authorizations and Remediation,Access Only,file,KML MULTIPLE WMS,2026-07-16,https://catalogue.data.gov.bc.ca/dataset/borehole-log-lithology-public-view,"Contains data on lithology, hydraulic conductivity and water levels, taken from borehole logs. This layer is a point feature and available to Public."
Contaminated Sites Regulation - Natural Wildlands Land Use,Authorizations and Remediation,Access Only,file,KML MULTIPLE WMS,2026-08-25,https://catalogue.data.gov.bc.ca/dataset/contaminated-sites-regulation-natural-wildlands-land-use,Areas identified as Natural Wildlands land use for purposes of the Contaminated Sites Regulation (CSR). Areas identified in this data set are designated protected areas identified in Schedule 2.1 of the CSR and represent areas protected for the primary purpose of supporting natural ecosystems. These
Environmental Remediation Sites,Authorizations and Remediation,Access Only,file,KML MULTIPLE WMS,2026-09-24,https://catalogue.data.gov.bc.ca/dataset/environmental-remediation-sites,"A layer containing data on known and potentially contaminated properties in British Columbia. A site is contaminated if its land, water and/or sediment are unsuitable for particular uses from waste that exceeds environmental quality standards. Contact [BC Registries and Online Services](https://www."
Environmental Remediation Sites - Internal,Authorizations and Remediation,Access Only,service,MULTIPLE,2026-09-24,https://catalogue.data.gov.bc.ca/dataset/environmental-remediation-sites-internal,"A layer containing data on known and potentially contaminated properties in British Columbia. A site is contaminated if its land, water and/or sediment are unsuitable for particular uses from waste that exceeds environmental quality standards. For publicly downloadable data, please use https://catal"
High Volume Receiving Sites,Authorizations and Remediation,Access Only,service,ARCGIS_REST OTHER,2023-03-02,https://catalogue.data.gov.bc.ca/dataset/high-volume-receiving-sites,A point dataset containing geographic features on the high volume sites where soil has been relocated based on the information submitted through the High Volume Site Registration form.
Soil Relocation Receiving Sites,Authorizations and Remediation,Access Only,service,ARCGIS_REST OTHER,2024-08-13,https://catalogue.data.gov.bc.ca/dataset/soil-relocation-receiving-sites,A point dataset containing geographic features on the sites where soil has been relocated based on the information submitted through the Soil Relocation Notification form.
Soil Relocation Source Sites,Authorizations and Remediation,Access Only,service,ARCGIS_REST OTHER,2024-08-13,https://catalogue.data.gov.bc.ca/dataset/soil-relocation-source-sites,A feature layer containing geographic features about the source sites of the relocated soil based on the information submitted through the Soil Relocation Notification form.
BC Assessment - Addresses View,BC Assessment Authority,Access Only,file,GPKG ORACLE_SDE,2026-09-22,https://catalogue.data.gov.bc.ca/dataset/bc-assessment-addresses-view,This Data Advice folio view is derived from joining the [Data Advice](https://catalogue.data.gov.bc.ca/dataset/e67d97b0-f9f0-4797-8025-d6c96deb7d29) XML file and the [BC Assessment Fabric](https://catalogue.data.gov.bc.ca/dataset/fa31effb-a248-48ac-ab02-9bcbf9e749a3) to theme out the property addres
BC Assessment - Data Advice,BC Assessment Authority,Access Only,file,GPKG MULTIPLE PDF XLSX XML,2026-09-08,https://catalogue.data.gov.bc.ca/dataset/bc-assessment-data-advice,"In 1974, the Government of British Columbia created BC Assessment (BCA) as a Crown Corporation, funded primarily through a property tax levy, with the legislated mandate to provide “assessments that are uniform in the whole of the province” in accordance with the Assessment Act. Since its inception,"
"BC Assessment - Folio Summaries By Census Subdivision, Census Division, and Economic Region",BC Assessment Authority,Access Only,file,CSV MULTIPLE,2026-01-27,https://catalogue.data.gov.bc.ca/dataset/bc-assessment-folio-summaries-by-census-subdivision-census-division-and-economic-region,"In 1974, the Government of British Columbia created BC Assessment (BCA) as a Crown Corporation, funded primarily through a property tax levy, with the legislated mandate to provide “assessments that are uniform in the whole of the province” in accordance with the Assessment Act. Since its inception,"
BC Assessment - Land Characteristics View,BC Assessment Authority,Access Only,file,GPKG ORACLE_SDE,2026-09-22,https://catalogue.data.gov.bc.ca/dataset/bc-assessment-land-characteristics-view,This Data Advice folio view is derived from joining the [Data Advice](https://catalogue.data.gov.bc.ca/dataset/e67d97b0-f9f0-4797-8025-d6c96deb7d29) XML file and the [BC Assessment Fabric](https://catalogue.data.gov.bc.ca/dataset/fa31effb-a248-48ac-ab02-9bcbf9e749a3) to theme out the property land c
BC Assessment - Legal Descriptions View,BC Assessment Authority,Access Only,file,GPKG ORACLE_SDE,2026-09-22,https://catalogue.data.gov.bc.ca/dataset/bc-assessment-legal-descriptions-view,This Data Advice folio view is derived from joining the [Data Advice](https://catalogue.data.gov.bc.ca/dataset/e67d97b0-f9f0-4797-8025-d6c96deb7d29) XML file and the [BC Assessment Fabric](https://catalogue.data.gov.bc.ca/dataset/fa31effb-a248-48ac-ab02-9bcbf9e749a3) to theme out the legal descripti
BC Assessment - Non-Residential Inventory,BC Assessment Authority,Access Only,file,CSV MULTIPLE PDF TXT,2026-09-22,https://catalogue.data.gov.bc.ca/dataset/bc-assessment-non-residential-inventory,"The BCA Non-Residential Inventory Extract contains a record or row for every building or part of a building in a jurisdictional or area, unless it has been omitted for privacy reasons. Non-residential properties are assessed using different approaches, dependent on multiple factors including, for ex"
BC Assessment - Permits,BC Assessment Authority,Access Only,file,MULTIPLE PDF TXT,2026-09-03,https://catalogue.data.gov.bc.ca/dataset/bc-assessment-permits,"The Service (Permit) is a written licence or warrant [e.g. document] issued by a person with authority empowering the grantee to do some act not forbidden by law, but not allowable without such authority. (Black's Law Dictionary, 6th Ed). Permits are typically issued for a short-term and generally d"
BC Assessment - Property Descriptions View,BC Assessment Authority,Access Only,file,GPKG ORACLE_SDE,2026-09-22,https://catalogue.data.gov.bc.ca/dataset/bc-assessment-property-descriptions-view,This Data Advice folio view is derived from joining the [Data Advice](https://catalogue.data.gov.bc.ca/dataset/e67d97b0-f9f0-4797-8025-d6c96deb7d29) XML file and the [BC Assessment Fabric](https://catalogue.data.gov.bc.ca/dataset/fa31effb-a248-48ac-ab02-9bcbf9e749a3) to theme out the property descri
BC Assessment - Property Sales View,BC Assessment Authority,Access Only,file,GPKG MULTIPLE ORACLE_SDE,2026-09-22,https://catalogue.data.gov.bc.ca/dataset/bc-assessment-property-sales-view,"Data Advice Sales History folio (subset), is derived from joining the [Data Advice](https://catalogue.data.gov.bc.ca/dataset/e67d97b0-f9f0-4797-8025-d6c96deb7d29) XML file and the [BC Assessment Fabric](https://catalogue.data.gov.bc.ca/dataset/fa31effb-a248-48ac-ab02-9bcbf9e749a3) to theme out the s"
BC Assessment - Property Values View,BC Assessment Authority,Access Only,file,GPKG ORACLE_SDE,2026-09-22,https://catalogue.data.gov.bc.ca/dataset/bc-assessment-property-values-view,This Data Advice folio view is derived from joining the [Data Advice](https://catalogue.data.gov.bc.ca/dataset/e67d97b0-f9f0-4797-8025-d6c96deb7d29) XML file and the [BC Assessment Fabric](https://catalogue.data.gov.bc.ca/dataset/fa31effb-a248-48ac-ab02-9bcbf9e749a3) to theme out the property value 
BC Assessment - Residential Inventory,BC Assessment Authority,Access Only,file,CSV MULTIPLE PDF TXT,2026-09-22,https://catalogue.data.gov.bc.ca/dataset/bc-assessment-residential-inventory,"The BCA Residential Inventory Extract contains a record or row for every building or part of a building in a jurisdictional or area, unless it has been omitted for privacy reasons. <b/>Who can have Access:</b> Use of these data is restricted to internal BC Government named users and some B.C. Post S"
Aggregate Inventory 1996,BC Geological Survey,Access Only,file,CSV OTHER,2023-08-29,https://catalogue.data.gov.bc.ca/dataset/aggregate-inventory-1996,"This database of private aggregate pits in British Columbia was compiled in 1996 as part of the BC Geological Survey Branch's Aggregate Inventory Project. In this compilation, private pits were considered to be only those natural aggregate occurrences for which an application by an operator for a No"
Aggregate Resource Potential Maps,BC Geological Survey,Access Only,file,SHP,2022-09-08,https://catalogue.data.gov.bc.ca/dataset/aggregate-resource-potential-maps,"An aggregate potential map typically outlines areas of aggregate resource potential as polygons on the map and qualitatively ranks the relative potential of the areas. Rankings assigned are Historic (which represent recent and present producing areas), Primary, Secondary, Tertiary (potential hosts t"
Assessment Report Index System (ARIS) Database,BC Geological Survey,Access Only,file,KML MULTIPLE WMS,2026-09-24,https://catalogue.data.gov.bc.ca/dataset/assessment-report-index-system-aris-database,"The British Columbia Geological Survey (BCGS) manages and maintains a library of over 39,600 mineral Assessment Reports. These reports have been filed by the exploration and mining industry since 1947 and describe exploration work costing over 2.8 billion dollars. The reports contain information on "
Assessment Report-Sourced Surface Sediment Geochemical Sample (ARSSG) database,BC Geological Survey,Access Only,file,OTHER ZIP,2023-08-29,https://catalogue.data.gov.bc.ca/dataset/assessment-report-sourced-surface-sediment-geochemical-sample-arssg-database,"This database contains assessment report-source surface sediment geochemical (ARSSG) data (e.g. soil, silt, stream sediment, and till) mainly from the Interior Plateau, and includes location coordinates, sampling parameters and notes, laboratory information, sample preparation methods, and analytica"
BC Geological Survey Publications Catalogue,BC Geological Survey,Access Only,file,CSV HTML,2022-06-09,https://catalogue.data.gov.bc.ca/dataset/bc-geological-survey-publications-catalogue,"Since its inception in 1895, the British Columbia Geological Survey has created, delivered, and archived geoscience data. The British Columbia Geological Survey (BCGS) Publications Catalogue is an index of over 5580 publications, articles and databases of the BCGS, Petroleum Geoscience, and Geoscien"
BC METAL - Historical Metal Production 1888-1988,BC Geological Survey,Access Only,file,CSV PDF XLSX,2023-08-29,https://catalogue.data.gov.bc.ca/dataset/bc-metal-historical-metal-production-1888-1988,BC Metal is the historical metal production database for the Province of British Columbia. It contains mine attribute (BCMETAL_ID) and metal production (BCMETAL_PROD) tables for 1452 metal mines operating within the province between 1888 and 1988. Reports in PDF format are available with sorts by Mi
COALFILE Database,BC Geological Survey,Access Only,file,CSV SHP XLSX ZIP,2023-08-29,https://catalogue.data.gov.bc.ca/dataset/coalfile-database,"COALFILE documents a collection of 1029 Coal Assessment Reports, which describe exploration and development activity on coal dating from 1990. Many of the reports have been submitted by exploration companies in compliance with the Coal Act. Coal assessment reports have a confidential status for thre"
Coal Ash Chemistry,BC Geological Survey,Access Only,file,CSV XLSX,2023-08-29,https://catalogue.data.gov.bc.ca/dataset/coal-ash-chemistry,"Ash is the inorganic residue remaining after coal combusts. It is composed of oxides of the mineral content in the coal. Coal ash chemistry can have a significant influence on coke strength after reaction (CSR), an important measure of coking coal quality. Coals that were overlain by non-marine depo"
Federal Offshore Exploratory Wells,BC Geological Survey,Access Only,file,KML ORACLE_SDE WMS,2025-03-06,https://catalogue.data.gov.bc.ca/dataset/federal-offshore-exploratory-wells,"Exploratory Wells - Consists of one layer, point locations of wells off coast of BC. Data is available from Natural Resource Canada."
Federal Offshore Oil and Gas Tenures,BC Geological Survey,Access Only,file,KML ORACLE_SDE WMS,2025-03-06,https://catalogue.data.gov.bc.ca/dataset/federal-offshore-oil-and-gas-tenures,"Federal Offshore Oil and Gas Tenures, obtained from NRCan in 2003."
Geology Quaternary Alluvium and Cover,BC Geological Survey,Access Only,file,KML MULTIPLE SHP WMS,2023-06-29,https://catalogue.data.gov.bc.ca/dataset/geology-quaternary-alluvium-and-cover,"Quaternary Alluvium and Cover is a data set that is represented as a cover layer on the maps of MapPlace. It is part of the British Columbia Digital Geology, which is the data source used for the seamless province-wide, up-to-date, and detailed bedrock geology. The bedrock geology integrates all det"
Ice-flow indicator compilation,BC Geological Survey,Access Only,file,FGDB PDF SHP,2023-08-29,https://catalogue.data.gov.bc.ca/dataset/ice-flow-indicator-compilation,"Building on previous ice-flow indicator compilations for British Columbia, this map and database illustrate major ice-flow directions for the Canadian sector of the Cordilleran ice sheet during the Late Pleistocene. The data were derived from published and unpublished surficial geology, terrain, and"
Isotopic Age Determinations for Rock Units,BC Geological Survey,Access Only,file,CSV,2023-08-29,https://catalogue.data.gov.bc.ca/dataset/isotopic-age-determinations-for-rock-units,"BCAge database contains all reported non-proprietary isotopic age determinations for bedrock units from British Columbia, Alberta, Washington and Alaska. The database contains 7759 age determinations from 4828 rock samples, summarizing 622 published articles, theses or unpublished reports. The data "
Lithogeochemical Database,BC Geological Survey,Access Only,file,CSV PDF XLSX,2022-06-09,https://catalogue.data.gov.bc.ca/dataset/lithogeochemical-database,"A new database system was developed to maintain, update, and manage province-wide lithogeochemical data collected by British Columbia Geological Survey (BCGS) geoscientists and their research partners. The database, released as BCGS GeoFile 2016-04, is populated with data compiled from 214 BCGS publ"
MINFILE Inventory Database,BC Geological Survey,Access Only,file,CSV KML MULTIPLE WMS XLSX,2026-09-24,https://catalogue.data.gov.bc.ca/dataset/minfile-inventory-database,"Mineral Inventory describes the extent and volume of the reserve contained within a mineral deposit described by its referenced MINFILE_File record. MINFILE contains geological, location and economic information on 15,142 metallic, industrial mineral and coal occurrences in British Columbia. The dat"
MINFILE Mineral Occurrence Database,BC Geological Survey,Access Only,file,CSV KML MULTIPLE WMS XLSX ZIP,2026-09-24,https://catalogue.data.gov.bc.ca/dataset/minfile-mineral-occurrence-database,"The mineral occurrence feature depicts a body of rock containing, or thought to contain, ore minerals or potential ore minerals. A geographic location depicts the most significant physical reference point to the mineralization. MINFILE contains geological, location and economic information on over 1"
MINFILE Production Database,BC Geological Survey,Access Only,file,CSV KML MULTIPLE WMS XLSX,2026-09-24,https://catalogue.data.gov.bc.ca/dataset/minfile-production-database,"MINFILE contains geological, location and economic information on 15,142 metallic, industrial mineral and coal occurrences in British Columbia. The database is used by government, industry and academia for resource management, land-use planning, exploration and research. Production is linked by the "
Mineral Deposit Profiles,BC Geological Survey,Access Only,file,CSV XLSX,2023-08-29,https://catalogue.data.gov.bc.ca/dataset/mineral-deposit-profiles,"Mineral Deposit Profiles provide brief summaries of the types of mineral deposits found in British Columbia. They include descriptions of host rocks, mineralogy, alteration, tectonic setting, associations, genetic models, and exploration guides, and give typical examples with grades and tonnages. Of"
Mineral Potential,BC Geological Survey,Access Only,file,KML MULTIPLE WMS,2023-08-28,https://catalogue.data.gov.bc.ca/dataset/mineral-potential,A seamless polygon coverage depicting the mineral resource assessment tracts defined during the 1992-1997 Mineral Potential project. The tracts (794) are based on common geologic characteristics and are given a relative rank from 1 to 794( highest) based on the likelihood of discovering new metallic
Property File Index,BC Geological Survey,Access Only,file,CSV XLSX,2023-08-29,https://catalogue.data.gov.bc.ca/dataset/property-file-index,"Property File is a collection of over 90,000 documents associated with mineral occurrences, donated by industry or individuals, or collected by British Columbia Geological Survey (BCGS) staff. These documents extend back over 150 years and include unpublished reports, theses, papers, field notes, co"
Prospectors Reports,BC Geological Survey,Access Only,file,CSV PDF XLSX,2023-08-29,https://catalogue.data.gov.bc.ca/dataset/prospectors-reports,"Under the Prospectors Assistance Program (now discontinued) grants were provided to encourage grassroots prospecting in British Columbia. The Prospectors Assistance program contributed up to 75 per cent of the eligible costs of a proposed prospecting program to a maximum of $10,000. Reports were sub"
Provincial Offshore Oil and Gas Tenures,BC Geological Survey,Access Only,file,KML MULTIPLE WMS,2025-03-06,https://catalogue.data.gov.bc.ca/dataset/provincial-offshore-oil-and-gas-tenures,Location of Provincial offshore oil and gas tenures
Regional Geochemical Lake Surveys,BC Geological Survey,Access Only,file,ZIP,2022-06-09,https://catalogue.data.gov.bc.ca/dataset/regional-geochemical-lake-surveys,"In parts of British Columbia where topography is subdued, surface drainage is poor and there is an abundance of lakes, lake sediment and water surveys are a valuable exploration tool for delineating regional geochemical patterns and detecting anomalous metal concentrations related to mineral occurre"
Regional Geochemical Survey Areas,BC Geological Survey,Access Only,file,CSV KML WMS ZIP,2023-06-29,https://catalogue.data.gov.bc.ca/dataset/regional-geochemical-survey-areas,The joint federal-provincial Regional Geochemical Surveys (RGS) have been carried out in British Columbia since 1976 as part of the National Geochemical Reconnaissance (NGR) program to aid exploration and development of mineral resources. The British Columbia Geological Survey maintains provincial g
Rock Properties Database,BC Geological Survey,Access Only,file,CSV XLS,2021-07-22,https://catalogue.data.gov.bc.ca/dataset/rock-properties-database,"The Rock Properties Database is a collaborative Geoscience BC project among Mira Geoscience, the Geological Survey of Canada and CAMIRO. This database brings together geophysical and geological information into a common format, facilitating interpretation of rock properties and corresponding geologi"
Sedimentary Basins,BC Geological Survey,Access Only,file,KML MULTIPLE WMS,2025-03-06,https://catalogue.data.gov.bc.ca/dataset/sedimentary-basins,Pacific Coast Sedimentary Basins areas of petroleum extraction potential
Surficial Geology Map Index,BC Geological Survey,Access Only,file,CSV KMZ PDF ZIP,2022-06-09,https://catalogue.data.gov.bc.ca/dataset/surficial-geology-map-index,"Presented here is a surficial geology map index for British Columbia, which is published as BCGS Open File 2019-03. The 241 maps indexed were produced by the British Columbia Geological Survey, the Geological Survey of Canada (GSC), and Geoscience BC. Only maps available for digital download are inc"
Till Geochemistry Data,BC Geological Survey,Access Only,file,CSV XLSX,2022-06-09,https://catalogue.data.gov.bc.ca/dataset/till-geochemistry-data,Till geochemistry surveys are targeted at regions of high mineral potential where glacial sediments cover and obscure the underlying bedrock. These surveys are conducted in conjunction with surficial geology mapping. British Columbia Geological Survey GeoFile 2017-09 provides the complete data set o
Till Geochemistry Surveys,BC Geological Survey,Access Only,file,CSV PDF,2022-06-09,https://catalogue.data.gov.bc.ca/dataset/till-geochemistry-surveys,Till geochemistry surveys are targeted at regions of high mineral potential where glacial sediments cover and obscure the underlying bedrock. These surveys are conducted in conjunction with surficial geology mapping. British Columbia Geological Survey Open File 2019-04 indexes geographically referen
BC Hydro Resource Options Mapping - 2013,BC Hydro and Power Authority,Access Only,file,KML ORACLE_SDE WMS,2023-06-29,https://catalogue.data.gov.bc.ca/dataset/bc-hydro-resource-options-mapping-2013,"A spatially enabled GIS dataset of BC Hydro's Resource Option Database (RODAT), containing all key detailes about potential generation resources."
Parks and Protected Areas Regional Boundaries,BC Parks,Access Only,file,KML MULTIPLE WMS,2023-06-29,https://catalogue.data.gov.bc.ca/dataset/parks-and-protected-areas-regional-boundaries,The spatial representation for Parks and Protected Areas Administrative Regions. A Parks and Protected Area Administrative Region is an administrative area established by the Ministry and is an administrative area which is used to manage regional activites.
Parks and Protected Areas Section Boundaries,BC Parks,Access Only,file,KML MULTIPLE WMS,2025-06-03,https://catalogue.data.gov.bc.ca/dataset/parks-and-protected-areas-section-boundaries,The spatial representation for Parks and Protected Areas Administrative Sections which are a subset of the regional structure. A Parks and Protected Area Administrative Section is an administrative area established by the Ministry and is an administrative area which is used to manage internal region
Protected Lands Access Restrictions,BC Parks,Access Only,file,ARCGIS_REST KML MULTIPLE WMS,2026-09-24,https://catalogue.data.gov.bc.ca/dataset/protected-lands-access-restrictions,"Protected Lands access restrictions include if a BC Park, Ecological Reserve, Protected Area, Recreation Area or Conservancy Area have access or use restrictions applied. This includes full closures, partial closures, if inaccessible, and restrictions/permits are required. This dataset also includes"
Protected Lands Access Restrictions - Points,BC Parks,Access Only,file,ARCGIS_REST KML MULTIPLE WMS,2026-09-24,https://catalogue.data.gov.bc.ca/dataset/protected-lands-access-restrictions-points,"Protected Lands access restrictions include if a BC Park, Ecological Reserve, Protected Area, Recreation Area or Conservancy Area have access or use restrictions applied. This includes full closures, partial closures, if inaccessible, and restrictions/permits are required. This dataset also includes"
Terrestrial Protected Area Representation by Ecosection (Not Distributed),BC Parks,Access Only,file,KML ORACLE_SDE WMS,2023-06-29,https://catalogue.data.gov.bc.ca/dataset/terrestrial-protected-area-representation-by-ecosection-not-distributed,PASO DOMINANT BEI ECOSYS SVW combines the Broad Ecosystem Inventory Polygon (BEI) geometry with data collected through the Broad Ecosystem Inventory Polygon Data Entry Form.
Terrestrial Protected Areas Representation by Biogeoclimatic Code (PARC),BC Parks,Access Only,file,KML MULTIPLE WMS,2026-08-07,https://catalogue.data.gov.bc.ca/dataset/terrestrial-protected-areas-representation-by-biogeoclimatic-code-parc-,"Biogeoclimatic Ecosystem Classification (BEC) zone boundaries with percent protected, number of overlapping protected areas and other attributes added as a result of geoprocessing. Protected area and park representation by BEC zone provides a zonal ecosystem context for natural resource planning pro"
Terrestrial Protected Areas Representation by Biogeoclimatic Zone (PARC),BC Parks,Access Only,file,KML MULTIPLE WMS,2026-08-07,https://catalogue.data.gov.bc.ca/dataset/terrestrial-protected-areas-representation-by-biogeoclimatic-zone-parc-,"Biogeoclimatic Ecosystem Classification (BEC) zone boundaries with percent protected, number of overlapping protected areas and other attributes added as a result of geoprocessing. Protected area and park representation by BEC zone provides a zonal ecosystem context for natural resource planning pro"
Terrestrial Protected Areas Representation by Ecosection (PARC),BC Parks,Access Only,file,KML MULTIPLE WMS,2026-08-07,https://catalogue.data.gov.bc.ca/dataset/terrestrial-protected-areas-representation-by-ecosection-parc-,Combines the Broad Ecosystem Inventory Polygon (BEI) geometry with data collected through the Broad Ecosystem Inventory Polygon Data Entry Form.
Country Trade App Data,BC Stats,Access Only,file,CSV,2026-06-26,https://catalogue.data.gov.bc.ca/dataset/country-trade-app-data,"Data published to the BC Stats Country Trade application: https://bcstats.shinyapps.io/CountryTradeApp/. For immigration data, all values between 0 and 5 are shown as “0”. This is done to prevent individuals from being identified when IRCC data is compiled and compared to other publicly available st"
BC Timber Sales Block Access Roads,BC Timber Sales ,Access Only,service,MULTIPLE,2026-09-21,https://catalogue.data.gov.bc.ca/dataset/bc-timber-sales-block-access-roads,This spatial layer represents BC Timber Sales block access roads for the province as defined by the road steward. 
BC Timber Sales Non Developed Blocks,BC Timber Sales ,Access Only,service,MULTIPLE,2026-09-21,https://catalogue.data.gov.bc.ca/dataset/bc-timber-sales-non-developed-blocks,"Geographic boundaries of BC Timber Sales (BCTS) non-developed blocks (Status is: Proposed, Annual Developed Volume or Work In Progress) . This is a polygon layer. "
BCTS Cut Permit / Road Permit Regulation - Blocks,BC Timber Sales ,Access Only,file,KML MULTIPLE WMS,2026-09-21,https://catalogue.data.gov.bc.ca/dataset/bcts-cut-permit-road-permit-regulation-blocks,These are the planned harvest blocks where BC Timber Sales (BCTS) identifies sustainable harvest units that provide the cost and price benchmarks for timber harvested from public land in British Columbia. 
BCTS Operating Areas,BC Timber Sales ,Access Only,file,KML MULTIPLE WMS,2026-08-27,https://catalogue.data.gov.bc.ca/dataset/bcts-operating-areas,These operating areas assist BC Timber Sales (BCTS) in accessing sustainable harvest units to provide the cost and price benchmark or market value for timber harvested from public land in British Columbia.
BCTS Planned Roads,BC Timber Sales ,Access Only,file,KML MULTIPLE WMS,2026-09-21,https://catalogue.data.gov.bc.ca/dataset/bcts-planned-roads,These planned roads assist BC Timber Sales (BCTS) in accessing sustainable harvest units to provide the cost and price benchmark for timber harvested from public land in British Columbia. 
BCTS Sales Schedule - Public Access,BC Timber Sales ,Access Only,service,MULTIPLE,2026-09-24,https://catalogue.data.gov.bc.ca/dataset/bcts-sales-schedule-public-access,The BCTS Sales Schedule is a spatial view that provides information on the current BC Timber Sales opportunities across the Province. This is a rolling sales schedule that will show four fiscal year quarters of BC Timber Sales (BCTS) auction opportunities at any time. The Sales Schedule view data is
BC Wildfire Active Weather Stations and Data,BC Wildfire Service,Access Only,file,CSV KML MULTIPLE ORACLE_SDE OTHER WMS,2026-09-24,https://catalogue.data.gov.bc.ca/dataset/bc-wildfire-active-weather-stations,"This dataset contains point locations for actively reporting BC Wildfire Service (BCWS) weather stations. BCWS operates a network of automated hourly reporting weather stations to support all aspects of fire management. The data are used as input to the Canadian Forest Fire Danger Rating System, as "
BC Wildfire Area Restrictions,BC Wildfire Service,Access Only,file,ARCGIS_REST KML MULTIPLE WMS,2026-09-24,https://catalogue.data.gov.bc.ca/dataset/bc-wildfire-area-restrictions,British Columbia Area Restrictions are identified as areas that are put into place to help protect public safety and allow fire suppression efforts to continue efficiently. This is outlined under Sec 11(2) of the Wildfire Act.
BC Wildfire Bans and Prohibitions,BC Wildfire Service,Access Only,file,ARCGIS_REST HTML KML MULTIPLE WMS,2026-09-24,https://catalogue.data.gov.bc.ca/dataset/bc-wildfire-bans-and-prohibitions,"BC Wildfire Prohibitions (fire bans) and restrictions are made under Sec 10, 11, 12 of the Wildfire Act. Prohibitions and restrictions apply to all land described in the legal order. Municipalities regulate open fire within their boundaries. This data does not show municipal prohibitions or restrict"
BC Wildfire CRI Fuel Treatments,BC Wildfire Service,Access Only,file,HTML KML MULTIPLE OTHER WMS,2026-08-12,https://catalogue.data.gov.bc.ca/dataset/bc-wildfire-cri-fuel-treatments,"Compilation of operational fuel management data provided to BC Wildfire but managed through the the Community Resiliency Investment (CRI) program. For more information (including net treatment info or documents) contact the Fire Centre, Local Government or First Nations Band. Polygons in this data m"
BC Wildfire Danger Rating,BC Wildfire Service,Access Only,file,ARCGIS_REST HTML KML MULTIPLE WMS,2026-09-24,https://catalogue.data.gov.bc.ca/dataset/bc-wildfire-danger-rating,Danger Rating is a visual representation based on weather information to determine the risk of a wildfire starting.
BC Wildfire Fire Centres,BC Wildfire Service,Access Only,file,ARCGIS_REST KML MULTIPLE ORACLE_SDE OTHER WMS,2024-04-29,https://catalogue.data.gov.bc.ca/dataset/bc-wildfire-fire-centres,BC Wildfire Service Fire Centre jurisdiction boundaries.
BC Wildfire Fire Fuel Types - Public,BC Wildfire Service,Access Only,file,FGDB KML MULTIPLE ORACLE_SDE OTHER WMS,2025-05-07,https://catalogue.data.gov.bc.ca/dataset/bc-wildfire-fire-fuel-types-public,"This polygon layer classifies the entire province into fuel types from the Canadian Fire Behaviour Prediction System for the purpose of modeling wildfire behaviour. The source data is primarily from BC Vegetation Resource Inventory (VRI) polyons, using an algorithm based on vegetation attributes (sp"
BC Wildfire Fire Zones,BC Wildfire Service,Access Only,file,KML MULTIPLE ORACLE_SDE WMS,2023-06-29,https://catalogue.data.gov.bc.ca/dataset/bc-wildfire-fire-zones,"Ministry of Forests, Lands and Natural Resource Operations, BC Wildfire Service Fire Zone jurisdictional boundaries"
BC Wildfire OFTS Burn Registration Locations - Active,BC Wildfire Service,Access Only,service,ARCGIS_REST OTHER,2022-08-03,https://catalogue.data.gov.bc.ca/dataset/bc-wildfire-ofts-burn-registration-locations-active,"The Open Fire Tracking System (OFTS) Data contains active Burn Registration Numbers that are used to track all large burning projects, for both private property burns and forestry industry burns, throughout the province. Clients register their burns with their property information, number of piles/s"
BC Wildfire PSTA Fire Density,BC Wildfire Service,Access Only,file,FGDB KML MULTIPLE OTHER WMS,2026-08-06,https://catalogue.data.gov.bc.ca/dataset/bc-wildfire-psta-fire-density,"Provincial Strategic Threat Analysis (PSTA) is designed to consistently assess and map potential wildfire threats to values across the landscape (including communities, infrastructure and natural resources) and to integrate different aspects of wildfire hazard and risk. The fire density layer was an"
BC Wildfire PSTA Fire Threat Rating,BC Wildfire Service,Access Only,file,FGDB KML MULTIPLE OTHER WMS,2026-08-05,https://catalogue.data.gov.bc.ca/dataset/bc-wildfire-psta-fire-threat-rating,"Provincial Strategic Threat Analysis (PSTA) is designed to consistently assess and map potential wildfire threats to values across the landscape (including communities, infrastructure and natural resources) and to integrate different aspects of wildfire hazard and risk. This polygon dataset was deri"
BC Wildfire PSTA Head Fire Intensity,BC Wildfire Service,Access Only,file,FGDB KML MULTIPLE OTHER WMS,2026-08-05,https://catalogue.data.gov.bc.ca/dataset/bc-wildfire-psta-head-fire-intensity,"Provincial Strategic Threat Analysis (PSTA) is designed to consistently assess and map potential wildfire threats to values across the landscape (including communities, infrastructure and natural resources) and to integrate different aspects of wildfire hazard and risk. The Head Fire Intensity (HFI)"
BC Wildfire PSTA Human Fire Density,BC Wildfire Service,Access Only,file,FGDB KML MULTIPLE OTHER WMS,2026-08-06,https://catalogue.data.gov.bc.ca/dataset/bc-wildfire-psta-human-fire-density,"Provincial Strategic Threat Analysis (PSTA) is designed to consistently assess and map potential wildfire threats to values across the landscape (including communities, infrastructure and natural resources) and to integrate different aspects of wildfire hazard and risk. The fire density layer was an"
BC Wildfire PSTA Lightning Fire Density,BC Wildfire Service,Access Only,file,FGDB KML MULTIPLE OTHER WMS,2026-08-06,https://catalogue.data.gov.bc.ca/dataset/bc-wildfire-psta-lightning-fire-density,"Provincial Strategic Threat Analysis (PSTA) is designed to consistently assess and map potential wildfire threats to values across the landscape (including communities, infrastructure and natural resources) and to integrate different aspects of wildfire hazard and risk. The fire density layer was an"
BC Wildfire PSTA Spotting Impact,BC Wildfire Service,Access Only,file,FGDB KML MULTIPLE OTHER WMS,2026-08-06,https://catalogue.data.gov.bc.ca/dataset/bc-wildfire-psta-spotting-impact,"Provincial Strategic Threat Analysis (PSTA) is designed to consistently assess and map potential wildfire threats to values across the landscape (including communities, infrastructure and natural resources) and to integrate different aspects of wildfire hazard and risk. Spotting was modeled by fuel "
BC Wildfire Prescribed Fire Locations,BC Wildfire Service,Access Only,service,ARCGIS_REST HTML,2022-06-22,https://catalogue.data.gov.bc.ca/dataset/bc-wildfire-prescribed-fire-locations,Prescribed Fire Locations as identified by Fire Centres. Prescribed Fire is the planned and controlled application of fire to a specific land area and is one of the most ecologically appropriate and relatively efficient means for achieving planned public safety and resource management objectives. 
BC Wildfire WUI Human Interface Buffer,BC Wildfire Service,Access Only,file,FGDB KML MULTIPLE OTHER WMS,2026-08-06,https://catalogue.data.gov.bc.ca/dataset/bc-wildfire-wui-human-interface-buffer,"The Wildland Urban Interface (WUI) buffer is defined as a maximum of two kilometers from the structure density class greater than 6. As defined in the FireSmart manual, the WUI is any area where combustible forest fuel is found adjacent to homes, farm structures or other outbuildings. This may occur"
BC Wildfire Wildland Urban Interface 1km Buffer,BC Wildfire Service,Access Only,file,FGDB KML MULTIPLE OTHER WMS,2023-06-29,https://catalogue.data.gov.bc.ca/dataset/bc-wildfire-wildland-urban-interface-1km-buffer,"The 1km Buffer dataset denotes the eligible area of the Wildland Urban Interface (WUI), for the purpose of the FireSmart Community Funding & Supports program (FCFS), that qualifies for the criteria for funding activities. It is defined as a maximum of one kilometer from the structure density class g"
BC Wildfire Wildland Urban Interface Risk Class,BC Wildfire Service,Access Only,file,FGDB KML MULTIPLE OTHER WMS,2026-08-06,https://catalogue.data.gov.bc.ca/dataset/bc-wildfire-wildland-urban-interface-risk-class,A structure density feature class from the 2020 Wildland Urban Interface project was used as the starting point for this feature class. Only density polygons of class 3 or greater were used. These are 25 or more structures per square kilometer. The structure density polygons were buffered at 2.75km 
Diagnostic Facilities,Beneficiary and Diagnostic Services,Access Only,file,KML MULTIPLE WMS,2026-09-10,https://catalogue.data.gov.bc.ca/dataset/diagnostic-facilities,"This dataset represents approved Diagnostic Facilities in BC. There are nine types of facilities defined within the dataset, also referred to as modalities: Diagnostic Ultrasound, Electroencephalography, Electromyography, Laboratory Medicine, Nuclear Medicine, Polysomnography, Pulmonary Function, Ra"
Container Trucking Zones,British Columbia Container Trucking Commissioner,Access Only,file,KML ORACLE_SDE WMS,2026-08-06,https://catalogue.data.gov.bc.ca/dataset/container-trucking-zones,"Container Trucking Zones provides boundaries and corresponding rate information in Canadian dollars for licensed on and off dock container moves. ***The map shown on this webpage is intended for use as general information only, and is not intended to supplant or interpret the provisions of any Rate "
Oil and Gas Administrative Zones,British Columbia Energy Regulator,Access Only,file,KML MULTIPLE WMS,2026-09-24,https://catalogue.data.gov.bc.ca/dataset/ogc-oil-and-gas-administrative-zones,The Energy Regulator has broken application and inspection areas into a regional model structure encompassing five areas of the Province. These geographic zones are used to accommodate application processing for oil and gas activities.
Oil and Gas Associated and Ancillary Applications,British Columbia Energy Regulator,Access Only,file,KML MULTIPLE WMS,2026-09-24,https://catalogue.data.gov.bc.ca/dataset/oil-and-gas-commission-associated-and-ancillary-applications,Proposed applications for Canada Energy Regulator (CER) related ancillary features and Energy Resources Activities Act (ERAA) associated oil and gas activities collected through the BC Energy Regulator's Application Management System (AMS). Associated oil and gas activities are related activities wh
Oil and Gas Changes In and About a Stream Applications,British Columbia Energy Regulator,Access Only,file,KML MULTIPLE WMS,2026-09-24,https://catalogue.data.gov.bc.ca/dataset/oil-and-gas-commission-changes-in-and-about-a-stream-applications,"Point locations indicating proposed applications for changes in and around a stream. Common changes in and about a stream activities include the construction, maintenance and removal of watercourse crossings and crossing structures. Other types of works that comprise changes in and about a stream in"
Oil and Gas Changes In and About a Stream Permits,British Columbia Energy Regulator,Access Only,file,KML MULTIPLE WMS,2026-09-24,https://catalogue.data.gov.bc.ca/dataset/oil-and-gas-commission-changes-in-and-about-a-stream-permits,"Point locations for approved activities for changes in and around a stream. Common changes in and about a stream activities include the construction, maintenance and removal of watercourse crossings and crossing structures. Other types of works that comprise changes in and about a stream include str"
Oil and Gas Engineering Projects (Public Version),British Columbia Energy Regulator,Access Only,file,KML MULTIPLE WMS,2026-09-24,https://catalogue.data.gov.bc.ca/dataset/ogc-engineering-projects-public-version,"Energy Regulator Engineering Project approvals may be issued, upon application, under the authority of Section 100 of the Drilling and Production Regulation or Section 97 of the Petroleum and Natural Gas Act, depending on project type. Projects grant the applicant operating latitude, under specific "
Oil and Gas Facility Location Permits,British Columbia Energy Regulator,Access Only,file,KML MULTIPLE WMS,2026-09-24,https://catalogue.data.gov.bc.ca/dataset/oil-and-gas-commission-facility-location-permits,"Facilities are an oil and gas activity, defined in the Energy Resources Activities Act as a system of vessels, piping, valves, tanks and other equipment used to gather, process, measure, store or dispose of petroleum, natural gas, water or a substance referred to in paragraph (d) or (e) of the defin"
Oil and Gas Fields,British Columbia Energy Regulator,Access Only,file,KML MULTIPLE WMS,2026-09-24,https://catalogue.data.gov.bc.ca/dataset/ogc-oil-and-gas-fields,"A pool, or group of pools, within a specified geographic area that contain oil or natural gas. Fields are not specific to producing geological formation(s). Fields are used for well naming purposes relative to the well site surface coordinates and the objective formation of the well."
Oil and Gas Geophysical Ancillary Features (Public Version),British Columbia Energy Regulator,Access Only,file,KML MULTIPLE WMS,2025-04-23,https://catalogue.data.gov.bc.ca/dataset/ogc-geophysical-ancillary-features-public-version,"Ancillary features include camp sites, decking sites, drill sites, helipads or staging areas. This dataset contains spatial data collected through the Energy Regulator's electronic Petroleum Application Submission System (ePASS) between October 30, 2006 and July 11, 2016. Ancillary features for fina"
Oil and Gas Geophysical Final Plans (1996-2004),British Columbia Energy Regulator,Access Only,file,KML MULTIPLE WMS,2026-09-24,https://catalogue.data.gov.bc.ca/dataset/ogc-geophysical-final-plans-1996-2004,"Geophysical programs study the physical characteristics and properties of subsurface formations relating to oil and gas deposits, derived artificially by explosives or other means to map subsurface structure. Final plan spatial data is included for applications received between 1996 and 2004. Final "
Oil and Gas Geophysical Final Plans (2002-2006),British Columbia Energy Regulator,Access Only,file,KML MULTIPLE WMS,2026-09-24,https://catalogue.data.gov.bc.ca/dataset/ogc-geophysical-final-plans-2002-2006,"Geophysical programs study the physical characteristics and properties of subsurface formations relating to oil and gas deposits, derived artificially by explosives or other means to map subsurface structure. Final plan spatial data is included for applications received between 2002 and 2006. Final "
Oil and Gas Geophysical Misfired Charges,British Columbia Energy Regulator,Access Only,file,KML MULTIPLE WMS,2026-09-24,https://catalogue.data.gov.bc.ca/dataset/ogc-geophysical-misfired-charges,"Explosive material set during geophysical exploration that fails, on initiation, to completely detonate or to function in accordance with the manufacturer's specifications. Information on misfired charges is submitted through the Energy Regulator geophysical web portal by geophysical operators and t"
Oil and Gas Geophysical Program Applications,British Columbia Energy Regulator,Access Only,file,KML MULTIPLE WMS,2026-09-24,https://catalogue.data.gov.bc.ca/dataset/oil-and-gas-commission-geophysical-program-applications,"Geophysical exploration is an oil and gas activity under the Energy Resources Activities Act (ERAA) and is specifically defined in the Petroleum and Natural Gas (PNG) Act as investigation of the subsurface by seismic, gravimetric, magnetic, electric and geochemical operations and by any other method"
Oil and Gas Geophysical Program Permits,British Columbia Energy Regulator,Access Only,file,KML MULTIPLE WMS,2026-09-24,https://catalogue.data.gov.bc.ca/dataset/oil-and-gas-commission-geophysical-program-permits,"Geophysical exploration is an oil and gas activity under the Energy Resources Activities Act (ERAA) and is specifically defined in the Petroleum and Natural Gas (PNG) Act as investigation of the subsurface by seismic, gravimetric, magnetic, electric and geochemical operations and by any other method"
Oil and Gas Management Areas,British Columbia Energy Regulator,Access Only,file,KML MULTIPLE WMS,2026-09-24,https://catalogue.data.gov.bc.ca/dataset/ogc-oil-and-gas-management-areas,"Oil and Gas Management Areas depict the general spatial extent of management areas with similar surface land use issues. These management areas will be used for research projects, coordinated efforts and oil and gas area specific regulations."
Oil and Gas Petroleum Development Roads Pre-2006 (Government Version),British Columbia Energy Regulator,Access Only,service,MULTIPLE,2026-09-24,https://catalogue.data.gov.bc.ca/dataset/ogc-petroleum-development-roads-pre-2006-government-version,"Petroleum Development Road (PDR) applications can apply to proposed construction or to existing non status tenured roads over any Crown Land without disposition preventing road construction, and/or use of non-status, unencumbered existing access roads on Crown Land. These applications are approved u"
Oil and Gas Petroleum Development Roads Pre-2006 (Public Version),British Columbia Energy Regulator,Access Only,file,KML MULTIPLE WMS,2026-09-24,https://catalogue.data.gov.bc.ca/dataset/ogc-petroleum-development-roads-pre-2006-public-version,"Petroleum Development Road (PDR) applications can apply to proposed construction or to existing non status tenured roads over any Crown Land without disposition preventing road construction, and/or use of non-status, unencumbered existing access roads on Crown Land. These applications are approved u"
Oil and Gas Pipeline Right of Way Applications,British Columbia Energy Regulator,Access Only,file,KML MULTIPLE WMS,2026-09-24,https://catalogue.data.gov.bc.ca/dataset/oil-and-gas-commission-pipeline-right-of-way-applications,Applications for land authorizations representing the right of way for pipeline activities. This dataset contains polygon features for proposed applications collected through the BC Energy Regulator's Application Management System (AMS). This dataset is updated nightly.
Oil and Gas Pipeline Right of Way Permits,British Columbia Energy Regulator,Access Only,file,KML MULTIPLE WMS,2026-09-24,https://catalogue.data.gov.bc.ca/dataset/oil-and-gas-commission-pipeline-right-of-way-permits,"Land authorizations representing the right of way for pipeline activities. The spatial data includes polygon data for approved and post-construction pipeline rights of way collected on or after October 30, 2006. This dataset is updated nightly."
Oil and Gas Pool Breaklines (Public Version),British Columbia Energy Regulator,Access Only,file,KML MULTIPLE WMS,2026-09-24,https://catalogue.data.gov.bc.ca/dataset/ogc-pool-breaklines-public-version,"A breakline is a type of structural fault, pool contact, provincial/territorial boundary or other pool feature that influences the shape of the net pay contours. It may also be a corresponding gas cap or oil leg outline. Examples of breakline types include ?Semi-Permeability Barrier?, ?British Colum"
Oil and Gas Pool Contours (Public Version),British Columbia Energy Regulator,Access Only,file,KML MULTIPLE WMS,2026-09-24,https://catalogue.data.gov.bc.ca/dataset/ogc-pool-contours-public-version,Oil and gas pool contours indicate the net pay thickness of the pool within a geologic formation in meters. Contours are created by the Energy Regulator geologists who build the contours using subsurface data such as geophysical logs and core analysis. Net pay contours can be used to calculate volum
Oil and Gas Pool Designation Areas (Public Version),British Columbia Energy Regulator,Access Only,file,KML MULTIPLE WMS,2026-09-24,https://catalogue.data.gov.bc.ca/dataset/ogc-pool-designation-areas-public-version,Pool Designation Areas (PDAs) are used to designate the spatial extent within which a geological pool is developed. The size and shape of a PDA is based on the size and shape of the underlying pool and the boundaries of pool gas spacing units (gsu?s) and/or oil spacing units (osu?s) as represented b
Oil and Gas Pre-2016 Facility Locations,British Columbia Energy Regulator,Access Only,file,KML MULTIPLE WMS,2026-07-22,https://catalogue.data.gov.bc.ca/dataset/oil-and-gas-commission-pre-2016-facility-locations,"Any grouping of equipment where water and hydrocarbon liquids are processed, measured, upgraded (i.e., remove impurities or other constituents to meet contact specifications), or stored prior to the point of custody transfer; or where natural gas is processed, measured, upgraded, or stored prior to "
Oil and Gas Pre-2016 Waste Disposal Sites,British Columbia Energy Regulator,Access Only,file,KML MULTIPLE WMS,2026-09-24,https://catalogue.data.gov.bc.ca/dataset/oil-and-gas-commission-pre-2016-waste-disposal-sites,"Polygons indicating drilling waste disposal sites as generated from upstream oil and gas operations. Drilling waste disposal areas include portions of the wellsite or remote sump where drilling wastes have been buried, spread on land, or mixed into soil. This dataset contains spatial data collected "
Oil and Gas Regional Fields,British Columbia Energy Regulator,Access Only,file,KML MULTIPLE WMS,2026-09-24,https://catalogue.data.gov.bc.ca/dataset/ogc-oil-and-gas-regional-fields,"Geographic outline of large, unconventional natural gas accumulations that are specific to a geological formation. Regional fields cover an expansive area which is too large to provide a meaningful geographic reference and consequently are not to be used for well naming purposes."
Oil and Gas Short Term Water Use Applications,British Columbia Energy Regulator,Access Only,file,KML MULTIPLE WMS,2026-09-24,https://catalogue.data.gov.bc.ca/dataset/oil-and-gas-commission-short-term-water-use-applications,Point locations indicating proposed applications for short term water use for oil and gas development. This dataset contains spatial data for proposed applications collected through the BC Energy Regulator's Application Management System (AMS). This dataset is updated nightly.
Oil and Gas Short Term Water Use Permits,British Columbia Energy Regulator,Access Only,file,KML MULTIPLE WMS,2026-09-24,https://catalogue.data.gov.bc.ca/dataset/oil-and-gas-commission-short-term-water-use-permits,"Point locations indicating approved activities for short-term water use for oil and gas development. Approved short-term water use approvals receive an authorization under Section 10 of the Water Sustainability Act. This dataset contains spatial data collected on or after October 30, 2006. This data"
Oil and Gas Sierra-Yoyo-Desan Assessable Area,British Columbia Energy Regulator,Access Only,service,MULTIPLE,2026-09-24,https://catalogue.data.gov.bc.ca/dataset/sierra-yoyo-desan-assessable-area,"The Sierra-Yoyo-Desan (SYD) assessable area is comprised of parts of NTS mapsheets 094J, 094I, 094O and all of 094P. Activities located within or accessed through the SYD Assessable Area are indicated on applications provided to the Energy Regulator. Road use charges are determined by oil and gas ap"
Oil and Gas Sump Locations,British Columbia Energy Regulator,Access Only,file,KML MULTIPLE WMS,2026-09-24,https://catalogue.data.gov.bc.ca/dataset/ogc-sump-locations,Locations of sump sites used for drilling waste disposal. All Operators in British Columbia are required to handle and dispose of drilling waste in accordance with the requirements of the Oil and Gas Waste Regulation and the Oil and Gas Handbook. The Waste Disposal application requires that each com
Oil and Gas Unconventional Play Trends,British Columbia Energy Regulator,Access Only,file,KML MULTIPLE WMS,2026-09-24,https://catalogue.data.gov.bc.ca/dataset/ogc-unconventional-play-trends,"Unconventional play trends depict the general location and extent of unconventional hydrocarbon resources. Play trends will change over time as knowledge of the resource increases. Current examples of unconventional play trends include the Montney, Liard and Horn River Basin plays."
Oil and Gas Water Management Basins,British Columbia Energy Regulator,Access Only,file,KML MULTIPLE WMS,2026-09-24,https://catalogue.data.gov.bc.ca/dataset/ogc-water-management-basins,"Water management basins define locations of water withdrawal when applying for a basin Section 8 application. If it is not possible for a company to pre-define all locations of water withdrawal, companies are then able to apply for a basin Section 8 approval. A basin Section 8 approval allows for wi"
Oil and Gas Well Bottom Hole Event,British Columbia Energy Regulator,Access Only,file,KML MULTIPLE WMS,2026-09-24,https://catalogue.data.gov.bc.ca/dataset/well-bottom-hole-event,Provides non-confidential information about the sub-surface bottom hole location of a well. The event view provides drilling information and the location for each bottom hole
Oil and Gas Well Bottom Hole Status,British Columbia Energy Regulator,Access Only,file,KML MULTIPLE WMS,2026-09-24,https://catalogue.data.gov.bc.ca/dataset/well-bottom-hole-status,Provides non-confidential information about the sub-surface bottom hole location of a well. The status view provides information on the current status of the bottom hole. Updated nightly. 
Oil and Gas Well Directional Survey,British Columbia Energy Regulator,Access Only,file,KML MULTIPLE WMS,2026-09-24,https://catalogue.data.gov.bc.ca/dataset/well-directional-survey,"A line connecting the surface hole location and the bottom hole location of an oil or gas well. The line does not represent the actual well bore, but instead shows the shortest distance between the two points"
Oil and Gas Well Naming Index,British Columbia Energy Regulator,Access Only,file,KML MULTIPLE WMS,2026-09-24,https://catalogue.data.gov.bc.ca/dataset/ogc-oil-and-gas-well-naming-index,Index of geographic names and associated areas which provide geographic references in the naming of wells where few pre-existing oil and gas fields have been designated. The areas in the well naming index are to be used for well naming only if the well is outside of any existing field boundary.
Oil and Gas Well Surface Hole Event,British Columbia Energy Regulator,Access Only,file,KML MULTIPLE WMS,2026-09-24,https://catalogue.data.gov.bc.ca/dataset/well-surface-hole-event,Provides non-confidential information about the surface location of a well. The event view provides general well information and location information for the surface hole
Oil and Gas Well Surface Hole Status,British Columbia Energy Regulator,Access Only,file,KML MULTIPLE WMS,2026-09-24,https://catalogue.data.gov.bc.ca/dataset/well-surface-hole-status,Provides non-confidential information about the surface location of a well. The status view provides information on the current status of the surface hole
Oil and Gas Well/Facility Area Applications,British Columbia Energy Regulator,Access Only,file,KML MULTIPLE WMS,2026-09-24,https://catalogue.data.gov.bc.ca/dataset/oil-and-gas-commission-well-facility-area-applications,Applications for land authorization on which well or facility activities can occur. This dataset contains polygon features for proposed applications collected through the BC Energy Regulator's Application Management System (AMS). This dataset is updated nightly.
BC Government Owned and Leased Buildings Spatial,Business Intelligence & Project Support,Access Only,file,SHP,2026-07-03,https://catalogue.data.gov.bc.ca/dataset/bc-government-owned-and-leased-buildings-spatial,"On behalf of the Province of BC and as legislated by the Public Agency Accommodation Act, Real Property Division owned and leases approximately 1,040 building in communities across BC. This spatial layer shows the location of owned and leased buildings throughout the province. The dataset includes i"
Provincial Principal Residence Requirement Look-up Tool Data,Business Intelligence & Project Support,Access Only,service,ARCGIS_REST,2026-07-07,https://catalogue.data.gov.bc.ca/dataset/provincial-principal-residence-requirement-look-up-tool-data,This feature layer displays census subdivision and mountain resort boundaries for the Provincial Principal Residence Requirement Look-up Tool.
Provincial Principal Residence Requirement Look-up Tool Data - Mountain Resorts,Business Intelligence & Project Support,Access Only,service,ARCGIS_REST,2026-07-07,https://catalogue.data.gov.bc.ca/dataset/provincial-principal-residence-requirement-data-mountain-resorts,This view feature layer is part of the Provincial Principal Residence Requirement Look-up Tool and displays mountain resort boundaries and whether they fall within a Provincial principal residence requirement.
BC Civil Forfeiture Office Notice of Possessory Interest,Civil Forfeiture Office,Access Only,file,CSV,2026-09-24,https://catalogue.data.gov.bc.ca/dataset/civilforfeitureoffice-noticeofpossessoryinterest,"Under section 77 of the Civil Forfeiture Act (CFA), the Director of Civil Forfeiture is lawfully entitled to possession of the Property on this dataset. A person who claims an interest in the Property may dispute this Notice of Interest by delivering a notice of dispute to the Director of Civil Forf"
Aquatic Ecosystems - BC Cumulative Effects Framework - 2020 Assessment,Collaborative Stewardship and Cumulative Effects Management,Access Only,file,FGDB OTHER PDF XLSX,2026-07-06,https://catalogue.data.gov.bc.ca/dataset/aquatic-ecosystems-bc-cumulative-effects-framework-2020-assessment,The Protocol is currently designed to be a coarse-level approach to depict data at a broader (provincial) scale and to allow for refinements in data at a finer (regional) scale or for multi-scaled analyses where desired and appropriate. The assessment results based on this Protocol indicate the mode
BC Cumulative Effects Framework - Assessment Areas,Collaborative Stewardship and Cumulative Effects Management,Access Only,file,ARCGIS_REST FGDB XLSX,2026-05-04,https://catalogue.data.gov.bc.ca/dataset/bc-cumulative-effects-framework-assessment-areas,The [Assessment Areas](https://governmentofbc.maps.arcgis.com/home/item.html?id=ecb70f82de644e2eb9b1746626e7d935) dataset is produced and maintained by the [BC Cumulative Effects Framework](https://www2.gov.bc.ca/gov/content?id=57D4625607564CED96C9C9EAF2E91ACA) (CEF) for use in the [Assessment Porta
BC Cumulative Effects Framework - Human Disturbance - Archived,Collaborative Stewardship and Cumulative Effects Management,Access Only,file,FGDB OTHER PDF XLSX,2026-07-20,https://catalogue.data.gov.bc.ca/dataset/bc-cumulative-effects-framework-human-disturbance-archived,"This catalogue entry holds the archived versions of the BC Cumulative Effects Human Disturbance layers: versions 2021 and 2023. It is recommended to use the most recent version available, access at the following link: https://catalogue.data.gov.bc.ca/dataset/7d61ff12-b85f-4aeb-ac8b-7b10e84b046c BC C"
BC Cumulative Effects Framework - Integrated Roads - 2026,Collaborative Stewardship and Cumulative Effects Management,Access Only,file,FGDB OTHER PDF XLSX,2026-07-20,https://catalogue.data.gov.bc.ca/dataset/bc-cumulative-effects-framework-integrated-roads-current,"BC CEF Integrated Roads contains linework and attributes conflated from publicly accessible sources from the BC Geographic Warehouse (BCGW), which represent both built roads and road tenures. The dataset was created for spatial assessment in a GIS (Geographic Information Systems) for provincial-scal"
BC Cumulative Effects Framework – Integrated Roads - Archived,Collaborative Stewardship and Cumulative Effects Management,Access Only,file,ARCGIS_REST FGDB OTHER PDF XLSX,2026-07-20,https://catalogue.data.gov.bc.ca/dataset/bc-cumulative-effects-framework-integrated-roads-archived,"This catalogue entry holds the archived versions of the BC Cumulative Effects Integrated Roads layers. It is recommended to use the most recent version available, access at the following link: https://catalogue.data.gov.bc.ca/dataset/a489bc6a-f676-4503-8cd7-dcf0bdf2ae99 BC CEF Integrated Roads conta"
Forest Biodiversity - BC Cumulative Effects Framework - 2019 Assessment,Collaborative Stewardship and Cumulative Effects Management,Access Only,file,FGDB OTHER XLSX,2025-06-23,https://catalogue.data.gov.bc.ca/dataset/forest-biodiversity-bc-cumulative-effects-framework-2019-assessment,"NOTE: This dataset is the result of an analysis of many input layers and as such the accuracy, currency, and completeness of the dataset cannot be relied upon for operational use. Please refer to the [BC Cumulative Effects Forest Biodiversity Value website](https://www2.gov.bc.ca/gov/content?id=4703"
Forest Biodiversity - BC Cumulative Effects Framework - 2024 Assessment,Collaborative Stewardship and Cumulative Effects Management,Access Only,file,FGDB PDF XLSX,2026-05-04,https://catalogue.data.gov.bc.ca/dataset/forest-biodiversity-bc-cumulative-effects-framework-2024-assessment,"Please refer to the [BC Cumulative Effects Forest Biodiversity Value website](https://www2.gov.bc.ca/gov/content?id=4703FA92673A4F1EAE4DBA7A34554EF9) for related project information, as well as documents related to this dataset, such as protocols and online tools. The following regions are included "
Forest Biodiversity - BC Cumulative Effects Framework - 2025 Assessment,Collaborative Stewardship and Cumulative Effects Management,Access Only,file,FGDB PDF XLSX,2026-05-04,https://catalogue.data.gov.bc.ca/dataset/forest-biodiversity-bc-cumulative-effects-framework-2025-assessment,"Please refer to the [BC Cumulative Effects Forest Biodiversity Value website](https://www2.gov.bc.ca/gov/content?id=4703FA92673A4F1EAE4DBA7A34554EF9) for related project information, as well as documents related to this dataset, such as protocols and online tools. The following regions are included "
Grizzly Bear - Data - BC Cumulative Effects Framework - 2015 Assessment - Northeast Region,Collaborative Stewardship and Cumulative Effects Management,Access Only,file,ARCGIS_REST KML MULTIPLE PDF WMS XLSX,2023-06-29,https://catalogue.data.gov.bc.ca/dataset/grizzly-bear-data-bc-cumulative-effects-framework-2015-assessment-northeast-region,"NOTE: This dataset is the result of an analysis of many input layers and as such the accuracy, currency, and completeness of the dataset cannot be relied upon for operational use. Please refer to the BC Cumulative Effects Northeast Region website for all cumulative effects related project informatio"
Grizzly Bear - Data - BC Cumulative Effects Framework - 2019 Assessment,Collaborative Stewardship and Cumulative Effects Management,Access Only,file,FGDB OTHER PDF XLSX,2026-05-04,https://catalogue.data.gov.bc.ca/dataset/grizzly-bear-data-bc-cumulative-effects-framework-2019-assessment,"NOTE: This dataset is the result of an analysis of many input layers and as such the accuracy, currency, and completeness of the dataset cannot be relied upon for operational use. Please refer to the [BC Cumulative Effects Grizzly Bear Value website](https://www2.gov.bc.ca/gov/content/environment/na"
Landscape Units of British Columbia - All,Collaborative Stewardship and Cumulative Effects Management,Access Only,service,MULTIPLE,2025-12-10,https://catalogue.data.gov.bc.ca/dataset/landscape-units-of-british-columbia-all,** See the accuracy and usage WARNING in the Identification: Supplemental Information and Data Quality: Source Information sections.** A spatially identified area of land and/or water used for long-term planning of resource management activities. Landscape units are important for designing strategie
Legal Planning Objectives - All - Line,Collaborative Stewardship and Cumulative Effects Management,Access Only,service,MULTIPLE OTHER,2026-04-10,https://catalogue.data.gov.bc.ca/dataset/legal-planning-objectives-all-line,Spatially identified and mapped legal objective lines as determined from strategic land and resource planning processes in the province of British Columbia. Legal objectives can encompass objectives developed and grandfathered under now repealed Forest Practices Code legislation (including Higher le
Legal Planning Objectives - All - Point,Collaborative Stewardship and Cumulative Effects Management,Access Only,service,MULTIPLE OTHER,2026-04-10,https://catalogue.data.gov.bc.ca/dataset/legal-planning-objectives-all-point,Spatially identified and mapped legal objective points as determined from strategic land and resource planning processes in the province of British Columbia. Legal objectives can encompass objectives developed and grandfathered under now repealed Forest Practices Code legislation (including Higher l
Legal Planning Objectives - All - Polygon,Collaborative Stewardship and Cumulative Effects Management,Access Only,service,MULTIPLE OTHER,2026-04-10,https://catalogue.data.gov.bc.ca/dataset/legal-planning-objectives-all-polygon,Spatially identified and mapped legal objective polygons as determined from strategic land and resource planning processes in the province of British Columbia. Legal objectives can encompass objectives developed and grandfathered under now repealed Forest Practices Code legislation (including Higher
Non Legal Planning Features - All - Line,Collaborative Stewardship and Cumulative Effects Management,Access Only,service,MULTIPLE OTHER,2026-04-10,https://catalogue.data.gov.bc.ca/dataset/non-legal-planning-features-all-line,"A spatially identified line on land and/or water that has been mapped for specific land and/or resource uses as determined through a strategic land and resource planning process. This layer represents non-legalized planning lines only, thus the direction given within the planning designation is poli"
Non Legal Planning Features - All - Point,Collaborative Stewardship and Cumulative Effects Management,Access Only,service,MULTIPLE OTHER,2026-04-10,https://catalogue.data.gov.bc.ca/dataset/non-legal-planning-features-all-point,"A spatially identified point on land and/or water that has been mapped for specific land and/or resource uses as determined through a strategic land and resource planning process. This layer represents non-legalized planning lines only, thus the direction given within the planning designation is pol"
Non Legal Planning Features - All - Polygon,Collaborative Stewardship and Cumulative Effects Management,Access Only,service,MULTIPLE OTHER,2026-04-10,https://catalogue.data.gov.bc.ca/dataset/non-legal-planning-features-all-polygon,"A spatially identified polygon on land and/or water that has been mapped for specific land and/or resource uses as determined through a strategic land and resource planning process. This layer represents non-legalized planning lines only, thus the direction given within the planning designation is p"
Old Growth - BC Cumulative Effects Framework - 2019 Assessment - Kamloops,Collaborative Stewardship and Cumulative Effects Management,Access Only,file,FGDB,2024-04-11,https://catalogue.data.gov.bc.ca/dataset/old-growth-bc-cumulative-effects-framework-2019-assessment-kamloops,"NOTE: This dataset is the result of an analysis of many input layers and as such the accuracy, currency, and completeness of the dataset cannot be relied upon for operational use. Please refer to the [BC Cumulative Effects Old Growth Forest Value website](https://www2.gov.bc.ca/gov/content/environme"
Old Growth - BC Cumulative Effects Framework - 2019 Assessment - Lillooet,Collaborative Stewardship and Cumulative Effects Management,Access Only,file,FGDB,2024-04-11,https://catalogue.data.gov.bc.ca/dataset/old-growth-bc-cumulative-effects-framework-2019-assessment-lillooet,"NOTE: This dataset is the result of an analysis of many input layers and as such the accuracy, currency, and completeness of the dataset cannot be relied upon for operational use. Please refer to the [BC Cumulative Effects Old Growth Forest Value website](https://www2.gov.bc.ca/gov/content/environme"
Old Growth - BC Cumulative Effects Framework - 2019 Assessment - Merritt,Collaborative Stewardship and Cumulative Effects Management,Access Only,file,FGDB,2024-08-28,https://catalogue.data.gov.bc.ca/dataset/old-growth-bc-cumulative-effects-framework-2019-assessment-merritt,"NOTE: This dataset is the result of an analysis of many input layers and as such the accuracy, currency, and completeness of the dataset cannot be relied upon for operational use. Please refer to the [BC Cumulative Effects Old Growth Forest Value website](https://www2.gov.bc.ca/gov/content?id=914A24"
Old Growth - BC Cumulative Effects Framework - 2019 Assessment - Okanagan,Collaborative Stewardship and Cumulative Effects Management,Access Only,file,FGDB,2024-08-28,https://catalogue.data.gov.bc.ca/dataset/old-growth-bc-cumulative-effects-framework-2019-assessment-okanagan,"NOTE: This dataset is the result of an analysis of many input layers and as such the accuracy, currency, and completeness of the dataset cannot be relied upon for operational use. Please refer to the [BC Cumulative Effects Old Growth Forest Value website](https://www2.gov.bc.ca/gov/content?id=914A24"
Old Growth - BC Cumulative Effects Framework - 2019 Assessment - Robson Valley,Collaborative Stewardship and Cumulative Effects Management,Access Only,file,FGDB MULTIPLE,2024-12-23,https://catalogue.data.gov.bc.ca/dataset/old-growth-bc-cumulative-effects-framework-2019-assessment-robson-valley,"NOTE: This dataset is the result of an analysis of many input layers and as such the accuracy, currency, and completeness of the dataset cannot be relied upon for operational use. Please refer to the [BC Cumulative Effects Old Growth Forest Value website](https://www2.gov.bc.ca/gov/content/environme"
Old Growth Management Areas - Legal - All,Collaborative Stewardship and Cumulative Effects Management,Access Only,service,MULTIPLE,2026-09-24,https://catalogue.data.gov.bc.ca/dataset/old-growth-management-areas-legal-all,"This data layer shows retired and current Legal Old Growth Management Areas, and is only accessible by BC Government users. Public users please see the 'Current' version of this data: [https://catalogue.data.gov.bc.ca/dataset/1b30f3bd-0ad0-4128-916b-66c6dd91dea4](https://catalogue.data.gov.bc.ca/dat"
Old Growth Management Areas - Non Legal - All,Collaborative Stewardship and Cumulative Effects Management,Access Only,service,MULTIPLE,2026-09-24,https://catalogue.data.gov.bc.ca/dataset/old-growth-management-areas-non-legal-all,"This data layer shows retired and current Non-Legal Old Growth Management Areas, and is only accessible by BC Government users. Public users please see the 'Current' version of this data: [https://catalogue.data.gov.bc.ca/dataset/f063bff2-d8dd-4cc3-b3a4-00165aba58e1](https://catalogue.data.gov.bc.ca"
Regional Strategic Environmental Assessment - Disturbance Layer - Northeast BC (2018),Collaborative Stewardship and Cumulative Effects Management,Access Only,file,FGDB KMZ PDF SHP,2025-12-10,https://catalogue.data.gov.bc.ca/dataset/regional-strategic-environmental-assessment-disturbance-layer-northeast-bc-2018-,"The Regional Strategic Environmental Assessment (RSEA) disturbance dataset for northeast British Columbia (2018) brings together landscape disturbance data into a consistent format for use in land and environmental management decisions. In this context, the word disturbance includes characterization"
Regional Strategic Environmental Assessment - Moose - Northeast BC (2018),Collaborative Stewardship and Cumulative Effects Management,Access Only,file,PDF SHP,2025-12-10,https://catalogue.data.gov.bc.ca/dataset/regional-strategic-environmental-assessment-moose-northeast-bc-2018-,The Regional Strategic Environmental Assessment (RSEA) Moose Core Effective Suitable Habitat represents the core effective winter forage and shelter habitat for moose in Northeast British Columbia. 
Regional Strategic Environmental Assessment - Old Forest - Northeast BC (2018),Collaborative Stewardship and Cumulative Effects Management,Access Only,file,FGDB PDF,2025-12-10,https://catalogue.data.gov.bc.ca/dataset/regional-strategic-environmental-assessment-old-forest-northeast-bc-2018-,"The Regional Strategic Environmental Assessment (RSEA) Old Forest 140 spatial data is a value-added product derived from an unspecified vintage of the annually updated Forest Vegetation Composite Polygons and Rank1 Layer (VRI) that represents forest stands 140 years and older, that is contiguous."
Saulteau Disturbance 2024 Data,Collaborative Stewardship and Cumulative Effects Management,Access Only,file,FGDB PDF,2025-12-10,https://catalogue.data.gov.bc.ca/dataset/saulteau-disturbance-2024-data,"The Regional Strategic Environmental Assessment (RSEA) disturbance dataset for northeast British Columbia (2018) brings together landscape disturbance data into a consistent format for use in land and environmental management decisions. In this context, the word disturbance includes characterization"
Strategic Land and Resource Plans - All,Collaborative Stewardship and Cumulative Effects Management,Access Only,service,MULTIPLE OTHER,2026-04-10,https://catalogue.data.gov.bc.ca/dataset/strategic-land-and-resource-plans-all,"Contains the boundaries of British Columbia Strategic Land and Resource Plans (SLRPs), including past (retired) and present (current) shapes. The plans can be accessed [here](https://www2.gov.bc.ca/gov/content/industry/crown-land-water/land-use-planning/regions). Strategic Land and Resource Plans (S"
BC Highways without Cell Service,Connected Communities Branch,Access Only,file,KMZ PDF,2023-11-08,https://catalogue.data.gov.bc.ca/dataset/bc-highways-without-cell-service,"This KMZ file and associated map is derived from a model that identifies where there may be gaps in highway cellular coverage in B.C. and, of those gaps, where there may be power in place. The Province is providing this information to support Service Providers in understanding cellular connectivity "
BC Network Connectivity,Connected Communities Branch,Access Only,file,KML MULTIPLE WMS,2023-06-29,https://catalogue.data.gov.bc.ca/dataset/bc-network-connectivity,"This dataset contains internet connectivity information as represented by hexagons within the province of British Columbia. Each hexagon shows coverage information, by technology, for existing broadband service providers. The coverage information is aggregated and represented over a grid of hexagons"
Community Census Subdivisions,Connected Communities Branch,Access Only,service,ORACLE_SDE WMS,2024-10-03,https://catalogue.data.gov.bc.ca/dataset/community-census-subdivisions,"BC community place names, associated with their 7-digit CSD codes for a particular census year. Some of these places are incorporated, in which case the community name and the census subdivision name for the associated CSD code will be the same. Others are unincorporated communities with no official"
Connectivity Infrastructure Projects,Connected Communities Branch,Access Only,file,CSV,2026-09-10,https://catalogue.data.gov.bc.ca/dataset/connectivity-infrastructure-projects,"This data highlights communities with connectivity infrastructure projects funded by the Connecting British Columbia program. The program, which is funded by the BC Government and administered through Northern Development Initiative trust, supports the expansion of connectivity in rural, remote and "
Customs Ports of Entry,Connected Communities Branch,Access Only,file,KML MULTIPLE WMS,2025-12-09,https://catalogue.data.gov.bc.ca/dataset/customs-ports-of-entry,"Places where someone may lawfully enter Canada. This dataset contains the addresses and geographic locations of road, railway, air, and marine Canada Customs Ports of Entry in British Columbia"
Project Zones,Connected Communities Branch,Access Only,file,KMZ PDF,2025-04-01,https://catalogue.data.gov.bc.ca/dataset/project-zones,These zones represent conceptual boundaries within which there are underserved households and communities for connectivity purposes - i.e. they do not have 50/10 Mbps internet service or highway cellular service. Households in these areas may require backbone or last mile infrastructure builds to ac
Court Findings on Completed Prosecutions,Criminal Justice,Access Only,file,CSV XLSX,2022-04-06,https://catalogue.data.gov.bc.ca/dataset/court-findings-on-completed-prosecutions,Court findings on prosecutions completed by the BC Prosecution Service
Crown Charge Assessment Decisions,Criminal Justice,Access Only,file,CSV XLSX,2022-04-06,https://catalogue.data.gov.bc.ca/dataset/crown-charge-assessment-decisions,A count of the charge assessment decisions made by the BC Prosecution Service.
Reports to Crown Counsel Received by the BC Prosecution Service,Criminal Justice,Access Only,file,CSV XLSX,2022-04-06,https://catalogue.data.gov.bc.ca/dataset/reports-to-crown-counsel-received-by-the-bc-prosecution-service,A count of the number of Report(s) to Crown Counsel (RCC) received by the BC Prosecution Service and a count of the number of accused persons named on those RCCs.
Metadata for Affordable Child Care Benefit,Data Innovation Program (DIP),Access Only,file,CSV,2026-02-26,https://catalogue.data.gov.bc.ca/dataset/metadata-for-affordable-child-care-benefit,"Jan 2018 to Mar 2025 - metadata for the complete listing (by month) of children and youth under the supervision of MCFD by a court order or by agreement with the parents, receiving the affordable child care benefit If you are a researcher and want to work with us to help make BC programs and service"
Metadata for BC Cancer Registry,Data Innovation Program (DIP),Access Only,file,CSV,2026-07-16,https://catalogue.data.gov.bc.ca/dataset/metadata-for-bc-cancer-registry,"Jan 1985 to Dec 2022 the BC Cancer Registry is a population-based dataset of all new reportable cancers diagnosed among BC residents. The Registry contains diagnosis information, as well as personal and demographic information. The Registry reportable scope follows that of the Canadian Cancer Regist"
Metadata for BC Demographic Survey,Data Innovation Program (DIP),Access Only,file,CSV PDF TXT,2025-12-01,https://catalogue.data.gov.bc.ca/dataset/metadata-for-bc-demographic-survey,Jun to Oct 2023 - The BC Demographic Survey contains questions that will be used to identify and understand systemic racism in government programs and services and identify where we can do better. Everyone deserves to live in a more equal and fairer BC where we all have opportunities to thrive. BC p
Metadata for BC Employment and Assistance,Data Innovation Program (DIP),Access Only,file,CSV,2025-05-16,https://catalogue.data.gov.bc.ca/dataset/metadata-for-bc-employment-and-assistance,Oct 1989 to Dec 2024 - metadata for the BC Employment and Assistance program caseload and involvement. This data uses two months of reconciliation which accounts for 99% of all transactions for any given benefit month. The historical data for 1989 to 1994 contains complex data collected prior to sig
Metadata for BC Family Maintenance,Data Innovation Program (DIP),Access Only,file,CSV,2026-07-16,https://catalogue.data.gov.bc.ca/dataset/metadata-for-bc-family-maintenance,"Jan 1990 to Mar 2025 - metadata for the BC Family Maintenance Program, including de-identified client, child, and case data. If you are a researcher and want to work with us to help make BC programs and services better, apply to use this dataset and don't hesitate to ask questions here: https://dpdd"
Metadata for BC Property Assessment,Data Innovation Program (DIP),Access Only,file,CSV PDF,2025-06-09,https://catalogue.data.gov.bc.ca/dataset/metadata-for-bc-property-assessment,Jan 2023 to Dec 2024 - metadata for the BC Property Assessment Data Advice. BC Assessment develops and maintains real property assessments throughout British Columbia in addition to providing real property information​. It was originally created in 1976 to provide taxing authorities the data they re
Metadata for BC Vital Events and Statistics,Data Innovation Program (DIP),Access Only,file,CSV,2026-06-25,https://catalogue.data.gov.bc.ca/dataset/metadata-for-bc-vital-events-and-statistics,"Jan 1985 to Dec 2025 - metadata for the registration files provided by the BC Vital Statistics Agency. Includes all births, deaths, stillbirths, and marriages registered in BC. Marriage data is static from 1985 to 2020. If you are a researcher and want to work with us to help make BC programs and se"
Metadata for BCHC - Canada - BC Housing Benefit,Data Innovation Program (DIP),Access Only,file,CSV,2026-08-20,https://catalogue.data.gov.bc.ca/dataset/metadata-for-bchc-canada-bc-housing-benefit,April 2020 to Jun 2026 - The Canada-BC Housing Benefit (CBCHB) is a rental assistance program designed to make housing more affordable for people who do not qualify for other BC Housing programs. It is part of a partnership between the federal government’s Canada Mortgage and Housing Corporation (CM
Metadata for COVID-19 Testing Data,Data Innovation Program (DIP),Access Only,file,CSV,2026-07-17,https://catalogue.data.gov.bc.ca/dataset/metadata-for-covid-19-testing-data,"Jan 2020 to Mar 2026 - metadata for test results of de-identified individuals tested for COVID. Each record is a COVID test. Data is extracted from Provincial Laboratory Information Solution (PLIS). The test results are reported as ‘POSITIVE’, ‘negative’, ‘Indeterminate’, or ‘check result’. The “che"
Metadata for Career Paths for Skilled Immigrants Program,Data Innovation Program (DIP),Access Only,file,CSV,2026-07-16,https://catalogue.data.gov.bc.ca/dataset/metadata-for-career-paths-for-skilled-immigrants-program,"Jan 2017 to Mar 2023 - metadata for the clients in the Career Paths Program, which is a program that helps new Permanent Residents attain skilled employment that uses their previous education and work experience from outside of Canada. If you are a researcher and want to work with us to help make BC"
Metadata for Census Geodata,Data Innovation Program (DIP),Access Only,file,CSV,2025-12-18,https://catalogue.data.gov.bc.ca/dataset/metadata-for-census-geodata,"Apr 1986 to Mar 2025 - Census geodata locations for de-identified individuals receiving health services. Census Geodata dataset is part of Central Demographics Collection. Central Demographics Collection is a created by PopulationData BC from multiple sources, with the MSP Registration and Premium B"
Metadata for Child Care Subsidy,Data Innovation Program (DIP),Access Only,file,CSV,2026-07-16,https://catalogue.data.gov.bc.ca/dataset/metadata-for-child-care-subsidy,"Jan 2011 to Dec 2021 - metadata for the complete list (by month) of children receiving the affordable child care benefit, by type of benefit. If you are a researcher and want to work with us to help make BC programs and services better, apply to use this dataset and don't hesitate to ask questions h"
Metadata for Child Welfare Program,Data Innovation Program (DIP),Access Only,file,CSV,2025-12-18,https://catalogue.data.gov.bc.ca/dataset/metadata-for-child-welfare-program,Jan 1985 to Mar 2025 - metadata for the complete listing (by month) of children and youth under the supervision of MCFD by a court order or by agreement with the parents. Includes de-identified list of child youth contacts associated with MCFD services. If you are a researcher and want to work with 
Metadata for Child and Youth Mental Health,Data Innovation Program (DIP),Access Only,file,CSV,2025-12-17,https://catalogue.data.gov.bc.ca/dataset/metadata-for-child-and-youth-mental-health,"Jan 2000 to Mar 2025 - metadata for Community-Based Mental Health Services for Children, Youth and Families. If you are a researcher and want to work with us to help make BC programs and services better, apply to use this dataset and don't hesitate to ask questions here: https://dpdd.atlassian.net/s"
Metadata for Chronic Disease Registry,Data Innovation Program (DIP),Access Only,file,CSV,2026-06-25,https://catalogue.data.gov.bc.ca/dataset/metadata-for-chronic-disease-registry,Apr 1992 to Mar 2025 - metadata for the Chronic Disease Registry (CDR) contains information on incidence and prevalence of chronic diseases in B.C. The CDR includes 25 chronic disease registries built and maintained by the Office of the Provincial Health Officer (OPHO) with new registries being brou
Metadata for Client Roster,Data Innovation Program (DIP),Access Only,file,CSV OTHER,2025-12-08,https://catalogue.data.gov.bc.ca/dataset/metadata-for-client-roster,"Apr 1999 to Oct 2025 the Client Roster is a record of the people who use the British Columbia health care system. The Client Roster provides an aggregated breakdown of all people who live or have lived in B.C., over time, and it specifically focuses on people who have registered in the health care s"
Metadata for Community Living Programs,Data Innovation Program (DIP),Access Only,file,CSV,2026-07-16,https://catalogue.data.gov.bc.ca/dataset/metadata-for-community-living-programs,"July 2005 to Mar 2025 - metadata for all CLBC client files on record; A listing of CLBC services received by eligible individuals; and, A listing of individuals receiving CLBC funded residential services. If you are a researcher and want to work with us to help make BC programs and services better, "
Metadata for Contiguous Client Roster,Data Innovation Program (DIP),Access Only,file,CSV,2026-07-16,https://catalogue.data.gov.bc.ca/dataset/metadata-for-contiguous-client-roster,"Jan 1999 to Oct 2025 - Client Roster is a record of the people who use the British Columbia health care system. The Client Roster is available in a number of variants, including continuous values, annual summaries, and immutable snapshots, for different purposes. This dataset - the Contiguous Client"
Metadata for Corrections - Adult Community and Custody,Data Innovation Program (DIP),Access Only,file,CSV OTHER,2026-07-16,https://catalogue.data.gov.bc.ca/dataset/metadata-for-corrections-adult-community-and-custody,"Jan 2001 to Dec 2024 - metadata for individuals with at least one movement (e.g., admission, release, transfer) in community corrections and/or custody. If you are a researcher and want to work with us to help make BC programs and services better, apply to use this dataset and don't hesitate to ask "
Metadata for Discharge Abstracts Database Core (Hospital Separations),Data Innovation Program (DIP),Access Only,file,CSV,2026-07-17,https://catalogue.data.gov.bc.ca/dataset/metadata-for-discharge-abstracts-database-core-hospital-separations,"Apr 2001 to Sep 2025 - metadata for MOH CORE - Discharge Abstract Database. This dataset includes de-identified records on discharges, transfers and deaths of in-patients and day surgery patients from acute care hospitals in BC. All Canadian hospitals (except those in Quebec) submit their separation"
Metadata for Early Development Instrument,Data Innovation Program (DIP),Access Only,file,CSV,2026-08-19,https://catalogue.data.gov.bc.ca/dataset/metadata-for-early-development-instrument,"Sep 2020 to Jun 2025 - The Early Development Instrument (EDI) is a questionnaire that measure children’s development in kindergarten. Designed by Drs. Dan Offord and Magdalena Janus of McMaster University, the EDI is a checklist that kindergarten teachers complete for each child in their class. It i"
Metadata for Health PharmaCare Program,Data Innovation Program (DIP),Access Only,file,CSV,2026-07-16,https://catalogue.data.gov.bc.ca/dataset/metadata-for-health-pharmacare-program,1985 to 2017 - metadata for the PharmaCare Program. PharmaCare is BC’s public drug insurance program that assists BC residents in paying for eligible prescription drugs and designated medical supplies. This metadata record includes details of all medications paid for by the program. If you are a res
Metadata for Health Registry and Demographics (Central Demographics) - DEPRECATED,Data Innovation Program (DIP),Access Only,file,CSV,2026-07-17,https://catalogue.data.gov.bc.ca/dataset/metadata-for-health-registry-and-demographics-central-demographics-deprecated,This has been replaced by CLIENT ROSTER Jan 1986 to Mar 2024 - Registry and demographics for individuals who receive health services. Includes MSP Registration and Premium Billings and Client Roster. This dataset is part of Central Demographics Collection. Central Demographics Collection is a create
Metadata for Home and Community Care Services,Data Innovation Program (DIP),Access Only,file,CSV,2026-07-17,https://catalogue.data.gov.bc.ca/dataset/metadata-for-home-and-community-care-services,"Apr 1990 to Dec 2025 - information on transactions for individuals receiving services paid by the Home and Community Care Program, Ministry of Health. Home and community care services provide a range of health care and support services for eligible residents who have acute, chronic, palliative or re"
Metadata for Homelessness Cohort,Data Innovation Program (DIP),Access Only,file,CSV PDF,2026-09-08,https://catalogue.data.gov.bc.ca/dataset/metadata-for-homelessness-cohort,"Jan 2019 to Dec 2022 - metadata for Homelessness Cohort includes de-identified row-level data of individuals who experienced homelessness in B.C., determined using administrative service use data available through the Data Innovation Program. Three administrative service use datasets are used to gen"
Metadata for ICBC - Traffic Accident System (TAS),Data Innovation Program (DIP),Access Only,file,CSV,2026-07-17,https://catalogue.data.gov.bc.ca/dataset/metadata-for-icbc-traffic-accident-system-tas,"Jan 2010 to Dec 2024 - metadata for Traffic Accident System (TAS) data gathered from reports (MV6020) completed by police or submitted by individuals to police. If you are a researcher and want to work with us to help make BC programs and services better, apply to use this dataset and don't hesitate"
Metadata for ICBC Contraventions,Data Innovation Program (DIP),Access Only,file,CSV,2026-07-17,https://catalogue.data.gov.bc.ca/dataset/metadata-for-icbc-contraventions,"Jan 2010 to Dec 2024 - metadata for contraventions process by ICBC including Motor Vehicle Act (MVA), Motor Vehicle Act Regulations (MVR) and Criminal Code Convictions (CCC) contraventions processed by ICBC. If you are a researcher and want to work with us to help make BC programs and services bette"
Metadata for ICBC Crash,Data Innovation Program (DIP),Access Only,file,CSV PDF,2026-07-16,https://catalogue.data.gov.bc.ca/dataset/metadata-for-icbc-crash,"Jan 2015 to Dec 2024 - metadata for crash data that is gathered from reports made to ICBC by insured registered vehicle owners, drivers, pedestrians and cyclists. If you are a researcher and want to work with us to help make BC programs and services better, apply to use this dataset and don't hesita"
Metadata for ICBC Driver Licensing,Data Innovation Program (DIP),Access Only,file,CSV,2026-07-16,https://catalogue.data.gov.bc.ca/dataset/metadata-for-icbc-driver-licensing,"Jan 2010 to Dec 2021 - metadata for records processed by ICBC's Driver Licensing System. If you are a researcher and want to work with us to help make BC programs and services better, apply to use this dataset and don't hesitate to ask questions here: https://dpdd.atlassian.net/servicedesk/customer/"
Metadata for ICBC Vehicle Population,Data Innovation Program (DIP),Access Only,file,CSV,2026-07-17,https://catalogue.data.gov.bc.ca/dataset/metadata-for-icbc-vehicle-population,"Jan 2015 to Dec 2024 - metadata for vehicles with active insurance policies with ICBC. If you are a researcher and want to work with us to help make BC programs and services better, apply to use this dataset and don't hesitate to ask questions here: https://dpdd.atlassian.net/servicedesk/customer/po"
Metadata for Income Bands - Custom by CSD,Data Innovation Program (DIP),Access Only,file,CSV,2026-07-16,https://catalogue.data.gov.bc.ca/dataset/metadata-for-income-bands-custom-by-csd,Jan 2011to Dec 2023 - this aggregate income bands data is provisioned at the same time as the standardized dataset. The standard set has been linked with the population directory using PCCF software and the postal code. The customized version includes the Census Sub-Division (CSD) variable which can
Metadata for Income Bands - Standard by FSA,Data Innovation Program (DIP),Access Only,file,CSV,2026-07-16,https://catalogue.data.gov.bc.ca/dataset/metadata-for-income-bands-standard-by-fsa,Jan 2000 to Dec 2014 - this aggregate data is a static dataset and will not be updated further. It is provisioned at the same time as the customized dataset. The standard set has been linked with the population directory by postal code. The customized version includes the Census Sub-Division (CSD) v
Metadata for K to 12 Student Assessments,Data Innovation Program (DIP),Access Only,file,CSV,2026-07-17,https://catalogue.data.gov.bc.ca/dataset/metadata-for-k-to-12-student-assessments,"Jul 1999 to Jun 2026 - metadata for K to 12 province-wide student assessments in numeracy and literacy. Includes Foundational Skills Assessments (FSA) and Graduation Assessments. If you are a researcher and want to work with us to help make BC programs and services better, apply to use this dataset "
Metadata for K to 12 Student Demographics and Achievements,Data Innovation Program (DIP),Access Only,file,CSV,2026-07-17,https://catalogue.data.gov.bc.ca/dataset/metadata-for-k-to-12-student-demographics-and-achievements,"Jul 1991 to Jun 2026 - metadata for all school-age and adult student enrolments, and registered homeschool children. Includes examinations and, credentials. Final marks are available up to June 2020. If you are a researcher and want to work with us to help make BC programs and services better, apply"
Metadata for K to 12 Student Learning Surveys,Data Innovation Program (DIP),Access Only,file,CSV,2026-07-17,https://catalogue.data.gov.bc.ca/dataset/metadata-for-k-to-12-student-learning-surveys,"Jul 2016 to Jun 2025 - metadata for the Student Learning Survey (SLS) dataset including questions and responses for public school students. SLS is an annual province-wide census of Grade 4, 7, 10 and 12 students, their parents, and staff in public schools regarding their school experience. If you ar"
Metadata for K to12 Socio Economic Status (SES) Index,Data Innovation Program (DIP),Access Only,file,CSV PDF,2026-07-17,https://catalogue.data.gov.bc.ca/dataset/metadata-for-k-to12-socio-economic-status-ses-index,"Jul 2001 to Jun 2026 - The BC Ministry of Education, Socioeconomic Status (SES) Index was developed using Statistics Canada Census data to explore the relationship between neighbourhood census data collected and the education outcomes of students in those neighbourhoods. Student education data was l"
Metadata for Labour Market Programs,Data Innovation Program (DIP),Access Only,file,CSV,2026-07-17,https://catalogue.data.gov.bc.ca/dataset/metadata-for-labour-market-programs,"Apr 2013 to March 2024 - metadata for individuals who participated in labour market programs. Includes what courses offered, who took them, when, demographic information about the people that took them. If you are a researcher and want to work with us to help make BC programs and services better, ap"
Metadata for Medical Services Plan (MSP) Core Payment Information File,Data Innovation Program (DIP),Access Only,file,CSV,2026-08-19,https://catalogue.data.gov.bc.ca/dataset/metadata-for-medical-services-plan-msp-core-payment-information-file,Jan 1990 to Dec 2025 - metadata for MOH Core - Medical Services Plan (MSP) program including de-identified records of individuals receiving services. The data includes MSP insured medical fee-for-service and alternate payment services provided by general practitioners and specialists. It also includ
Metadata for Medical Services Plan (MSP) Practitioner File,Data Innovation Program (DIP),Access Only,file,CSV XLSX,2026-06-25,https://catalogue.data.gov.bc.ca/dataset/metadata-for-medical-services-plan-msp-practitioner-file,Apr 1989 to Mar 2024 the Medical Services Plan (MSP) Practitioner File provides information on credentials and scope of practice about practitioners registered and licensed with the College of Physicians and Surgeons of British Columbia. If you are a researcher and want to work with us to help make 
Metadata for Mental Health Services,Data Innovation Program (DIP),Access Only,file,CSV,2026-07-16,https://catalogue.data.gov.bc.ca/dataset/metadata-for-mental-health-services,Apr 1986 to Mar 2012 - Minimum Reporting Requirement (MRR) tables from the Mental Health Data Warehouse. All Health Authorities in BC are required to report MRR data on all patient/clients receiving mental health services in the community. If you are a researcher and want to work with us to help mak
Metadata for National Ambulatory Care Reporting System Core (NACRS),Data Innovation Program (DIP),Access Only,file,CSV,2026-07-17,https://catalogue.data.gov.bc.ca/dataset/metadata-for-national-ambulatory-care-reporting-system-core-nacrs,"Apr 2011 to Dec 2025 - metadata for MOH Core - de-identified records of all levels of ambulatory care within Canada including emergency departments, day surgery, and medical and surgery day clinics within hospitals, the community and private clinics. In B.C., NACRS is limited to reporting of Emergen"
Metadata for Neighbourhood Income,Data Innovation Program (DIP),Access Only,file,CSV,2026-07-17,https://catalogue.data.gov.bc.ca/dataset/metadata-for-neighbourhood-income,"Jan 2016 to Dec 2022 - metadata for Metadata for Neighbourhood Income. This data set represents the median income by year, for BC residents sourced through Canadian Revenue Agency tax file data. The median income is aggregated to the 6 digit postal code level. Data covers T1 Tax Filings from 2016-20"
Metadata for Perinatal Services,Data Innovation Program (DIP),Access Only,file,CSV,2026-07-16,https://catalogue.data.gov.bc.ca/dataset/metadata-for-perinatal-services,"Apr 2000 to Mar 2024 - metadata for Perinatal Services including deidentified maternal, fetal, and neonatal data for an estimated 99% of all births that occur in BC. Captures data for both the mother and the baby. If you are a researcher and want to work with us to help make BC programs and services"
Metadata for PharmaNet Core,Data Innovation Program (DIP),Access Only,file,CSV,2026-07-17,https://catalogue.data.gov.bc.ca/dataset/metadata-for-pharmanet-core,"Apr 2001 to Dec 2026 - metadata for the MOH Core - Pharmanet Program dataset, including de-identified records of all medications dispensed in community pharmacies in BC. Including medication history & claim records. If you are a researcher and want to work with us to help make BC programs and servic"
Metadata for Private Market Rent Supplements for Eligible Seniors and Working Families,Data Innovation Program (DIP),Access Only,file,CSV,2026-09-08,https://catalogue.data.gov.bc.ca/dataset/metadata-for-private-market-rent-supplements-for-eligible-seniors-and-working-families,"Oct 2015 to Mar 2026 - metadata for recipients of Rental Assistance Program (RAP) and Shelter Aid for Elderly Renters (SAFER). If you are a researcher and want to work with us to help make BC programs and services better, apply to use this dataset and don't hesitate to ask questions here: https://dp"
Metadata for Provincial Nominee Program,Data Innovation Program (DIP),Access Only,file,CSV,2026-07-16,https://catalogue.data.gov.bc.ca/dataset/metadata-for-provincial-nominee-program,"Jul 2015 to Dec 2024 - metadata for immigration data from the British Columbia Provincial Nominee Program, a program designated as a way for high-demand foreign workers and experienced entrepreneurs to gain permanent residency in B.C. If you are a researcher and want to work with us to help make BC "
Metadata for Residential Assessment Instrument,Data Innovation Program (DIP),Access Only,file,CSV,2026-06-25,https://catalogue.data.gov.bc.ca/dataset/metadata-for-residential-assessment-instrument,Mar 1999 to Dec 2025 - The RAI is an electronic tool which guides the clinician in gathering resident specific information. It provides outputs calculated from this information which supports the care team in the development of the resident specific care plan. If you are a researcher and want to wor
Metadata for Shelter and Homeless Outreach Private Market Rent Supplements,Data Innovation Program (DIP),Access Only,file,CSV,2026-07-17,https://catalogue.data.gov.bc.ca/dataset/metadata-for-shelter-and-homeless-outreach-private-market-rent-supplements,Nov 2017 to Dec 2024 - metadata for HIFIS BC client data - Homeless Individuals and Families Information System (HIFIS). Includes all clients with shelter stays or rent supplements from inception of HIFIS in November 2017. If you are a researcher and want to work with us to help make BC programs and
Metadata for Supportive Housing,Data Innovation Program (DIP),Access Only,file,CSV,2026-07-17,https://catalogue.data.gov.bc.ca/dataset/metadata-for-supportive-housing,"Jun 2002 to Dec 2024 - metadata for de-identified supportive housing tenancies (inactive and active) from Housing Connections. If you are a researcher and want to work with us to help make BC programs and services better, apply to use this dataset and don't hesitate to ask questions here: https://dp"
BC Geographic Warehouse Data Retirement or Replacement Notifications,Data Systems and Services (DataBC),Access Only,file,CSV,2023-09-08,https://catalogue.data.gov.bc.ca/dataset/bc-geographic-warehouse-data-retirement-or-replacement-notifications,"Listing of retired datasets from the BC Geographic Warehouse (BCGW). The Data Custodians are ultimately responsible for the data lifecycle of their data, which includes but is not limited to the update, maintenance, accuracy, licensing and the decision to retire their data. "
BC Web Map Library,Data Systems and Services (DataBC),Access Only,file,KML WMS,2026-08-06,https://catalogue.data.gov.bc.ca/dataset/bc-web-map-library,The Data and Resources links below provide web service application program interfaces (API) that return georeferenced map images and services per the [Open Geospatial Consortium Web Mapping Service (WMS) Protocol](http://www.opengeospatial.org/standards/wms) based on a variety of geographic data sou
Historic City of Vancouver Fire Insurance Map,Data Systems and Services (DataBC),Access Only,service,WMS,2026-08-06,https://catalogue.data.gov.bc.ca/dataset/historic-city-of-vancouver-fire-insurance-map,This web service provides the 1912 Goads Fire Insurance Map from a geo-rectified image provided by the [Vancouver Archives](http://data.vancouver.ca/datacatalogue/goadsFireInsuranceMap1912.htm). The Data and Resource link below provides web service application program interfaces (API) that return ge
Imagery Spot 15m Web Map Service,Data Systems and Services (DataBC),Access Only,file,KML WMS XML,2026-08-06,https://catalogue.data.gov.bc.ca/dataset/imagery-spot-15m-web-map-service,The Data and Resource link below provides web service application program interfaces (API) that return georeferenced map images and services per the [__Open Geospatial Consortium Web Mapping Service (WMS) Protocol__](http://www.opengeospatial.org/standards/wms) based on a variety of geographic data 
Landsat Web Map Service,Data Systems and Services (DataBC),Access Only,file,KML WMS XML,2026-08-06,https://catalogue.data.gov.bc.ca/dataset/landsat-web-map-service,The Data and Resource link below provides web service application program interfaces (API) that return georeferenced map images and services per the [__Open Geospatial Consortium Web Mapping Service (WMS) Protocol__](http://www.opengeospatial.org/standards/wms) based on a variety of geographic data 
ParcelMap BC - Common Ownership Cross Reference Table,Data Systems and Services (DataBC),Access Only,service,MULTIPLE,2026-09-21,https://catalogue.data.gov.bc.ca/dataset/parcelmap-bc-common-ownership-cross-reference-table,"ParcelMap BC is the current, complete and trusted mapped representation of titled and Crown land parcels across British Columbia, considered to be the point of truth for the graphical representation of property boundaries. It is not the authoritative source for the legal property boundary or related"
ParcelMap BC - Control Points,Data Systems and Services (DataBC),Access Only,service,MULTIPLE,2026-09-21,https://catalogue.data.gov.bc.ca/dataset/parcelmap-bc-control-points,"ParcelMap BC is the current, complete and trusted mapped representation of titled and Crown land parcels across British Columbia, considered to be the point of truth for the graphical representation of property boundaries. It is not the authoritative source for the legal property boundary or related"
ParcelMap BC - Plans,Data Systems and Services (DataBC),Access Only,service,MULTIPLE,2026-09-21,https://catalogue.data.gov.bc.ca/dataset/parcelmap-bc-plans,"ParcelMap BC is the current, complete and trusted mapped representation of titled and Crown land parcels across British Columbia, considered to be the point of truth for the graphical representation of property boundaries. It is not the authoritative source for the legal property boundary or related"
ParcelMap BC - Shared Geometry Cross Reference Table,Data Systems and Services (DataBC),Access Only,service,MULTIPLE,2026-09-21,https://catalogue.data.gov.bc.ca/dataset/parcelmap-bc-shared-geometry-cross-reference-table,"ParcelMap BC is the current, complete and trusted mapped representation of titled and Crown land parcels across British Columbia, considered to be the point of truth for the graphical representation of property boundaries. It is not the authoritative source for the legal property boundary or related"
ParcelMap BC Parcel Fabric - Fully Attributed,Data Systems and Services (DataBC),Access Only,service,MULTIPLE,2026-09-21,https://catalogue.data.gov.bc.ca/dataset/parcelmap-bc-parcel-fabric-fully-attributed,"ParcelMap BC is the current, complete and trusted mapped representation of titled and Crown land parcels across British Columbia, considered to be the point of truth for the graphical representation of property boundaries. It is not the authoritative source for the legal property boundary or related"
ParcelMap BC Parcel Points,Data Systems and Services (DataBC),Access Only,service,MULTIPLE,2026-09-21,https://catalogue.data.gov.bc.ca/dataset/parcelmap-bc-parcel-points,"ParcelMap BC is the current, complete and trusted mapped representation of titled and Crown land parcels across British Columbia, considered to be the point of truth for the graphical representation of property boundaries. It is not the authoritative source for the legal property boundary or related"
ParcelMap BC Parcel Polygons - Fully Attributed,Data Systems and Services (DataBC),Access Only,service,MULTIPLE,2026-09-21,https://catalogue.data.gov.bc.ca/dataset/parcelmap-bc-parcel-polygons-fully-attributed,"ParcelMap BC is the current, complete and trusted mapped representation of titled and Crown land parcels across British Columbia, considered to be the point of truth for the graphical representation of property boundaries. It is not the authoritative source for the legal property boundary or related"
Sites Registry,Data Systems and Services (DataBC),Access Only,file,KML MULTIPLE WMS,2026-04-08,https://catalogue.data.gov.bc.ca/dataset/sites-registry,"The Sites Registry is a collection of locations that are important to government carrying out its business, including sharing information with citizens. Most locations have civic addresses and are government offices or facilities, e.g. hospitals, schools, post-secondary institutions, court houses, t"
First Nation Community Locations,Deputy Minister's Office,Access Only,file,KML MULTIPLE WMS,2026-02-10,https://catalogue.data.gov.bc.ca/dataset/first-nation-community-locations,"This spatial dataset contains the approximate locations of First Nations in British Columbia. Locations are based on the location of the main community, as obtained from Aboriginal Affairs and Northern Development Canada (AANDC). This data includes 6 Yukon or NWT bands that have parts of their tradi"
British Columbia Major Timber Processing Facilities,Economics and Trade Branch,Access Only,file,KML MULTIPLE WMS,2026-06-19,https://catalogue.data.gov.bc.ca/dataset/british-columbia-major-timber-processing-facilities,British Columbia has conducted an annual Major Primary Timber Processing Facilities Survey (Mill List Survey) since 1991. The survey gathers operational information on various mill types across the province. Please check the website below for more information about the survey: https://www2.gov.bc.ca
Broad Ecosystem Inventory Classification Spatial Layer,Ecosystems,Access Only,file,KML ORACLE_SDE WMS,2023-06-29,https://catalogue.data.gov.bc.ca/dataset/broad-ecosystem-inventory-classification-spatial-layer,The Broad Ecosystem Inventory (BEI) Classification provides broad regional information about the distribution of ecosystems throughout the province and the value of these ecosystems to wildlife. This is done in order to facilitate the use of wildlife information in broad regional land and resource p
Offshore Schools data layer,Education Analytics Office,Access Only,service,ARCGIS_REST,2021-10-04,https://catalogue.data.gov.bc.ca/dataset/offshore-schools-data-layer,"This layer shows locations and contact information for schools certified to teach BC’s Curriculum outside British Columbia. The layer information is gathered from the Education Policy Branch of the Ministry of Education, and is updated on an as-needed basis. See also the [Offshore Schools applicatio"
Projection of Public School Headcount Enrolment,Education Analytics Office,Access Only,file,CSV PDF XLS XLSX,2026-04-15,https://catalogue.data.gov.bc.ca/dataset/projection-of-public-school-headcount-enrolment,"Projection of Public School Headcount Enrolment NOTE: • The current methodology for forecasts published 2022 and later use historic enrolment patterns and estimated input drivers of student demographic, migration and grade to grade transition patterns to forecast the number of students enrolled in e"
Local Government Boundaries - Road centreline aligned,Elections BC,Access Only,file,KML MULTIPLE WMS,2024-07-30,https://catalogue.data.gov.bc.ca/dataset/local-government-boundaries-road-centreline-aligned,A spatial layer of polygon features representing Local Government jurisdictions of BC. The layer is composed of three groupings of government; Municipalities; Indian Reserves; First Nations Land Claim Settlements. The geometry is road-centreline aligned to the DRA 2 road network. The Local Governmen
Provincial Site-based and Point Voting Areas - Gazetted 09/27/2012,Elections BC,Access Only,file,KML MULTIPLE WMS,2025-04-07,https://catalogue.data.gov.bc.ca/dataset/provincial-site-based-and-point-voting-areas-gazetted-09-27-2012,"Site-based Voting Areas are a distinct type of voting area used to designate commercial, not-for-profit, or public residential care facilities that provide long-term care to voters where: • the voters are residents; • the residents have medical or physical limitations that hinder their ability to tr"
Provincial Site-based and Point Voting Areas - Gazetted 12/23/2015,Elections BC,Access Only,file,KML MULTIPLE SHP WMS,2025-04-07,https://catalogue.data.gov.bc.ca/dataset/provincial-site-based-and-point-voting-areas-gazetted-12-23-2015,"Site-based Voting Areas are a distinct type of voting area used to designate commercial, not-for-profit, or public residential care facilities that provide long-term care to voters where: • the voters are residents; • the residents have medical or physical limitations that hinder their ability to tr"
Regional District Boundaries - Road centreline aligned,Elections BC,Access Only,file,KML MULTIPLE WMS,2024-07-30,https://catalogue.data.gov.bc.ca/dataset/regional-district-boundaries-road-centreline-aligned,A spatial layer of polygon features representing regional districts in BC. The geometry is road-centreline aligned to the DRA 2 road network. 
Disaster Risk Reduction Funding Project Proponent Locations,Emergency Management and Climate Readiness,Access Only,service,ARCGIS_REST OTHER,2023-02-21,https://catalogue.data.gov.bc.ca/dataset/disaster-risk-reduction-funding-project-proponent-locations,"**This dashboard displays information about disaster risk reduction funding programs managed by the Ministry of Emergency Management and Climate Readiness. This does not include wildfire risk reduction projects.** **Data notes, terms of use, disclaimer and limitation of liability** The following dat"
Flood Studies,Emergency Management and Climate Readiness,Access Only,service,ARCGIS_REST OTHER,2026-06-26,https://catalogue.data.gov.bc.ca/dataset/flood-studies,"**A selection of flood hazard studies completed in British Columbia. Additional studies will be added as they are reviewed by the Province.** **Data notes, terms of use, disclaimer and limitation of liability** **Data Sources:** - Flood studies are mapped based on the location of the proponent and m"
Ministry of Forests (MOF) Bridges and Major Culverts,Engineering Branch,Access Only,file,ARCGIS_REST KML MULTIPLE WMS,2026-09-24,https://catalogue.data.gov.bc.ca/dataset/ministry-of-forests-mof-bridges-and-major-culverts,Road Structures on Forest Service Roads (FSRs) includes bridges and major culverts (greater than or equal to 2m diameter). Information is recorded in the Corporate Bridge Register (CBR).
Critical Habitat for federally-listed species at risk (secure),Environment Canada,Access Only,service,MULTIPLE,2026-06-20,https://catalogue.data.gov.bc.ca/dataset/critical-habitat-for-federally-listed-species-at-risk-secure-,"This dataset displays the geographic areas within which critical habitat for species at risk listed on Schedule 1 of the federal Species at Risk Act (SARA) occurs or is being considered in British Columbia. However, not all of the area within these boundaries is necessarily critical habitat. To prec"
Dangerous Goods Incident Reports (DGIR) Incident - (PUBLIC Access),Environmental Emergency,Access Only,file,CSV XLSX,2026-08-04,https://catalogue.data.gov.bc.ca/dataset/dangerous-goods-incident-reports-dgir-incident-public-access-,This dataset provides public access to **Dangerous Goods Incident Report (DGIR)** collected and managed by the **Environmental Emergency Branch (EEB)** of the Province of British Columbia. It includes information on reported hazardous material spills and incidents across the province. The dataset co
Environmental Emergency Response (EER) District Boundaries,Environmental Emergency,Access Only,file,KML MULTIPLE WMS,2026-07-30,https://catalogue.data.gov.bc.ca/dataset/environmental-emergency-response-eer-district-boundaries,Environmental Emergency Response (EER) Districts are administrative areas for responding to spills of hazardous materials and harmful substances within the Province of British Columbia. All areas within an EER District are within a 10 hour drive time from an environmental emergency response centre. 
Environmental Emergency Response (EER) Regional Boundaries,Environmental Emergency,Access Only,file,KML MULTIPLE WMS,2026-07-30,https://catalogue.data.gov.bc.ca/dataset/environmental-emergency-response-eer-regional-boundaries,Environmental Emergency Response (EER) Regions are administrative areas for responding to spills of hazardous materials and harmful substances within the Province of British Columbia. They are further subdivided into Environmental Emergency Response Districts.
BC Canadian Aquatic Biomonitoring Network (CABIN) Sites,Environmental Monitoring and Analysis Branch,Access Only,file,KML WMS,2026-03-24,https://catalogue.data.gov.bc.ca/dataset/bc-canadian-aquatic-biomonitoring-network-cabin-sites,The Canadian Aquatic Biomonitoring Network (CABIN) program is used to assess the ecological health of wadeable streams by using data from a wide range of sites that are minimally impacted by humans to establish the natural variability of healthy benthic invertebrate communities within a large waters
Canada-B.C. Water Quality Monitoring Program Map Data,Environmental Monitoring and Analysis Branch,Access Only,service,ARCGIS_REST,2024-03-27,https://catalogue.data.gov.bc.ca/dataset/canada-b-c-water-quality-monitoring-program-map-data,"Spatial data layers distributed via the [Canada-B.C. Water Quality Monitoring Program Interactive Map.] [Canada-B.C. Water Quality Monitoring Program Interactive Map.]: https://catalogue.data.gov.bc.ca/dataset/cb0a8b28-4d1f-42a9-920f-8b6e6a3e8cb5 The dataset contains ArcGIS Online feature layers, we"
Current Air Quality Data Map,Environmental Monitoring and Analysis Branch,Access Only,file,CSV KML OTHER,2026-06-01,https://catalogue.data.gov.bc.ca/dataset/current-air-quality-data-map,View current Air Quality Health Index (AQHI) values and air monitoring data using our interactive map. Data is refreshed every 60 minutes. Data for this web application can be viewed here: https://catalogue.data.gov.bc.ca/dataset/air-quality-monitoring-unverified-hourly-air-quality-and-meteorologica
Meteorological Monitoring Sites,Environmental Monitoring and Analysis Branch,Access Only,file,KMZ MULTIPLE WMS,2025-03-06,https://catalogue.data.gov.bc.ca/dataset/meteorological-monitoring-sites,"These meteorological observation stations capture a variety of climatological and meteorological data. The data is an amalgamation of three datasets: the Meteorological Network (MN) data maintained by the Ministry of Environment and Climate Change Strategy's Air and Climate Branch, the Pacific Clima"
Tire Stewardship BC Tire Recycling Data,Environmental Monitoring and Analysis Branch,Access Only,file,CSV,2018-07-12,https://catalogue.data.gov.bc.ca/dataset/tire-stewardship-bc-tire-recycling-data,"[Tire Stewardship BC](http://www.tsbc.ca/index.php) scrap tire collection and recycling data (tonnes) from 2007 to 2011. Tire Stewardship BC (TSBC) is a not-for-profit society, formed to accept responsibility for the provincial scrap tire recycling program. The TSBC industry-led product stewardship "
Ventilation Index Interactive Map,Environmental Monitoring and Analysis Branch,Access Only,file,OTHER SHP,2024-04-02,https://catalogue.data.gov.bc.ca/dataset/ventilation-index-interactive-map,"A real-time decision-making tool that helps citizens determine if ventilation conditions are sufficient to initiate open burning in a particular geographic area (Ventilation Index Zones). Each ventilation index applies to a geographic area, known as a Smoke Sensitivity Zone. These zones are delineat"
Ventilation Index Reports,Environmental Monitoring and Analysis Branch,Access Only,file,HTML TXT XLSX,2026-05-05,https://catalogue.data.gov.bc.ca/dataset/ventilation-index-reports,"The ventilation or venting index is a forecast released daily by Environment and Climate Change Canada. It estimates how well the atmosphere disperses the smoke on any given day. To predict ventilation, the index uses both the mixing height of the atmosphere and the wind speed. In the text report, f"
Weather Forecast Regions Interactive Map,Environmental Monitoring and Analysis Branch,Access Only,file,GEOJSON KML OTHER,2026-06-01,https://catalogue.data.gov.bc.ca/dataset/weather-forecast-regions-interactive-map,"An interactive map that displays Weather Forecast Regions as defined by Environment Canada and Climate Change. This application is part of Air Quality Subscription Service, BC Air Quality and displays the Weather Forecast Regions in order to aid citizens to select which notification list to subscrib"
High Precipitation Areas in B.C.,Environmental Protection Division,Access Only,file,ARCGIS_REST ZIP,2026-06-11,https://catalogue.data.gov.bc.ca/dataset/high-precipitation-areas-in-b-c-,The High Precipitation Areas data shows the geographic high precipitation areas of B.C.
Mount Polley Sampling Sites - Data,Environmental Protection Division,Access Only,file,FGDB OTHER,2021-09-29,https://catalogue.data.gov.bc.ca/dataset/mount-polley-sampling-sites-data,"This dataset is an ArcGIS Online hosted feature service containing the Ministry of Environment's Mount Polley sampling locations for Drinking Water Quality, Aquatic Life Quality, Phytoplankton, Zooplankton, Benthic, Sediment, Mussel Veligers and Fish. The application using this data can be found [he"
PICES 5km Debris Ratings,Environmental Protection Division,Access Only,file,ARCGIS_REST SHP,2020-02-07,https://catalogue.data.gov.bc.ca/dataset/pices-5km-debris-ratings,"Tsunami debris rating estimates made for 5 km coastal line segments based on 2015 oblique, aerial photography."
PICES Photo Points,Environmental Protection Division,Access Only,file,ARCGIS_REST CSV,2020-02-07,https://catalogue.data.gov.bc.ca/dataset/pices-photo-points,Point data that represents the location at which an aerial photo was taken as part of the 2015 PICES Tsunami Debris Aerial Photo Survey. Data contains values which are used to dynamically build links to photos hosted on the flickr.com photo hosting service as well as debris rating values and keyword
Vulnerable Aquifer Recharge and Phosphorus-Affected Areas in B.C.,Environmental Protection Division,Access Only,file,ZIP,2026-04-14,https://catalogue.data.gov.bc.ca/dataset/vulnerable-aquifer-recharge-and-phosphorus-affected-areas-in-b-c-,The Vulnerable Aquifer and Phosphorus-Affected Areas in B.C. data shows the geographic vulnerable aquifer recharge areas and phosphorus-affected areas of B.C.
Habitat Enhancement - Burning and Slashing Activity - FWCP - Columbia Basin,Fish and Wildlife Compensation Program,Access Only,file,KML MULTIPLE WMS,2026-08-28,https://catalogue.data.gov.bc.ca/dataset/habitat-enhancement-burning-and-slashing-activity-fwcp-columbia-basin,Habitat enhancement burn areas for the East and West Kootenay from 1997 to date.
Licensed Seafood and Meat Operators - point features,Food Safety and Inspection,Access Only,service,ARCGIS_REST,2022-04-06,https://catalogue.data.gov.bc.ca/dataset/licensed-seafood-and-meat-operators-point-features,"The Ministry of Agriculture, Food and Fisheries is responsible for administrating and enforcing the B.C. Fish and Seafood Act (FSA) and the Fish and Seafood Licensing Regulation (FSLR). The primary objective of this regulatory framework is to ensure safe fish, seafood and aquatic plants for the publ"
BEC Map - Generalized (1:20K),Forest Analysis and Inventory Branch,Access Only,service,WMS,2026-07-10,https://catalogue.data.gov.bc.ca/dataset/bec-map-generalized-1-20k-,"A simplification of the current version of the biogeoclimatic subzone/variant map (BEC_BIOGEOCLIMATIC_POLY, version 13.1, July 8, 2026), and intended as a cartographic layer for viewing at a scale of 1:20,000. NOT FOR ANALYTICAL PURPOSES as polygon boundaries have been generalized. Use [WHSE_FOREST_"
BEC Map - Historic Versions,Forest Analysis and Inventory Branch,Access Only,file,ZIP,2026-05-21,https://catalogue.data.gov.bc.ca/dataset/bec-map-historic-versions,Superseded versions of the provincial biogeoclimatic zone/subzone/variant (BGC) maps replaced by finer resolution - excludes the current version. Each subsequent version of the biogeoclimatic subzone variant map of British Columbia is a result of refinements to either the mapping or definitions of t
BEC Map - Labels,Forest Analysis and Inventory Branch,Access Only,file,KML MULTIPLE WMS,2026-07-09,https://catalogue.data.gov.bc.ca/dataset/bec-map-labels,"Provides a suitable label point for the current version of the biogeoclimatic subzone/variant map (version 13.1, July 8, 2026) layers in iMap and MapView. Intended as a cartographic layer for iMap and MapView. NOT FOR ANALYTICAL PURPOSES."
BEC Zones - Generalized (1:2M),Forest Analysis and Inventory Branch,Access Only,service,MULTIPLE WMS,2026-07-10,https://catalogue.data.gov.bc.ca/dataset/bec-zones-generalized-1-2m-,"A simplification of the current version of the biogeoclimatic subzone/variant map (BEC_BIOGEOCLIMATIC_POLY, version 13, May 22, 2026) that has been aggregated to the Zone level. Intended as a cartographic layer for viewing at a scale of 1:2,000,000. NOT FOR ANALYTICAL PURPOSES as polygon boundaries "
Fire Burn Severity - Historical,Forest Analysis and Inventory Branch,Access Only,file,KML MULTIPLE WMS,2025-12-19,https://catalogue.data.gov.bc.ca/dataset/fire-burn-severity-historical,This layer is the one-year-later burn severity classification for large fires (greater than 100 ha). Burn severity mapping is conducted using best available pre- and post-fire satellite multispectral imagery acquired by the MultiSpectral Instrument (MSI) aboard the Sentinel-2 satellite or the Operat
Forest Harvesting Restrictions (generalized),Forest Analysis and Inventory Branch,Access Only,file,FGDB XLSX,2026-09-24,https://catalogue.data.gov.bc.ca/dataset/forest-harvesting-restrictions-generalized-,"Spatial representation of various land designations that stipulate, to varying degrees, limits on forest harvesting activity. These land designations include, for example, parks, ecological reserves, conservancies, ungulate winter ranges, wildlife management areas, old growth management areas, visua"
Forest Inventory Field Calibration Calls - Public Access,Forest Analysis and Inventory Branch,Access Only,file,KML MULTIPLE WMS,2026-09-24,https://catalogue.data.gov.bc.ca/dataset/forest-inventory-field-calibration-calls-public-access,This layer is the Ministry of Forest’s source for air and ground field calibration data collected as a component of the provincial forest inventory. 
Generalized Forest Cover Ownership,Forest Analysis and Inventory Branch,Access Only,file,KML MULTIPLE PDF WMS,2026-07-08,https://catalogue.data.gov.bc.ca/dataset/generalized-forest-cover-ownership,"<b><font color=""red"">This spatial data has been replaced by the layer: Land Designations for Forest Management (https://catalogue.data.gov.bc.ca/dataset/4574f131-470e-407c-bbcc-5b19d9adcc1b).</font></b> The Generalized Forest Cover Ownership (i.e F_OWN) dataset spatially identifies the primary owner"
Harvested Areas of BC (Consolidated Cutblocks),Forest Analysis and Inventory Branch,Access Only,file,FGDB KML MULTIPLE PDF WMS,2026-09-24,https://catalogue.data.gov.bc.ca/dataset/harvested-areas-of-bc-consolidated-cutblocks-,"The consolidated cut blocks dataset spatially combines forest harvesting data from multiple datasets (i.e . Reporting Silviculture Updates and Land Status Tracking System (RESULTS), Forest Cover Inventory (VRI) and satellite imagery change detection). The dataset depicts historical cut blocks on all"
Land Designations for Forest Management (LDFM),Forest Analysis and Inventory Branch,Access Only,file,KML MULTIPLE PDF WMS,2026-09-24,https://catalogue.data.gov.bc.ca/dataset/land-designations-for-forest-management-ldfm-,"<b><font color=""red"">This spatial data replaces the Generalized Forest Cover Ownership spatial data.</font></b> Spatially identifies the primary designated manager of lands across the province. It is intended to support timber supply review (TSR) analysis and other high-level resource management pla"
Provincial Forest Management Land Base (FMLB),Forest Analysis and Inventory Branch,Access Only,file,FGDB,2026-08-12,https://catalogue.data.gov.bc.ca/dataset/provincial-forest-management-land-base-fmlb-,"The FMLB (Forest Management Land Base) represents the forested area within the province from the perspective of forest management. It represents, at a very coarse level, those treed areas that would be considered a “forest” from the forest management perspective. It also includes areas temporarily n"
Provincial Proxy Analysis Forest Land Base (Proxy AFLB),Forest Analysis and Inventory Branch,Access Only,file,FGDB,2026-08-11,https://catalogue.data.gov.bc.ca/dataset/provincial-proxy-analysis-forest-land-base-proxy-aflb-,The Proxy Analysis Forest Land Base (Proxy AFLB) is intended to support high-level (strategic-level) resource management planning and forest estate modelling. It is the subset of the Provincial Forest Management Land Base (FMLB) (https://catalogue.data.gov.bc.ca/dataset/4b21af19-9900-4196-83e5-762a8
Provincial Proxy Timber Harvesting Land Base (Proxy THLB),Forest Analysis and Inventory Branch,Access Only,file,FGDB HTML,2026-09-17,https://catalogue.data.gov.bc.ca/dataset/provincial-proxy-timber-harvesting-land-base-proxy-thlb-,"The Provincial Proxy Timber Harvesting Land Base is intended to support high-level (strategic-level) resource management planning and forest estate modelling. It is a general estimate of the land where timber harvesting is considered both acceptable and economically feasible. It is a theoretical, an"
Provincial Timber Harvesting Land Base (THLB) -- Timber Supply Review Compilation,Forest Analysis and Inventory Branch,Access Only,file,FGDB,2026-07-30,https://catalogue.data.gov.bc.ca/dataset/provincial-timber-harvesting-land-base-thlb-timber-supply-review-compilation,This dataset is a compilation of the most recent Timber Harvesting Land Base (THLB) datasets produced for each Timber Supply Area (TSA) in the province through the Timber Supply Review (TSR) process. The THLB is an estimate of the land where timber harvesting is considered both acceptable and econom
VRI - 2025 - Forest Vegetation Composite Dead Layer (D),Forest Analysis and Inventory Branch,Access Only,file,FGDB KML MULTIPLE WMS,2026-05-27,https://catalogue.data.gov.bc.ca/dataset/vri-2025-forest-vegetation-composite-dead-layer-d-,"Geospatial forest inventory dataset updated for depletions, such as harvesting, and projected annually for growth. Sample attributes in this dataset include: age, species, volume, height. The Vegetation Resources Inventory (VRI) spatial datasets describe both where a vegetation resource (ie timber v"
VRI - 2025 - Forest Vegetation Composite Layer 1 (L1),Forest Analysis and Inventory Branch,Access Only,file,FGDB MULTIPLE,2026-05-27,https://catalogue.data.gov.bc.ca/dataset/vri-2025-forest-vegetation-composite-layer-1-l1-,FOREST VEGETATION COMPOSITE POLYGONS: An instantiated table joining VEG_COMP_POLY and VEG_COMP_LYR_L1_VW on FEATURE_ID. This SDE layer coverage contains vegetation cover from the Ministry of Forests. Attribute information is also maintained in this table. It will supersede F_FC. Vegetation Cover is 
VRI - 2025 - Forest Vegetation Composite Layer 2 (L2),Forest Analysis and Inventory Branch,Access Only,file,FGDB MULTIPLE,2026-05-27,https://catalogue.data.gov.bc.ca/dataset/vri-2025-forest-vegetation-composite-layer-2-l2-,FOREST VEGETATION COMPOSITE POLYGONS: An instantiated table joining VEG_COMP_POLY and VEG_COMP_LYR_L2_VW on FEATURE_ID. This SDE layer coverage contains vegetation cover from the Ministry of Forests. Attribute information is also maintained in this table. This joined table was created to support the
VRI - 2025 - Forest Vegetation Composite Layers (All Layers),Forest Analysis and Inventory Branch,Access Only,file,FGDB,2026-05-26,https://catalogue.data.gov.bc.ca/dataset/vri-2025-forest-vegetation-composite-layers-all-layers-,This is the attribution table for the Vegetation Composite Polygons Linked by Feature _id.
VRI - 2025 - Forest Vegetation Composite Polygons,Forest Analysis and Inventory Branch,Access Only,file,FGDB,2026-05-26,https://catalogue.data.gov.bc.ca/dataset/vri-2025-forest-vegetation-composite-polygons,"A composite table comprising the polygon table attributes joined to the attributes from the non veg, non tree, land cover component, map label and history linkage tables. indicating an area on the BC land base on like Vegetation Inventory attribution. This SDE layer coverage contains vegetation cove"
VRI - 2025 - Variable Density Yield Projection 7 (VDYP7) Input Layer,Forest Analysis and Inventory Branch,Access Only,file,FGDB,2026-05-26,https://catalogue.data.gov.bc.ca/dataset/vri-2025-variable-density-yield-projection-7-vdyp7-input-layer,The [VEG_COMP_VDYP7_INPUT_POLY](https://catalogue.data.gov.bc.ca/dataset/57513aaa-c0a6-41a9-b2a8-b980b1604ee6) and the VEG_COMP_VDYP7_INPUT_LAYER are tables with the input estimates for the current years provincial forest cover to facilitate volume projections and yield curve calculations using the 
Omineca Watershed Hazard Assessment - Data - BC Cumulative Effects Framework - 2019 Assessment,Forest Improvement and Research Management Branch,Access Only,file,FGDB XLS,2024-07-11,https://catalogue.data.gov.bc.ca/dataset/omineca-watershed-hazard-assessment-data-bc-cumulative-effects-framework-2019-assessment,"NOTE: This dataset is the result of an analysis of many input layers and as such the accuracy, currency, and completeness of the dataset cannot be relied upon for operational use. This geodatabase contains the outputs to support the published [Current Condition Report for GIS-Based Watershed Hazard "
Research Installations Government View,Forest Improvement and Research Management Branch,Access Only,service,MULTIPLE,2026-09-24,https://catalogue.data.gov.bc.ca/dataset/research-installations-government-view,Identifies the physical locations for a research installations within the province of British Columbia. View is for Governement Staff
Research Installations Industry View,Forest Improvement and Research Management Branch,Access Only,service,MULTIPLE,2026-09-24,https://catalogue.data.gov.bc.ca/dataset/research-installations-industry-view,Identifies the physical locations of research installations within the province of British Columbia. Intended for use by Forest Industry Staff.
Seed Planning Unit,Forest Improvement and Research Management Branch,Access Only,service,MULTIPLE,2021-12-10,https://catalogue.data.gov.bc.ca/dataset/seed-planning-unit,Seed Planning Unit View is a table that lists valid combinations of Seed Planning Zones (SPZ) and elevation ranges. Each SEED_PLAN_UNIT_ID relates to a SEED_PLAN_ZONE for a specific tree species and minimum/maximum elevation in meters. Seed Planning Units only apply to Genetic Class A (orchard/paren
Seed Planning Units (Spatial View),Forest Improvement and Research Management Branch,Access Only,file,KML MULTIPLE WMS,2023-06-29,https://catalogue.data.gov.bc.ca/dataset/seed-planning-units-spatial-view-,"Seed Planning Units SVW is a spatial view designed to provide enhanced attribution that joins: Seed Planning Unit (SPU) Geometry WHSE_FOREST_VEGETATION.SEED_PLAN_UNIT_GEOMETRY, comprised of Seed Planning Zone (SPZ) geometry delineated by elevation ranges, with Seed Planning Unit View WHSE_FOREST_VEG"
Seed Planning Zones,Forest Improvement and Research Management Branch,Access Only,file,KML MULTIPLE WMS,2026-09-24,https://catalogue.data.gov.bc.ca/dataset/seed-planning-zones,"Seed Planning Zone MVW is a materialized view of SEED_PLAN_ZONE_GEOMETRY polygons joined with the SEED_PLAN_ZONE table. The materialized view displays the spatial polygons for each Seed Planning Zone (SPZ) for Genetic Class=B (natural stands, all species) and Genetic Class=A (seed orchards, each tre"
Seedlot,Forest Improvement and Research Management Branch,Access Only,file,KML MULTIPLE WMS,2026-09-24,https://catalogue.data.gov.bc.ca/dataset/seedlot,Seedlot Point MVW is a materialized view of the SEEDLOT_POINT geometry and includes attribute data from the SEEDLOT table.
Seedlot Collection Area,Forest Improvement and Research Management Branch,Access Only,file,KML MULTIPLE WMS,2026-09-24,https://catalogue.data.gov.bc.ca/dataset/seedlot-collection-area,"Seedlot collection area polygons captured from the Seed Planning and Registry System (SPAR) seedlot collection area tool at time of seedlot registration on a voluntary basis, ie. not a requirement of the Chief Forester's Standards for Seed Use. The purpose of the seedlot collection area polygons is "
Seedlot Spatial Area of Use,Forest Improvement and Research Management Branch,Access Only,file,FGDB,2020-03-03,https://catalogue.data.gov.bc.ca/dataset/seedlot-spatial-area-of-use,The Seedlot Spatial Area of Use (AOU) data was created for each Seedlot registered in the Seed Planning and Registry web application (SPAR). The Chief Forester's Standards for Seed Use http://www2.gov.bc.ca/gov/content/industry/forestry/managing-our-forest-resources/tree-seed/legislation-standards/c
Vegetative Lot,Forest Improvement and Research Management Branch,Access Only,file,KML MULTIPLE WMS,2023-06-29,https://catalogue.data.gov.bc.ca/dataset/vegetative-lot,Vegetative Lot MVW is a materialized view of the VEG_LOT_POINT geometry and includes attribute data from the VEG_LOT table.
Forest Landscape Plans Boundary - Current,Forest Landscape Planning,Access Only,file,FGDB SHP,2026-07-07,https://catalogue.data.gov.bc.ca/dataset/forest-landscape-plans-boundary-current,The spatial representation of a Forest Landscape Plans (FLP) broader area. Forest landscape plans establish clear outcomes for the management of forest resource values within defined areas. This broader boundary delineates the extent of the FLP area. Not all land within the boundary will be subject 
Bark Beetle Susceptibility Rating,"Forest Science, Planning and Practices Branch",Access Only,service,MULTIPLE,2024-04-18,https://catalogue.data.gov.bc.ca/dataset/bark-beetle-susceptibility-rating,"Periodically, the MOF Forest Health program creates bark beetle susceptibility rating polygons to spruce beetle, mountain pine beetle and Douglas-fir beetle from the most current Vegetation Resource Inventory. The current dataset was created for MOF's Resource Practices Branch in Victoria, by the Ge"
Cultural Heritage - FREP - Current,"Forest Science, Planning and Practices Branch",Access Only,service,ARCGIS_REST,2026-03-11,https://catalogue.data.gov.bc.ca/dataset/cultural-heritage-frep-current,FREP Cultural Heritage dataset includes data collected by BC's NRD staff (data sampling up to 2025) across the Province. This dataset conveys the results of monitoring that has been carried out by the Forest and Range Evaluation Program[(FREP)](https://www2.gov.bc.ca/gov/content/industry/forestry/ma
Cultural Heritage - FREP - Data Up To 2019 - Coast Mountains District - MRVA,"Forest Science, Planning and Practices Branch",Access Only,service,ARCGIS_REST,2026-03-09,https://catalogue.data.gov.bc.ca/dataset/cultural-heritage-frep-data-up-to-2019-coast-mountains-district-mrva,This data conveys the results of Cultural Heritage monitoring that has been carried out by the Forest and Range Evaluation Program [(FREP)](https://www2.gov.bc.ca/gov/content/industry/forestry/managing-our-forest-resources/integrated-resource-monitoring/forest-range-evaluation-program) in the Coast 
Forest Operations Map (FOM) - Cutblocks,"Forest Science, Planning and Practices Branch",Access Only,file,ARCGIS_REST KML MULTIPLE WMS,2026-09-24,https://catalogue.data.gov.bc.ca/dataset/forest-operations-map-fom-cutblocks,"This spatial layer reflects planned operational activities for proposed and finalized, but not yet permitted, cutblocks contained within harvesting authorities. Each feature contains a DEVELOPMENT_DATE, indicating the anticipated date of development. The layer contains boundaries for cutblocks withi"
Forest Operations Map (FOM) - Road Sections,"Forest Science, Planning and Practices Branch",Access Only,file,ARCGIS_REST KML MULTIPLE WMS,2026-09-24,https://catalogue.data.gov.bc.ca/dataset/forest-operations-map-fom-road-sections,"This spatial layer reflects planned and final road sections within a proposed Forest Operations Map and contains the center line of the road section. Each feature contains a DEVELOPMENT_DATE, indicating the anticipated date of development. The layer contains road sections within a Forest Operations "
Forest Operations Map (FOM) - Wildlife Tree Retention Areas,"Forest Science, Planning and Practices Branch",Access Only,service,MULTIPLE,2026-09-24,https://catalogue.data.gov.bc.ca/dataset/forest-operations-map-fom-wildlife-tree-retention-areas,"This spatial layer reflects planned operational activities for proposed and final wildlife tree retention areas contained within harvesting authorities. This layer is not downloadable. Data upload to the layer is voluntary, therefore completeness of the data set cannot be expected. For downloadable,"
Forest Stewardship Plans - Identified Areas,"Forest Science, Planning and Practices Branch",Access Only,file,KML MULTIPLE ORACLE_SDE WMS,2026-09-24,https://catalogue.data.gov.bc.ca/dataset/forest-stewardship-plans-identified-areas,The spatial representation of an Identified Area representing a portion of a Forest Stewardship Plan. The Identified Area is the spatially-mapped area of land within a Forest Stewardship Plan where specific forest practices obligations apply to specific forest licensees.
Natural Disturbance Units for North Eastern BC,"Forest Science, Planning and Practices Branch",Access Only,service,MULTIPLE,2021-12-10,https://catalogue.data.gov.bc.ca/dataset/natural-disturbance-units-for-north-eastern-bc,Ominica Peace Region Natural Disturbance Units
Pest Infestation Points - Current,"Forest Science, Planning and Practices Branch",Access Only,file,KML MULTIPLE WMS,2026-06-04,https://catalogue.data.gov.bc.ca/dataset/pest-infestation-points-current,"Forest disturbances mapped primarily by the annual provincial aerial overview survey are recorded as polygons or spots (point data). This data set represents the spot (point) data. Each spot is labelled by the year of survey, forest health factor (disturbance agent), severity class, area, numbers of"
Pest Infestation Points - Historic,"Forest Science, Planning and Practices Branch",Access Only,service,MULTIPLE,2026-06-04,https://catalogue.data.gov.bc.ca/dataset/pest-infestation-points-historic,"Forest disturbances mapped primarily by the annual provincial aerial overview survey are recorded as polygons or spots (point data). This data set represents the spot (point) data. Each spot is labelled by the year of survey, forest health factor (disturbance agent), severity class, area, numbers of"
Pest Infestation Polygons (Generalized),"Forest Science, Planning and Practices Branch",Access Only,service,MULTIPLE,2026-06-04,https://catalogue.data.gov.bc.ca/dataset/pest-infestation-polygons-generalized-,"This dataset is a spatially generalized version of Pest Infestation Polygons, created for viewing and presentation purposes only. For the non-generalized dataset download please refer to [Pest Infestation Polygons](https://catalogue.data.gov.bc.ca/dataset/450b67bb-02d5-4526-8bc0-ac7924125a1e)."
Pest Infestation Polygons - Current,"Forest Science, Planning and Practices Branch",Access Only,file,KML MULTIPLE WMS,2026-06-04,https://catalogue.data.gov.bc.ca/dataset/pest-infestation-polygons-current,"Forest disturbances mapped primarily by the annual provincial aerial overview survey are recorded as polygons. Each polygon is labelled by the year of survey, forest health factor (disturbance agent), severity class and host. Aerial survey data standards are provided on the web at https://www2.gov.b"
Pest Infestation Polygons - Historic,"Forest Science, Planning and Practices Branch",Access Only,service,MULTIPLE,2026-06-04,https://catalogue.data.gov.bc.ca/dataset/pest-infestation-polygons-historic,"Forest disturbances mapped primarily by the annual provincial aerial overview survey are recorded as polygons. Each polygon is labelled by the year of survey, forest health factor (disturbance agent), severity class and host. Aerial survey data standards are provided on the web at https://www2.gov.b"
RESULTS Openings Slope Aspect and Elevation,"Forest Science, Planning and Practices Branch",Access Only,file,KML MULTIPLE WMS,2026-09-24,https://catalogue.data.gov.bc.ca/dataset/results-openings-slope-aspect-and-elevation,"Derived slope aspect and elevation data, including maximum and minimum elevation data for each opening in RESULTS with spatial data"
Reporting Units - Resource Planning and Assessment Branch Programs - British Columbia,"Forest Science, Planning and Practices Branch",Access Only,service,ARCGIS_REST,2026-03-09,https://catalogue.data.gov.bc.ca/dataset/reporting-units-resource-planning-and-assessment-branch-programs-british-columbia,"Reporting boundaries for Resource Planning and Assessment Branch (RPAB) products, including TSA's, Integrated monitoring and Assessment Report (IMAR) units, and Natural Resource Districts. [Forest Range and Evaluation Program (FREP) Web Viewer](https://governmentofbc.maps.arcgis.com/apps/MapSeries/i"
Riparian - FREP - (data sampling up to 2019),"Forest Science, Planning and Practices Branch",Access Only,service,ARCGIS_REST,2026-03-09,https://catalogue.data.gov.bc.ca/dataset/riparian-frep-data-sampling-up-to-2019-,FREP Riparian dataset includes data collected by BC's NRD staff (data sampling up to 2019) across the Province. This dataset conveys the results of monitoring that has been carried out by the Forest and Range Evaluation Program[(FREP)](https://www2.gov.bc.ca/gov/content/industry/forestry/managing-ou
Riparian - FREP - Current,"Forest Science, Planning and Practices Branch",Access Only,service,ARCGIS_REST,2026-03-10,https://catalogue.data.gov.bc.ca/dataset/riparian-frep-current,FREP Riparian dataset includes data collected by BC's NRD staff (data sampling up to 2025) across the Province. This dataset conveys the results of monitoring that has been carried out by the Forest and Range Evaluation Program[(FREP)](https://www2.gov.bc.ca/gov/content/industry/forestry/managing-ou
"Riparian - FREP - Data Up To 2018 - Sunshine Coast District, District of Quesnel - MRVA","Forest Science, Planning and Practices Branch",Access Only,service,ARCGIS_REST,2026-03-09,https://catalogue.data.gov.bc.ca/dataset/riparian-frep-data-up-to-2018-sunshine-coast-district-district-of-quesnel-mrva,FREP Riparian dataset includes data collected by BC's NRD staff (data sampling up to 2018) across the Province. This data is used in the Sunshine Coast District - Multiple Resource Value Assessment (MRVA) and the Quesnel District - Multiple Resource Value Assessment (MRVA) This dataset conveys the r
Riparian - FREP - Data Up To 2019 - Coast Mountains District - MRVA,"Forest Science, Planning and Practices Branch",Access Only,service,ARCGIS_REST,2026-03-09,https://catalogue.data.gov.bc.ca/dataset/riparian-frep-data-up-to-2019-coast-mountains-district-mrva,This data conveys the results of Riparian monitoring that has been carried out by the Forest and Range Evaluation Program ([FREP](https://www2.gov.bc.ca/gov/content/industry/forestry/managing-our-forest-resources/integrated-resource-monitoring/forest-range-evaluation-program)) in the Coast Mountains
Silviculture Investments,"Forest Science, Planning and Practices Branch",Access Only,service,MULTIPLE PDF,2026-09-24,https://catalogue.data.gov.bc.ca/dataset/silviculture-investments,"This spatial layer is based on RESULTS silviculture activity reporting and describes government-funded stand-tending treatments intended as investments (fertilization, juvenile spacing, pruning and commercial thinning) carried out province-wide since 2011. The objective of the layer is to help ensur"
Stand Level Biodiversity - Coarse Woody Debris Length - Data - Coast Mountains District - MRVA,"Forest Science, Planning and Practices Branch",Access Only,service,ARCGIS_REST,2026-03-09,https://catalogue.data.gov.bc.ca/dataset/stand-level-biodiversity-coarse-woody-debris-length-data-coast-mountains-district-mrva,"Stand Level Biodiversity Coarse Woody Debris Length monitoring data, that has been carried out by the Forest and Range Evaluation Program [(FREP)](https://www2.gov.bc.ca/gov/content/industry/forestry/managing-our-forest-resources/integrated-resource-monitoring/forest-range-evaluation-program) in the"
Stand Level Biodiversity - Coarse Woody Debris Volume - Data - Coast Mountains District - MRVA,"Forest Science, Planning and Practices Branch",Access Only,service,ARCGIS_REST,2026-03-09,https://catalogue.data.gov.bc.ca/dataset/stand-level-biodiversity-coarse-woody-debris-volume-data-coast-mountains-district-mrva,"Stand Level Biodiversity Coarse Woody Debris Volume monitoring data, that has been carried out by the Forest and Range Evaluation Program [(FREP)](https://www2.gov.bc.ca/gov/content/industry/forestry/managing-our-forest-resources/integrated-resource-monitoring/forest-range-evaluation-program) in the"
Stand Level Biodiversity - Data Up To 2018 - Coast Mountains District - MRVA,"Forest Science, Planning and Practices Branch",Access Only,service,ARCGIS_REST,2026-03-09,https://catalogue.data.gov.bc.ca/dataset/stand-level-biodiversity-data-up-to-2018-coast-mountains-district-mrva,This data conveys the results of Stand Level Biodiversity monitoring that has been carried out by the Forest and Range Evaluation Program [(FREP)](https://www2.gov.bc.ca/gov/content/industry/forestry/managing-our-forest-resources/integrated-resource-monitoring/forest-range-evaluation-program) in the
Stand Level Biodiversity - FREP - (data sampling up to 2018),"Forest Science, Planning and Practices Branch",Access Only,service,ARCGIS_REST,2026-03-09,https://catalogue.data.gov.bc.ca/dataset/stand-level-biodiversity-frep-data-sampling-up-to-2018-,FREP Stand Level Biodiversity dataset includes data collected by BC's NRD staff (data sampling up to 2018) across the Province. This dataset conveys the results of monitoring that has been carried out by the Forest and Range Evaluation Program[(FREP)](https://www2.gov.bc.ca/gov/content/industry/fore
Stand Level Biodiversity - FREP - Current,"Forest Science, Planning and Practices Branch",Access Only,service,ARCGIS_REST,2026-03-12,https://catalogue.data.gov.bc.ca/dataset/stand-level-biodiversity-frep-current,FREP Stand Level Biodiversity dataset includes data collected by BC's NRD staff (data sampling up to 2025) across the Province using the Stand Level Retention protocol. This dataset conveys the results of monitoring that has been carried out by the Forest and Range Evaluation Program[(FREP)](https:/
Stand Level Biodiversity - FREP - Data Up To 2018 - MRVA,"Forest Science, Planning and Practices Branch",Access Only,service,ARCGIS_REST,2026-03-09,https://catalogue.data.gov.bc.ca/dataset/stand-level-biodiversity-frep-data-up-to-2018-mrva,FREP Stand Level Biodiversity dataset includes data collected by BC's NRD staff (data sampling up to 2018) across the Province. This dataset conveys the results of monitoring that has been carried out by the Forest and Range Evaluation Program[(FREP)](https://www2.gov.bc.ca/gov/content/industry/fore
Stand Level Biodiversity - SPP Tree Retention - Data - Coast Mountains District - MRVA,"Forest Science, Planning and Practices Branch",Access Only,service,ARCGIS_REST,2026-03-09,https://catalogue.data.gov.bc.ca/dataset/stand-level-biodiversity-spp-tree-retention-data-coast-mountains-district-mrva,"Stand Level Biodiversity SPP Tree Retention monitoring data, that has been carried out by the Forest and Range Evaluation Program [(FREP)](https://www2.gov.bc.ca/gov/content/industry/forestry/managing-our-forest-resources/integrated-resource-monitoring/forest-range-evaluation-program) in the Coast M"
Visual Landscape Inventory - Viewing Points (Spatial View),"Forest Science, Planning and Practices Branch",Access Only,file,KML MULTIPLE WMS,2026-09-24,https://catalogue.data.gov.bc.ca/dataset/visual-landscape-inventory-viewing-points-spatial-view,"The point from which a visual landscape is viewed. When a view is panoramic, the Viewing Point is to the middle of that panoramic view."
Visual Landscape Inventory - Visual Sensitivity Units - View,"Forest Science, Planning and Practices Branch",Access Only,file,KML WMS,2026-09-24,https://catalogue.data.gov.bc.ca/dataset/visual-landscape-inventory-visual-sensitivity-units-view,"The spatial view REC VIMS VLI SVW is a multi part polygon identifying A Visual Sensitivity Unit (VSU), which is a distinct topographical unit as viewed from one or more viewpoints and is delineated based on the homogeneity of the landform and of biophysical elements. VIMS VLI was a layer created for"
Visual Quality - FREP - Current,"Forest Science, Planning and Practices Branch",Access Only,service,ARCGIS_REST,2026-03-10,https://catalogue.data.gov.bc.ca/dataset/visual-quality-frep-current,FREP Visual Quality dataset includes data collected by BC's NRD staff (data sampling up to 2025) across the Province. This dataset conveys the results of monitoring that has been carried out by the Forest and Range Evaluation Program[(FREP)](https://www2.gov.bc.ca/gov/content/industry/forestry/manag
Visual Quality - FREP - Data Up To 2019 - Coast Mountains District - MRVA,"Forest Science, Planning and Practices Branch",Access Only,service,ARCGIS_REST,2026-03-09,https://catalogue.data.gov.bc.ca/dataset/visual-quality-frep-data-up-to-2019-coast-mountains-district-mrva,"This data conveys the results of Visual Quality monitoring that has been carried out by the Forest and Range Evaluation Program (FREP) in the Coast Mountains Natural Resource District of British Columbia, and used in the Multiple Resource Value Assessment for the Coast Mountains Natural Resource Dis"
Visual Resource Management  - Scenic Areas - View,"Forest Science, Planning and Practices Branch",Access Only,file,KML WMS,2026-01-31,https://catalogue.data.gov.bc.ca/dataset/visual-resource-management-scenic-areas-view,"The spatial view REC VIMS SCENIC AREA SVW is a multi part polygon feature, that indicates that the Forest District Manager has identified, or made known, a Visual Landscape Inventory. Once a visual landscape inventory for an area has been completed, the most sensitive landscapes are made known as sc"
Visual Resource Management - Established Visual Quality Objectives View,"Forest Science, Planning and Practices Branch",Access Only,file,KML WMS,2026-01-31,https://catalogue.data.gov.bc.ca/dataset/visual-resource-management-established-visual-quality-objectives-view,"The spatial view REC VIMS EVQO SVW is a multi part polygon that indicates if a VQO(Visual Quality Objective) is identified, approved and recorded to specify limits of acceptable visual change based on visual sensitivity, numberof viewers and level of concern / user expectations. This is a view of vi"
Water Quality - Data Up To 2018 - Sunshine Coast District - MRVA,"Forest Science, Planning and Practices Branch",Access Only,service,ARCGIS_REST,2026-03-09,https://catalogue.data.gov.bc.ca/dataset/water-quality-data-up-to-2018-sunshine-coast-district-mrva,"This data conveys the results of Water Quality monitoring that has been carried out by the Forest and Range Evaluation Program ([FREP](https://www2.gov.bc.ca/gov/content/industry/forestry/managing-our-forest-resources/integrated-resource-monitoring/forest-range-evaluation-program)), and used in the "
Water Quality - Data Up To 2019 - Coast Mountains District - MRVA,"Forest Science, Planning and Practices Branch",Access Only,service,ARCGIS_REST,2026-03-09,https://catalogue.data.gov.bc.ca/dataset/water-quality-data-up-to-2019-coast-mountains-district-mrva,This data conveys the results of Water Quality monitoring that has been carried out by the Forest and Range Evaluation Program ([FREP](https://www2.gov.bc.ca/gov/content/industry/forestry/managing-our-forest-resources/integrated-resource-monitoring/forest-range-evaluation-program)) in the Coast Moun
Water Quality - FREP - Current,"Forest Science, Planning and Practices Branch",Access Only,service,ARCGIS_REST,2026-03-10,https://catalogue.data.gov.bc.ca/dataset/water-quality-frep-current,FREP Water Quality dataset includes data collected by BC's NRD staff (data sampling up to 2025) across the Province. This dataset conveys the results of monitoring that has been carried out by the Forest and Range Evaluation Program[(FREP)](https://www2.gov.bc.ca/gov/content/industry/forestry/managi
Watershed Report General Locations – FREP – Current,"Forest Science, Planning and Practices Branch",Access Only,service,ARCGIS_REST,2026-03-09,https://catalogue.data.gov.bc.ca/dataset/watershed-report-general-locations-frep-current-,Location points for watersheds assessment polygons at the provincial scale. This point dataset conveys the general locations of FREP watershed monitoring at a provincial scale and are linked to pdf reports currently found on the FREP website. FREP was established in 2005 for the purpose of evaluatin
Watershed Status Reports – FREP – Current,"Forest Science, Planning and Practices Branch",Access Only,service,ARCGIS_REST,2026-03-09,https://catalogue.data.gov.bc.ca/dataset/-watershed-status-reports-frep-current,The FREP watershed layer includes polygons that are linked to pdf reports of assessment results that are currently publicly available on the [FREP website](https://www2.gov.bc.ca/gov/content/industry/forestry/managing-our-forest-resources/integrated-resource-monitoring/forest-range-evaluation-progra
FADM - Special Protection Area,Forest Tenures Branch,Access Only,file,KML MULTIPLE WMS,2026-07-30,https://catalogue.data.gov.bc.ca/dataset/fadm-special-protection-area,"This dataset contains information on areas of the Province set aside for special protection by legislation. These special protection areas include the Great Bear Rainforest (GBR) Forest Management Area as defined within BILL 2 – 2016, GREAT BEAR RAINFOREST (FOREST MANAGEMENT) ACT. The dataset also i"
FADM - Tree Farm License Current View (TFL),Forest Tenures Branch,Access Only,file,KML MULTIPLE WMS,2026-09-24,https://catalogue.data.gov.bc.ca/dataset/fadm-tree-farm-license-current-view-tfl-,"This view is a snapshot in time and is a summary layer displaying the current boundary of the Tree Farm License, during the life of the agreement. For further information on Tree Farm Licenses please visit this website: https://www2.gov.bc.ca/gov/content?id=A93E6DFD8C164AD19CD17880450289A3 The spati"
Forest Tenure Road Section Lines,Forest Tenures Branch,Access Only,file,KML MULTIPLE WMS,2026-09-24,https://catalogue.data.gov.bc.ca/dataset/forest-tenure-road-section-lines,This is a spatial layer that reflects operational activities for road sections contained within a road permit. The Forest Tenures Section (FTS) is responsible for the creation and maintenance of digital Forest Atlas files for the province of British Columbia encompassing Forest and Range Act Tenures
Forest Tenure Road Use Permits,Forest Tenures Branch,Access Only,file,KML MULTIPLE ORACLE_SDE WMS,2026-09-24,https://catalogue.data.gov.bc.ca/dataset/forest-tenure-road-use-permits,This is a spatial layer that reflects operational activities for road sections contained within a Road Use Permit. Road Use Permits are permits issued for industrial use of MFLNRO Forest Service Roads (FSRs). The Forest Tenures Section (FTS) is responsible for the creation and maintenance of digital
Forestry Organizational Unit,Forestry Digital Services,Access Only,file,CSV,2025-04-11,https://catalogue.data.gov.bc.ca/dataset/forestry-organizational-unit,"Records codes for ministry Organizational Units (offices), such as Branch, Region, or District office. Codes are currently defined to the office, section/program, and subsection level. [Source: [Integrated Data Dictionary](http://www.for.gov.bc.ca/pScripts/isb/idd/IDD_srch.asp)]"
1:2 000 000 Raster Base Maps,GeoBC Branch,Access Only,file,OTHER ZIP,2019-04-04,https://catalogue.data.gov.bc.ca/dataset/1-2-000-000-raster-base-maps,"1:2,000,000 scale raster map derived from provincial sources. The roads and place names are from 2006 and are updated annually whereas other detail is from the 1980s and is static. A 100 metre pixel size is used for the map detail which is presented against a shaded relief, grayscale background deri"
ATES Avalanche Terrain Exposure Scale Recreation Boundaries,GeoBC Branch,Access Only,file,KML MULTIPLE WMS,2023-06-29,https://catalogue.data.gov.bc.ca/dataset/ates-avalanche-terrain-exposure-scale-recreation-boundaries,Boundaries that represent a recreation area for snowmobiling or backcountry skiing that has had the Avalanche Terrain Exposure Scale (ATES) completed.
ATES Avalanche Terrain Exposure Scale Recreation Lines,GeoBC Branch,Access Only,service,MULTIPLE,2022-10-28,https://catalogue.data.gov.bc.ca/dataset/ates-avalanche-terrain-exposure-scale-recreation-lines,A number of lines that represent roads or avalanche paths within or near an ATES Recreation boundary.
ATES Avalanche Terrain Exposure Scale Sites,GeoBC Branch,Access Only,service,MULTIPLE,2022-10-28,https://catalogue.data.gov.bc.ca/dataset/ates-avalanche-terrain-exposure-scale-sites,"A number of sites within a Recreation boundary that may be a cabin, crux or decision point, or local identifier such as a mountain or lake or riding area."
ATES Avalanche Terrain Exposure Scale Zones,GeoBC Branch,Access Only,service,MULTIPLE,2022-10-28,https://catalogue.data.gov.bc.ca/dataset/ates-avalanche-terrain-exposure-scale-zones,"A number of boundaries that represent the ATES Avalanche Terrain Exposure Scale of Simple, Challenging or Complex rating."
Airborne Imagery Historical Index Map Points,GeoBC Branch,Access Only,file,KML MULTIPLE WMS,2023-06-29,https://catalogue.data.gov.bc.ca/dataset/airborne-imagery-historical-index-map-points,__Point geometry representing the centroid of footprints of individual maps in the provincial historical air photo index map collection.__ 
Airborne Imagery Historical Index Map Polygons,GeoBC Branch,Access Only,file,KML MULTIPLE WMS,2023-06-29,https://catalogue.data.gov.bc.ca/dataset/airborne-imagery-historical-index-map-polygons,__A set of polygons representing the footprints of individual maps in the provincial historical air photo index map collection.__ 
Airfields - TRIM Enhanced Base Map (EBM),GeoBC Branch,Access Only,file,KML MULTIPLE WMS,2026-09-01,https://catalogue.data.gov.bc.ca/dataset/airfields-trim-enhanced-base-map-ebm,"Includes airports, airstrips, helipads and abandoned airfields. Symbols in TRIM have been replaced by polygons. TRIM-EBM is a 2D product containing TRIM 1 features excluding toponymy, contours and DEM for which area based features have been closed to form polygons, symbol points have been replaced w"
Airphoto Centroids,GeoBC Branch,Access Only,file,KML MULTIPLE WMS,2023-06-29,https://catalogue.data.gov.bc.ca/dataset/airphoto-centroids,"__A set of points representing the centre points of all individual air photo frames catalogued in the provincial collection, dating back to 1963.__ "
Airphoto Flightlines,GeoBC Branch,Access Only,file,KML MULTIPLE WMS,2023-06-29,https://catalogue.data.gov.bc.ca/dataset/airphoto-flightlines,"__A set of lines representing the flight paths flown for all air photo film rolls catalogued in the provincial collection, dating back to 1963.__ "
BC Air Photo Viewer,GeoBC Branch,Access Only,file,KML,2022-04-06,https://catalogue.data.gov.bc.ca/dataset/bc-air-photo-viewer,"The BC Air Photo Viewer lets you display and order air photos taken between 1996 and 2012. Where available, the reduced-resolution images presented in this viewer may be freely viewed, downloaded and printed, although the full copyright remains with the Province of British Columbia."
BC Base Map Service - BC Albers *Deprecated*,GeoBC Branch,Access Only,file,ARCGIS_REST KMZ XML,2024-12-05,https://catalogue.data.gov.bc.ca/dataset/bc-base-map-service-bc-albers-deprecated-,**Deprecated as of November 2022.** This resource has not been updated since 2018 and is only to be used for legacy application support. Please use the updated [BC Basemap - vector tile cache](https://catalogue.data.gov.bc.ca/dataset/bc-basemap). Contact [GeoBC](GeoBCInfo@gov.bc.ca) for more informa
BC Base Map Service - Web Mercator *Deprecated*,GeoBC Branch,Access Only,file,ARCGIS_REST HTML XML,2024-12-05,https://catalogue.data.gov.bc.ca/dataset/bc-base-map-service-web-mercator-deprecated-,**Deprecated as of November 2022.** This resource *has not been updated since 2018* and is only to be used for legacy application support. Please use the updated [BC Basemap - vector tile cache](https://catalogue.data.gov.bc.ca/dataset/bc-basemap). Contact [GeoBC](GeoBCInfo@gov.bc.ca) for more infor
BC Drought Levels,GeoBC Branch,Access Only,file,ARCGIS_REST FGDB,2025-05-14,https://catalogue.data.gov.bc.ca/dataset/bc-drought-levels,The BC Drought Levels layer represents the current drought levels in the Province of British Columbia. The levels are updated as required during the core drought season by GeoBC and the Water Management Branch of the Ministry of Forests. Core drought season typically begins following spring freshet 
BC Historical Drought Levels,GeoBC Branch,Access Only,file,ARCGIS_REST FGDB,2025-01-20,https://catalogue.data.gov.bc.ca/dataset/bc-historical-drought-levels,Published by GeoBC for the Water Management Branch of the Ministry of Water Land and Resource Stewardship. These data show B.C. drought information by basin separated by year. Drought levels are updated during the core drought season by GeoBC and the Water Management Branch of the Ministry of Forest
BC Orthophoto Viewer,GeoBC Branch,Access Only,file,KML,2023-09-01,https://catalogue.data.gov.bc.ca/dataset/bc-orthophoto-viewer,"The BC Orthophoto Viewer lets you display and order orthophotos produced between 1996 and 2012. Where available, the reduced-resolution images presented in this viewer may be freely viewed, downloaded, and printed; however, **the full copyright remains with the Government of the Province of British "
BC Roads Map Service - BC Albers *Deprecated*,GeoBC Branch,Access Only,file,ARCGIS_REST KMZ WMS,2026-02-26,https://catalogue.data.gov.bc.ca/dataset/bc-roads-map-service-bc-albers-deprecated-,**Deprecated as of November 2022.** This resource has not been updated since 2018 and is only to be used for legacy application support. Please use the updated [BC Basemap - vector tile cache](https://catalogue.data.gov.bc.ca/dataset/bc-basemap). Contact [GeoBC](GeoBCInfo@gov.bc.ca) for more informa
BC Roads Map Service - Web Mercator *Deprecated*,GeoBC Branch,Access Only,service,ARCGIS_REST HTML WMS,2024-12-05,https://catalogue.data.gov.bc.ca/dataset/bc-roads-map-service-web-mercator-deprecated-,**Deprecated as of November 2022.** This resource *has not been updated since 2018* and is only to be used for legacy application support. Please use the updated [BC Basemap - vector tile cache](https://catalogue.data.gov.bc.ca/dataset/bc-basemap). Contact [GeoBC](GeoBCInfo@gov.bc.ca) for more infor
"Broadleaf Forest 1:250,000 GeoBase Land Cover",GeoBC Branch,Access Only,service,MULTIPLE,2021-12-10,https://catalogue.data.gov.bc.ca/dataset/broadleaf-forest-1-250-000-geobase-land-cover,"This layer contains Broadleaf Forest from GeoBase 250K Land Cover, Circa 2000 - Vector. Land Cover information is the result of vectorization of raster thematic data originating from classified Landsat 5 and Landsat 7 ortho-images, for agricultural and forest areas."
Buildings - TRIM Enhanced Base Map (EBM),GeoBC Branch,Access Only,file,KML MULTIPLE WMS,2026-09-01,https://catalogue.data.gov.bc.ca/dataset/buildings-trim-enhanced-base-map-ebm,"Barn, greenhouse, communications, library, school, university, customs office, city hall, courthouse, penitentiary, fire/police station, post office, hospital, church, tollgate, weigh scale, ferry terminal, silo, college, unspecified. TRIM-EBM is a 2D product containing TRIM 1 features excluding top"
Built-up Areas - TRIM Enhanced Base Map (EBM),GeoBC Branch,Access Only,file,KML MULTIPLE WMS,2026-09-01,https://catalogue.data.gov.bc.ca/dataset/built-up-areas-trim-enhanced-base-map-ebm,"An area in which the buildings are so densely situated that for cartographic clarity a outline is used to indicate the extent of the area. TRIM-EBM is a 2D product containing TRIM 1 features excluding toponoymy, contours and DEM for which area based features have been closed to form polygons, symbol"
Chronic Wasting Disease - Animal Specimen Drop-off Location Points,GeoBC Branch,Access Only,service,ARCGIS_REST,2024-09-17,https://catalogue.data.gov.bc.ca/dataset/chronic-wasting-disease-animal-specimen-drop-off-location-points,Address points of drop-off locations where animal specimens can be dropped off into freezers for Chronic Wasting Disease (CWD) testing by the BC Provincial Government. This is a point feature layer. 
Commercial Anchovy Fishery - Coastal Resource Information Management System (CRIMS),GeoBC Branch,Access Only,file,KML MULTIPLE WMS,2026-03-29,https://catalogue.data.gov.bc.ca/dataset/commercial-anchovy-fishery-coastal-resource-information-management-system-crims-,Areas of marine commercial anchovy fisheries in British Columbia. CRIMS is a legacy dataset of BC coastal resource data that was acquired in a systematic and synoptic manner from 1979 and was intermittently updated throughout the years. Resource information was collected in nine study areas using a 
Commercial Crab Fishery - Coastal Resource Information Management System (CRIMS),GeoBC Branch,Access Only,file,KML MULTIPLE WMS,2026-03-29,https://catalogue.data.gov.bc.ca/dataset/commercial-crab-fishery-coastal-resource-information-management-system-crims-,Areas of marine commercial crab fisheries in British Columbia. CRIMS is a legacy dataset of BC coastal resource data that was acquired in a systematic and synoptic manner from 1979 and was intermittently updated throughout the years. Resource information was collected in nine study areas using a pee
Commercial Geoduck Fishery - Coastal Resource Information Management System (CRIMS),GeoBC Branch,Access Only,file,HTML KML MULTIPLE WMS,2026-03-29,https://catalogue.data.gov.bc.ca/dataset/commercial-geoduck-fishery-coastal-resource-information-management-system-crims-,Areas of marine commercial geoduck fisheries in British Columbia. CRIMS is a legacy dataset of BC coastal resource data that was acquired in a systematic and synoptic manner from 1979 and was intermittently updated throughout the years. Resource information was collected in nine study areas using a 
Commercial Gooseneck Barnacle Fishery - Coastal Resource Information Management System (CRIMS),GeoBC Branch,Access Only,file,KML MULTIPLE WMS,2026-03-29,https://catalogue.data.gov.bc.ca/dataset/commercial-gooseneck-barnacle-fishery-coastal-resource-information-management-system-crims-,Areas of marine commercial gooseneck barnacle fisheries in British Columbia. CRIMS is a legacy dataset of BC coastal resource data that was acquired in a systematic and synoptic manner from 1979 and was intermittently updated throughout the years. Resource information was collected in nine study are
Commercial Groundfish Fishery - Coastal Resource Information Management System (CRIMS),GeoBC Branch,Access Only,file,KML MULTIPLE WMS,2026-03-29,https://catalogue.data.gov.bc.ca/dataset/commercial-groundfish-fishery-coastal-resource-information-management-system-crims-,Areas of marine commercial groundfish fisheries in British Columbia. CRIMS is a legacy dataset of BC coastal resource data that was acquired in a systematic and synoptic manner from 1979 and was intermittently updated throughout the years. Resource information was collected in nine study areas using
Commercial Herring Fishery - Coastal Resource Information Management System (CRIMS),GeoBC Branch,Access Only,file,KML MULTIPLE WMS,2026-03-29,https://catalogue.data.gov.bc.ca/dataset/commercial-herring-fishery,Areas of marine commercial herring fisheries in British Columbia. CRIMS is a legacy dataset of BC coastal resource data that was acquired in a systematic and synoptic manner from 1979 and was intermittently updated throughout the years. Resource information was collected in nine study areas using a 
Commercial Herring Roe Fishery - Coastal Resource Information Management System (CRIMS),GeoBC Branch,Access Only,file,KML MULTIPLE WMS,2026-03-29,https://catalogue.data.gov.bc.ca/dataset/commercial-herring-roe-fishery-coastal-resource-information-management-system-crims-,Areas of marine commercial herring roe fisheries in British Columbia. CRIMS is a legacy dataset of BC coastal resource data that was acquired in a systematic and synoptic manner from 1979 and was intermittently updated throughout the years. Resource information was collected in nine study areas usin
Commercial Octopus Fishery - Coastal Resource Information Management System (CRIMS),GeoBC Branch,Access Only,file,KML MULTIPLE WMS,2026-03-29,https://catalogue.data.gov.bc.ca/dataset/commercial-octopus-fishery-coastal-resource-information-management-system-crims-,Areas of marine commercial octopus fisheries in British Columbia. CRIMS is a legacy dataset of BC coastal resource data that was acquired in a systematic and synoptic manner from 1979 and was intermittently updated throughout the years. Resource information was collected in nine study areas using a 
Commercial Prawn Fishery - Coastal Resource Information Management System (CRIMS),GeoBC Branch,Access Only,file,KML MULTIPLE WMS,2026-03-29,https://catalogue.data.gov.bc.ca/dataset/commercial-prawn-fishery-coastal-resource-information-management-system-crims-,Areas of marine commercial prawn fisheries in British Columbia. CRIMS is a legacy dataset of BC coastal resource data that was acquired in a systematic and synoptic manner from 1979 and was intermittently updated throughout the years. Resource information was collected in nine study areas using a pe
Commercial Red and Green Urchin Fishery - Coastal Resource Information Management System (CRIMS),GeoBC Branch,Access Only,file,KML MULTIPLE WMS,2026-03-29,https://catalogue.data.gov.bc.ca/dataset/commercial-red-and-green-urchin-fishery-coastal-resource-information-management-system-crims-,Areas of marine commercial red and green sea urchin fisheries in British Columbia. CRIMS is a legacy dataset of BC coastal resource data that was acquired in a systematic and synoptic manner from 1979 and was intermittently updated throughout the years. Resource information was collected in nine stu
Commercial Salmon Net Fishery - Coastal Resource Information Management System (CRIMS),GeoBC Branch,Access Only,file,KML MULTIPLE WMS,2026-03-29,https://catalogue.data.gov.bc.ca/dataset/commercial-salmon-net-fishery-coastal-resource-information-management-system-crims-,Areas of marine commercial salmon net fisheries in British Columbia. CRIMS is a legacy dataset of BC coastal resource data that was acquired in a systematic and synoptic manner from 1979 and was intermittently updated throughout the years. Resource information was collected in nine study areas using
Commercial Salmon Trawl Fishery - Coastal Resource Information Management System (CRIMS),GeoBC Branch,Access Only,file,KML MULTIPLE WMS,2026-03-29,https://catalogue.data.gov.bc.ca/dataset/commercial-salmon-trawl-fishery-coastal-resource-information-management-system-crims-,Areas of marine commercial salmon trawl fisheries in British Columbia. CRIMS is a legacy dataset of BC coastal resource data that was acquired in a systematic and synoptic manner from 1979 and was intermittently updated throughout the years. Resource information was collected in nine study areas usi
Commercial Scallop Fishery - Coastal Resource Information Management System (CRIMS),GeoBC Branch,Access Only,file,KML MULTIPLE WMS,2026-03-29,https://catalogue.data.gov.bc.ca/dataset/commercial-scallop-fishery-coastal-resource-information-management-system-crims-,Areas of marine commercial scallop fisheries in British Columbia. CRIMS is a legacy dataset of BC coastal resource data that was acquired in a systematic and synoptic manner from 1979 and was intermittently updated throughout the years. Resource information was collected in nine study areas using a 
Commercial Seacucumber Fishery - Coastal Resource Information Management System (CRIMS),GeoBC Branch,Access Only,file,KML MULTIPLE WMS,2026-03-29,https://catalogue.data.gov.bc.ca/dataset/commercial-seacucumber-fishery-coastal-resource-information-management-system-crims-,Areas of marine commercial seacucumber fisheries in British Columbia. CRIMS is a legacy dataset of BC coastal resource data that was acquired in a systematic and synoptic manner from 1979 and was intermittently updated throughout the years. Resource information was collected in nine study areas usin
Commercial Shrimp Fishery - Coastal Resource Information Management System (CRIMS),GeoBC Branch,Access Only,file,KML MULTIPLE WMS,2026-03-29,https://catalogue.data.gov.bc.ca/dataset/commercial-shrimp-fishery-coastal-resource-information-management-system-crims-,Areas of marine commercial shrimp fisheries in British Columbia. CRIMS is a legacy dataset of BC coastal resource data that was acquired in a systematic and synoptic manner from 1979 and was intermittently updated throughout the years. Resource information was collected in nine study areas using a p
Commercial Squid Fishery - Coastal Resource Information Management System (CRIMS),GeoBC Branch,Access Only,file,HTML KML MULTIPLE WMS,2026-03-29,https://catalogue.data.gov.bc.ca/dataset/commercial-squid-fishery-coastal-resource-information-management-system-crims-,Areas of marine commercial squid fisheries in British Columbia. CRIMS is a legacy dataset of BC coastal resource data that was acquired in a systematic and synoptic manner from 1979 and was intermittently updated throughout the years. Resource information was collected in nine study areas using a pe
"Coniferous Forest 1:250,000 GeoBase Land Cover",GeoBC Branch,Access Only,service,MULTIPLE,2021-12-10,https://catalogue.data.gov.bc.ca/dataset/coniferous-forest-1-250-000-geobase-land-cover,"This layer contains Coniferous Forest from GeoBase 250K Land Cover, Circa 2000 - Vector. Land Cover information is the result of vectorization of raster thematic data originating from classified Landsat 5 and Landsat 7 ortho-images, for agricultural and forest areas."
DFO Fisheries Management Sub Areas,GeoBC Branch,Access Only,service,MULTIPLE,2021-12-10,https://catalogue.data.gov.bc.ca/dataset/dfo-fisheries-management-sub-areas,Sub units of the DFO Managment areas
DFO Statistical Areas boundaries,GeoBC Branch,Access Only,service,MULTIPLE,2021-12-10,https://catalogue.data.gov.bc.ca/dataset/dfo-statistical-areas-boundaries,Department of Fisheries and OCeans Canada Statisical Areas
Designated Areas - TRIM Enhanced Base Map (EBM),GeoBC Branch,Access Only,file,KML MULTIPLE WMS,2026-09-01,https://catalogue.data.gov.bc.ca/dataset/designated-areas-trim-enhanced-base-map-ebm,"A generic term for an area dedicated to a particular use or purpose, such as a: lumber yard, hydro station, auto wrecker, sport track, zoos, cemetery, trailer park, dump sewage treatment area, golf course, park, picnic area, etc. Polygons replace symbols. TRIM-EBM is a 2D product containing TRIM 1 f"
Digital Road Atlas (DRA) - Demographic Partially-Attributed Roads,GeoBC Branch,Access Only,file,MULTIPLE PDF ZIP,2026-09-11,https://catalogue.data.gov.bc.ca/dataset/digital-road-atlas-dra-demographic-partially-attributed-roads,Digital Road Atlas Demographic Partially-Attributed Roads (DGTL ROAD ATLAS DPAR SP) provides partial information about roads in British Columbia. This data set represents the public data that is available for the Digital Road Atlas. For more information on the DRA program please visit the [DRA info 
Digital Road Atlas (DRA) - Master Partially-Attributed Roads,GeoBC Branch,Access Only,file,KML MULTIPLE WMS ZIP,2026-09-11,https://catalogue.data.gov.bc.ca/dataset/digital-road-atlas-dra-master-partially-attributed-roads,Digital Road Atlas Master Partially-Attributed Roads (DGTL ROAD ATLAS MPAR SP) provides partial information about roads in British Columbia. This data set represents the public data that is available for the Digital Road Atlas. For more information on the DRA program please visit the [DRA info page]
Disaster Response Routes,GeoBC Branch,Access Only,file,KML MULTIPLE PDF WMS,2025-03-31,https://catalogue.data.gov.bc.ca/dataset/disaster-response-routes,"Critical Routes are identified pre-disaster to purposefully develop key routes for resilience planning, and to categorize transportation infrastructure to purposefully plan that there will be key routes available, at minimum, for emergency responders and emergency resources immediately after a disas"
Drought Aquatic Ecosystem Monitoring Locations,GeoBC Branch,Access Only,service,ARCGIS_REST,2025-07-14,https://catalogue.data.gov.bc.ca/dataset/drought-aquatic-ecosystem-monitoring-locations,These layers display data on aquatic ecosystem risks and impacts for regional priority watersheds and locations. Drought conditions are typically monitored following spring freshet (the seasonal rise in water levels resulting from melting snowpack) until the onset of winter conditions. This timing c
"Exposed Land 1:250,000 GeoBase Land Cover",GeoBC Branch,Access Only,service,MULTIPLE,2021-12-10,https://catalogue.data.gov.bc.ca/dataset/exposed-land-1-250-000-geobase-land-cover,"This layer contains Exposed Land from GeoBase 250K Land Cover, Circa 2000 - Vector. Land Cover information is the result of vectorization of raster thematic data originating from classified Landsat 5 and Landsat 7 ortho-images, for agricultural and forest areas."
Extraction Sites - TRIM Enhanced Base Map (EBM),GeoBC Branch,Access Only,file,KML MULTIPLE WMS,2026-09-01,https://catalogue.data.gov.bc.ca/dataset/extraction-sites-trim-enhanced-base-map-ebm,"A generic term for a: Open pit mine, mine, pile, quarry, gravel/sand pit, abandoned pit. Polygons replace symbols. TRIM-EBM is a 2D product containing TRIM 1 features excluding toponoymy, contours and DEM for which area based features have been closed to form polygons, symbol points have been replac"
Fertilization Forest Carbon Initiative Projects,GeoBC Branch,Access Only,service,ARCGIS_REST OTHER,2019-08-13,https://catalogue.data.gov.bc.ca/dataset/fertilization-forest-carbon-initiative-projects,"Nutrient deficiency limits how fast and large trees grow and is thought to be common across B.C.’s forests. To boost forest productivity, the province has been fertilizing forests for decades. By reducing nutrient deficiency, periodic applications of nitrogen and other essential nutrients benefits f"
Fibre Utilization Forest Carbon Initiative Projects,GeoBC Branch,Access Only,service,ARCGIS_REST OTHER,2019-08-13,https://catalogue.data.gov.bc.ca/dataset/fibre-utilization-forest-carbon-initiative-projects,"Fibre utilization projects aim to eliminate the practice of slash pile burning, while supporting the B.C. bioenergy and pulp/paper industry. Instead of burning wood waste in piles, this fibre can be transported off-site for use in short- (e.g. paper) and long-lived wood products (e.g. lumber) or use"
First Nation Statement of Intent Boundaries BC,GeoBC Branch,Access Only,file,KML MULTIPLE WMS,2025-08-07,https://catalogue.data.gov.bc.ca/dataset/first-nation-statement-of-intent-boundaries-bc,Statement of Intent Boundaries Registered with the BC Treaty Commission at date of production
Geese - Coastal Resource Information Management System (CRIMS),GeoBC Branch,Access Only,file,KML MULTIPLE WMS,2026-08-30,https://catalogue.data.gov.bc.ca/dataset/geese-coastal-resource-information-management-system-crims,Distribution of geese bird species habitat in coastal British Columbia showing relative abundance (RA) by season and overall relative importance (RI). RI is based on project region and not on the province as a whole. CRIMS is a legacy dataset of BC coastal resource data that was acquired in a system
GeoNetBC Geodetic Control Monuments - All - Partially Attributed,GeoBC Branch,Access Only,file,ARCGIS_REST KML MULTIPLE WMS,2026-07-29,https://catalogue.data.gov.bc.ca/dataset/geonetbc-geodetic-control-monuments-all-pa,"Geodetic control monuments for BC from Geodetic Network British Columbia (GeoNetBC). Geodetic Control Monuments (GCMs) are a network of interconnected permanent markers in the ground which have accurately determined coordinates, and/or elevations. They are fixed points on which to spatially referenc"
GeoNetBC Geodetic Control Monuments - High Precision - Public Access,GeoBC Branch,Access Only,file,ARCGIS_REST KML MULTIPLE WMS,2026-07-29,https://catalogue.data.gov.bc.ca/dataset/geonetbc-geodetic-control-monuments-high-precision-public-access,"Geodetic control monuments for BC from Geodetic Network British Columbia (GeoNetBC). Geodetic Control Monuments (GCMs) are a network of interconnected permanent markers in the ground which have accurately determined coordinates, and/or elevations. They are fixed points on which to spatially referenc"
Geodetic Monument Viewer,GeoBC Branch,Access Only,file,KML,2022-04-06,https://catalogue.data.gov.bc.ca/dataset/geodetic-monument-viewer,"View geodetic control monuments of the Province of British Columbia. A geodetic survey monument is a geospatial reference used for positioning within the Province. The term geodetic meaning: concerned with the precise location (latitude, longitude, height) of points and figures on the earth's surfac"
Great Bear Rainforest - Landscape Reserve Design Tracker,GeoBC Branch,Access Only,service,ARCGIS_REST,2025-11-27,https://catalogue.data.gov.bc.ca/dataset/great-bear-rainforest-landscape-reserve-design-tracker,This layer presents Great Bear Rainforest (GBR) Landscape Units and attributes describing each unit’s status in the Landscape Reserve Design (LRD) process and related forest management details. The geometry represents the complete set of GBR Landscape Units; attribute information will be maintained 
Gulls - Coastal Resource Information Management System (CRIMS),GeoBC Branch,Access Only,file,KML MULTIPLE WMS,2026-08-30,https://catalogue.data.gov.bc.ca/dataset/gulls-coastal-resource-information-management-system-crims,Distribution of gull bird species habitat in coastal British Columbia showing relative abundance (RA) by season and overall relative importance (RI). RI is based on project region and not on the province as a whole. CRIMS is a legacy dataset of BC coastal resource data that was acquired in a systema
Gwa'ni Land Use Plan Boundary,GeoBC Branch,Access Only,file,SHP,2025-11-12,https://catalogue.data.gov.bc.ca/dataset/gwa-ni-land-use-plan-boundary,"This spatial dataset represents the outer boundary of the Gwa'ni Land Use Plan area. The Gwa’ni Project Area encompasses over 166,000 hectares and includes most of the Upper and Lower Nimpkish Landscape Units that are within ‘Namgis Territory. A zipped folder containing a shapefile can be downloaded"
"Herb and Grassland 1:250,000 GeoBase Land Cover",GeoBC Branch,Access Only,service,MULTIPLE,2021-12-10,https://catalogue.data.gov.bc.ca/dataset/herb-and-grassland-1-250-000-geobase-land-cover,"This layer contains Herb and Grassland from GeoBase 250K Land Cover, Circa 2000 - Vector. Land Cover information is the result of vectorization of raster thematic data originating from classified Landsat 5 and Landsat 7 ortho-images, for agricultural and forest areas."
Hexagonal Polygon Grid Resolution 4096 Hectare Cell,GeoBC Branch,Access Only,file,SHP,2023-03-16,https://catalogue.data.gov.bc.ca/dataset/hexagonal-polygon-grid-resolution-4096-hectare-cell,"This polygon shape file defines a grid covering BC (and beyond by 100km). A total of 39821 cells at 4096 hectares each have been mathematically derived based on the BC Albers center (54, -126)."
Human Disturbance – 2025,GeoBC Branch,Access Only,file,ARCGIS_REST FGDB OTHER PDF XLSX,2026-07-20,https://catalogue.data.gov.bc.ca/dataset/human-disturbance-2025,The human disturbance dataset (previously known as the Cumulative Effects Framework Human Disturbance) aims to create a consolidated footprint of human activity on the landscape of British Columbia. It is intended to support landscape-level (coarse) analysis. The dataset captures disturbances from t
Hydro: Navigational Barriers - TRIM Enhanced Base Map (EBM),GeoBC Branch,Access Only,file,KML MULTIPLE WMS,2026-09-01,https://catalogue.data.gov.bc.ca/dataset/hydro-navigational-barriers-trim-enhanced-base-map-ebm,"Barriers to navigation such as: Seawall, breakwater, dyke, lighthouse, beacon, ferry dock, marina dock, pier/wharf, dry dock, beaver dam, flumes. Polygons replace symbols. TRIM-EBM is a 2D product containing TRIM 1 features excluding toponoymy, contours and DEM for which area based features have bee"
Hydro: Related Features - TRIM Enhanced Base Map (EBM),GeoBC Branch,Access Only,file,KML MULTIPLE WMS,2026-09-01,https://catalogue.data.gov.bc.ca/dataset/hydro-related-features-trim-enhanced-base-map-ebm,"Obstacles such as sand/Gravel Bar, sinkhole, falls, rapids, dam or Penstock spillway. TRIM-EBM is a 2D product containing TRIM 1 features excluding toponoymy, contours and DEM for which area based features have been closed to form polygons, symbol points have been replaced with polygons and vertical"
Ice Masses - TRIM Enhanced Base Map (EBM),GeoBC Branch,Access Only,file,KML MULTIPLE WMS,2026-09-01,https://catalogue.data.gov.bc.ca/dataset/ice-masses-trim-enhanced-base-map-ebm,"A general description for ice caps, glaciers, icefields or other extensive and irregular areas of permanent snow and ice. TRIM-EBM is a 2D product containing TRIM 1 features excluding toponomy, contours and DEM for which area based features have been closed to form polygons, symbol points have been "
Imagery Web Map Service,GeoBC Branch,Access Only,file,WMS XML,2026-03-12,https://catalogue.data.gov.bc.ca/dataset/imagery-web-map-service,The Data and Resource link below provides web service application program interfaces (API) that return georeferenced map images and services per the [__Open Geospatial Consortium Web Mapping Service (WMS) Protocol__](http://www.opengeospatial.org/standards/wms) based on a variety of geographic data 
Kaska-BC Land Use Plan Boundary,GeoBC Branch,Access Only,file,SHP,2026-06-26,https://catalogue.data.gov.bc.ca/dataset/kaska-bc-land-use-plan-boundary,The attached spatial datasets delineate the outer boundaries of the Kaska–B.C. Land Use Planning area and the Dene K’éh Kusān proposed Indigenous Protected and Conserved Area (IPCA) within the Kaska–B.C. Land Use Planning process. These boundaries define the spatial extent of the land base covered b
Kootenay Boundary Regional Drought Area Levels,GeoBC Branch,Access Only,service,ARCGIS_REST,2022-05-12,https://catalogue.data.gov.bc.ca/dataset/kootenay-boundary-regional-drought-area-levels,"This dataset is derived from the Freshwater Atlas Watersheds and the BC Water Management Precincts. It provides conservation levels for the Kootenay Boundary Stream Watch project. These data are updated as required by the Kootenay Boundary Region, Ministry of Forests, Lands, Natural Resource Operati"
Landcover - TRIM Enhanced Base Map (EBM),GeoBC Branch,Access Only,service,MULTIPLE,2026-09-01,https://catalogue.data.gov.bc.ca/dataset/landcover-trim-enhanced-base-map-ebm,"A generic term for a: vineyard, nursery or an orchard. RIM-EBM is a 2D product containing TRIM 1 features excluding toponoymy, contours and DEM for which area based features have been closed to form polygons, symbol points have been replaced with polygons and vertical integration of streams has been"
Landforms - TRIM Enhanced Base Map (EBM),GeoBC Branch,Access Only,file,KML MULTIPLE WMS,2026-09-01,https://catalogue.data.gov.bc.ca/dataset/landforms-trim-enhanced-base-map-ebm,"Geological formations such as a: Dry river bed, cliff/scarp, esker, lava bed, moraine, scree, slide, volcanic crater, cliff/drop-off, ridge rock bluff, or rock outcrop. TTRIM-EBM is a 2D product containing TRIM 1 features excluding toponoymy, contours and DEM for which area based features have been "
Landmark Structures - TRIM Enhanced Base Map (EBM),GeoBC Branch,Access Only,file,KML MULTIPLE WMS,2026-09-01,https://catalogue.data.gov.bc.ca/dataset/landmark-structures-trim-enhanced-base-map-ebm,"A generic term for: Tank, conveyor, permanent crane, gas or oil well, smokestack/chimney, fire lookout tower, tower, microwave tower, pile. Polygons replace symbol. TRIM-EBM is a 2D product containing TRIM 1 features excluding toponoymy, contours and DEM for which area based features have been close"
Legally Defined Administrative Areas of BC,GeoBC Branch,Access Only,file,MULTIPLE XLSX,2026-06-27,https://catalogue.data.gov.bc.ca/dataset/legally-defined-administrative-areas-of-bc,"This dataset is a provincial compilation of the following administrative areas: regional districts, municipalities, electoral areas, islands trust areas, local trusts areas, counties, Sechelt Indian Government District, and the provincial boundary. Some of these boundaries overlap (although municipa"
Legally Defined Administrative Areas of BC Boundary Locations,GeoBC Branch,Access Only,file,KML MULTIPLE WMS XLSX,2026-06-27,https://catalogue.data.gov.bc.ca/dataset/legally-defined-administrative-areas-of-bc-boundary-locations,These point locations were determined from metes and bounds descriptions as written in Letters Patent for the following administrative boundaries: * Province of BC * Regional Districts * Municipalities * Electoral Areas * Islands Trust * Local Trust Areas Point locations often represent the beginnin
MASCOT Geodetic Control Monuments High Precision,GeoBC Branch,Access Only,service,MULTIPLE,2026-09-24,https://catalogue.data.gov.bc.ca/dataset/mascot-geodetic-control-monuments-high-precision,Mascot geodetic control monuments for BC. Geodetic Control Monuments contains high precision geodetic control marker information for BC. Geodetic control markers are a network of interconnected markers in the ground which have accurately determined coordinates and/or elevations. They are fixed point
Meziadin River Watershed Salmon Habitat Conservation Boundary,GeoBC Branch,Access Only,file,SHP,2025-11-12,https://catalogue.data.gov.bc.ca/dataset/meziadin-river-watershed-salmon-habitat-conservation-boundary,This spatial dataset represents the outer boundary of the Meziadin River Watershed Salmon Habitat Conservation planning area. The boundary defines the extent of the land base being considered for salmon habitat conservation within the Meziadin River watershed. A zipped folder containing the shapefil
"Mixed Forest 1:250,000 GeoBase Land Cover",GeoBC Branch,Access Only,service,MULTIPLE,2021-12-10,https://catalogue.data.gov.bc.ca/dataset/mixed-forest-1-250-000-geobase-land-cover,"This layer contains Mixed Forest from GeoBase 250K Land Cover, Circa 2000 - Vector. Land Cover information is the result of vectorization of raster thematic data originating from classified Landsat 5 and Landsat 7 ortho-images, for agricultural and forest areas."
"NTS BC Annotation 1:250,000 - Digital Baseline Mapping (NTS)",GeoBC Branch,Access Only,service,MULTIPLE,2023-04-20,https://catalogue.data.gov.bc.ca/dataset/nts-bc-annotation-1-250-000-digital-baseline-mapping-nts,SDE layer containing annotation for the 1:250000 files
"NTS BC Coastline Lines 1:250,000 - Digital Baseline Mapping (NTS)",GeoBC Branch,Access Only,file,KML MULTIPLE WMS,2023-06-29,https://catalogue.data.gov.bc.ca/dataset/nts-bc-coastline-lines-1-250-000-digital-baseline-mapping-nts,SDE layer containing coastlines.
"NTS BC Contour Lines 1:250,000 - Digital Baseline Mapping (NTS)",GeoBC Branch,Access Only,file,KML MULTIPLE WMS,2023-06-29,https://catalogue.data.gov.bc.ca/dataset/nts-bc-contour-lines-1-250-000-digital-baseline-mapping-nts,SDE layer containing contours.
"NTS BC Designated Area Lines 1:250,000 - Digital Baseline Mapping (NTS)",GeoBC Branch,Access Only,file,KML MULTIPLE WMS,2023-06-29,https://catalogue.data.gov.bc.ca/dataset/nts-bc-designated-area-lines-1-250-000-digital-baseline-mapping-nts,"SDE layer containing outlines of designated areas such as parks, campgrounds, buildings, etc"
"NTS BC Designated Area Points 1:250,000 - Digital Baseline Mapping (NTS)",GeoBC Branch,Access Only,file,KML MULTIPLE WMS,2023-06-29,https://catalogue.data.gov.bc.ca/dataset/nts-bc-designated-area-points-1-250-000-digital-baseline-mapping-nts,SDE layer containing the point symbols for designated areas.
"NTS BC Landcover Lines 1:250,000 - Digital Baseline Mapping (NTS)",GeoBC Branch,Access Only,file,KML MULTIPLE WMS,2023-06-29,https://catalogue.data.gov.bc.ca/dataset/nts-bc-landcover-lines-1-250-000-digital-baseline-mapping-nts,SDE layer containing wooded areas.
"NTS BC Landform Lines 1:250,000 - Digital Baseline Mapping (NTS)",GeoBC Branch,Access Only,file,KML MULTIPLE WMS,2023-06-29,https://catalogue.data.gov.bc.ca/dataset/nts-bc-landform-lines-1-250-000-digital-baseline-mapping-nts,"SDE layer containing landforms such as cliffs, eskers, moraine, rocky ledge/reefs."
"NTS BC Landform Points 1:250,000 - Digital Baseline Mapping (NTS)",GeoBC Branch,Access Only,file,KML MULTIPLE WMS,2023-06-29,https://catalogue.data.gov.bc.ca/dataset/nts-bc-landform-points-1-250-000-digital-baseline-mapping-nts,SDE layer containing the symbols for landforms such as rocks in water and pingos
"NTS BC River, Lake and Wetland Polygons 1:250,000 - Digital Baseline Mapping (NTS)",GeoBC Branch,Access Only,file,KML MULTIPLE WMS,2023-06-29,https://catalogue.data.gov.bc.ca/dataset/nts-bc-river-lake-and-wetland-polygons-1-250-000-digital-baseline-mapping-nts,"SDE layer containing rivers, lakes, reservoirs, swamps, marshes."
"NTS BC Transport Lines 1:250,000 - Digital Baseline Mapping (NTS)",GeoBC Branch,Access Only,file,KML MULTIPLE WMS,2023-06-29,https://catalogue.data.gov.bc.ca/dataset/nts-bc-transport-lines-1-250-000-digital-baseline-mapping-nts,"SDE layer containing roads, railways, etc"
"NTS BC Transport Points 1:250,000 - Digital Baseline Mapping (NTS)",GeoBC Branch,Access Only,file,KML MULTIPLE WMS,2023-06-29,https://catalogue.data.gov.bc.ca/dataset/nts-bc-transport-points-1-250-000-digital-baseline-mapping-nts,"SDE layer containing symbols for transportation features, such as airports, heliports and ferry routes."
"NTS BC Water Lines 1:250,000 - Digital Baseline Mapping (NTS)",GeoBC Branch,Access Only,file,KML MULTIPLE WMS,2023-06-29,https://catalogue.data.gov.bc.ca/dataset/nts-bc-water-lines-1-250-000-digital-baseline-mapping-nts,SDE layer containing single line rivers.
"NTS BC Water Points 1:250,000 - Digital Baseline Mapping (NTS)",GeoBC Branch,Access Only,file,KML MULTIPLE WMS,2023-06-29,https://catalogue.data.gov.bc.ca/dataset/nts-bc-water-points-1-250-000-digital-baseline-mapping-nts,"SDE layer containing symbols for falls, dams, sinkholes, etc."
National Parks of Canada within British Columbia,GeoBC Branch,Access Only,file,KML MULTIPLE WMS,2025-05-10,https://catalogue.data.gov.bc.ca/dataset/national-parks-of-canada-within-british-columbia,This dataset provides the administrative boundaries of National Parks and National Park Reserves within the province of British Columbia. Administrative boundaries were compiled from Legal Surveys Division's cadastral datasets and survey records archived in the Canada Lands Survey Records. Canada La
Ocean - TRIM Enhanced Base Map (EBM),GeoBC Branch,Access Only,file,KML MULTIPLE WMS,2026-09-01,https://catalogue.data.gov.bc.ca/dataset/ocean-trim-enhanced-base-map-ebm,"Ocean.TRIM-EBM is a 2D product containing TRIM 1 features excluding toponoymy, contours and DEM for which area based features have been closed to form polygons, symbol points have been replaced with polygons and vertical integration of streams has been removed."
Orthophoto Coverage,GeoBC Branch,Access Only,file,KML MULTIPLE WMS,2023-06-29,https://catalogue.data.gov.bc.ca/dataset/orthophoto-coverage,__A polygon representing the total areal coverage of the province for which orthophotos from the provincial collection are available for sale to the public.__ 
Orthophoto Tile Points,GeoBC Branch,Access Only,file,KML MULTIPLE WMS,2023-06-29,https://catalogue.data.gov.bc.ca/dataset/orthophoto-tile-points,__A set of points representing the image centres of all individual orthophotos from the provincial collection that are available for sale to the public.__ 
Orthophoto Tile Polygons,GeoBC Branch,Access Only,file,KML MULTIPLE WMS,2023-06-29,https://catalogue.data.gov.bc.ca/dataset/orthophoto-tile-polygons,__A set of polygons representing the geographic coverage of all individual orthophotos from the provincial collection that are available for sale to the public.__ 
Other Forest Carbon Initiative Projects,GeoBC Branch,Access Only,service,ARCGIS_REST OTHER,2019-08-13,https://catalogue.data.gov.bc.ca/dataset/other-forest-carbon-initiative-projects,"Other projects funded by the Forest Carbon Initiative include utilizing fiber from creating fire breaks near communities and resorts, improving wildlife habitat, tree seed collection and riparian, or watershed, restoration. "
"Other Land Cover 1:250,000 GeoBase Land Cover",GeoBC Branch,Access Only,service,MULTIPLE,2021-12-10,https://catalogue.data.gov.bc.ca/dataset/other-land-cover-1-250-000-geobase-land-cover,"This layer contains several land classifications from GeoBase 250K Land Cover, Circa 2000 - Vector. Land classifications include: Perennial Cropland, Annual Cropland, Cultivated Agricultural Land, Bryoids, Developed, Rock/Rubble, Snow/Ice and Unclassified. Land Cover information is the result of vec"
Pelagic Birds (unspecified) - Coastal Resource Information Management System (CRIMS),GeoBC Branch,Access Only,file,KML MULTIPLE WMS,2026-08-30,https://catalogue.data.gov.bc.ca/dataset/pelagic-birds-unspecified-coastal-resource-information-management-system-crims-,Distribution of unspecified pelagic bird species habitat in coastal British Columbia showing relative abundance (RA) by season and overall relative importance (RI). RI is based on project region and not on the province as a whole. CRIMS is a legacy dataset of BC coastal resource data that was acquir
Police Jurisdiction Boundaries,GeoBC Branch,Access Only,file,KML MULTIPLE WMS,2026-09-19,https://catalogue.data.gov.bc.ca/dataset/police-jurisdiction-boundaries,Geographical representation of RCMP and Municipal Police jurisdiction boundaries in British Columbia.
Province of British Columbia - Legally Defined Administrative Areas of BC,GeoBC Branch,Access Only,file,KML MULTIPLE WMS XLSX,2026-06-27,https://catalogue.data.gov.bc.ca/dataset/province-of-british-columbia-legally-defined-administrative-areas-of-bc,"This polygon representing the __Province of British Columbia__ was derived from a variety of sources with variable accuracy (e.g. transformed coordinates, old and current representations of natural boundaries, historic surveys, etc.). This boundary may be updated periodically, as more accurate data "
Publicly Available Land Use Plans,GeoBC Branch,Access Only,file,SHP,2025-11-12,https://catalogue.data.gov.bc.ca/dataset/publicly-available-land-use-plans,"This spatial dataset contains the outer boundaries of all publicly available Land Use Plans in British Columbia. It includes individual plan boundaries such as the Gwa'ni, Kaska-B.C., shíshálh-B.C., Tahltan-B.C., and TRT-B.C. Tlatsini planning areas, as well as other publicly released land use plann"
Recreational Crab Fishery - Coastal Resource Information Management System (CRIMS),GeoBC Branch,Access Only,file,KML MULTIPLE WMS,2026-08-30,https://catalogue.data.gov.bc.ca/dataset/recreational-crab-fishery-coastal-resource-information-management-system-crims-,Areas of marine recreational crab fisheries in British Columbia. CRIMS is a legacy dataset of BC coastal resource data that was acquired in a systematic and synoptic manner from 1979 and was intermittently updated throughout the years. Resource information was collected in nine study areas using a p
Recreational Fish Fishery - Coastal Resource Information Management System (CRIMS),GeoBC Branch,Access Only,file,KML MULTIPLE WMS,2026-08-30,https://catalogue.data.gov.bc.ca/dataset/recreational-fish-fishery-coastal-resource-information-management-system-crims-,Areas of marine recreational fish fisheries in British Columbia. CRIMS is a legacy dataset of BC coastal resource data that was acquired in a systematic and synoptic manner from 1979 and was intermittently updated throughout the years. Resource information was collected in nine study areas using a p
Recreational Groundfish Fishery - Coastal Resource Information Management System (CRIMS),GeoBC Branch,Access Only,file,KML MULTIPLE WMS,2026-08-30,https://catalogue.data.gov.bc.ca/dataset/recreational-groundfish-fishery-coastal-resource-information-management-system-crims-,Areas of marine recreational groundfish fisheries in British Columbia. CRIMS is a legacy dataset of BC coastal resource data that was acquired in a systematic and synoptic manner from 1979 and was intermittently updated throughout the years. Resource information was collected in nine study areas usi
Recreational Prawn Fishery - Coastal Resource Information Management System (CRIMS),GeoBC Branch,Access Only,file,KML MULTIPLE WMS,2026-08-30,https://catalogue.data.gov.bc.ca/dataset/recreational-prawn-fishery-coastal-resource-information-management-system-crims-,Areas of marine recreational prawn fisheries in British Columbia. CRIMS is a legacy dataset of BC coastal resource data that was acquired in a systematic and synoptic manner from 1979 and was intermittently updated throughout the years. Resource information was collected in nine study areas using a 
Recreational Scallop Fishery - Coastal Resource Information Management System (CRIMS),GeoBC Branch,Access Only,file,KML MULTIPLE WMS,2026-08-30,https://catalogue.data.gov.bc.ca/dataset/recreational-scallop-fishery-coastal-resource-information-management-system-crims-,Areas of marine recreational scallop fisheries in British Columbia. CRIMS is a legacy dataset of BC coastal resource data that was acquired in a systematic and synoptic manner from 1979 and was intermittently updated throughout the years. Resource information was collected in nine study areas using 
Recreational Squid Fishery - Coastal Resource Information Management System (CRIMS),GeoBC Branch,Access Only,file,KML MULTIPLE WMS,2026-08-30,https://catalogue.data.gov.bc.ca/dataset/recreational-squid-fishery-coastal-resource-information-management-system-crims-,Areas of marine recreational squid fisheries in British Columbia. CRIMS is a legacy dataset of BC coastal resource data that was acquired in a systematic and synoptic manner from 1979 and was intermittently updated throughout the years. Resource information was collected in nine study areas using a 
Reforestation Forest Carbon Initiative Projects,GeoBC Branch,Access Only,service,ARCGIS_REST OTHER,2019-08-13,https://catalogue.data.gov.bc.ca/dataset/reforestation-forest-carbon-initiative-projects,"Reforestation projects involve planting new trees in areas recently subjected to a disturbance. Compared with natural forest regeneration, planting commonly accelerates the rate at which these areas return to being a carbon sink. The aim of FCI reforestation activities is to maximize long-term carbo"
Research & Development Forest Carbon Initiative Projects,GeoBC Branch,Access Only,service,ARCGIS_REST OTHER,2019-08-13,https://catalogue.data.gov.bc.ca/dataset/research-development-forest-carbon-initiative-projects,"Research and development projects funded through the Forest Carbon Initiative cover a wide range of project types from developing forest harvesting and regeneration options that promote growth, biodiversity, carbon storage, and ecological resilience to using research using the ministry's tree growth"
Road Rehabilitation Forest Carbon Initiative Projects,GeoBC Branch,Access Only,service,ARCGIS_REST OTHER,2019-08-13,https://catalogue.data.gov.bc.ca/dataset/road-rehabilitation-forest-carbon-initiative-projects,"Resource roads provide access for the forest industry, ranchers, other resource users, and the public for commercial and recreation purposes. However, these road networks are costly to maintain and have potential negative impacts on wildlife, water quality and fish habitat. Road rehabilitation proje"
Shellfish Beach Culture Rating - Coastal Resource Information Management System (CRIMS),GeoBC Branch,Access Only,service,MULTIPLE,2026-05-03,https://catalogue.data.gov.bc.ca/dataset/shellfish-beach-culture-rating-coastal-resource-information-management-system-crims-,Shellfish beach culture capability appraisal for pacific oyster and manila clam. CRIMS is a legacy dataset of BC coastal resource data that was acquired in a systematic and synoptic manner from 1979 and was intermittently updated throughout the years. Resource information was collected in nine study
Shellfish Deepwater Culture Rating - Coastal Resource Information Management System (CRIMS),GeoBC Branch,Access Only,service,MULTIPLE,2026-05-03,https://catalogue.data.gov.bc.ca/dataset/shellfish-deepwater-culture-rating-coastal-resource-information-management-system-crims-,Shellfish deepwater culture capability appraisal for Pacific oyster and Japanese scallop. CRIMS is a legacy dataset of BC coastal resource data that was acquired in a systematic and synoptic manner from 1979 and was intermittently updated throughout the years. Resource information was collected in n
Shellfish Hatcheries - Coastal Resource Information Management System (CRIMS),GeoBC Branch,Access Only,service,MULTIPLE,2024-10-30,https://catalogue.data.gov.bc.ca/dataset/shellfish-hatcheries-coastal-resource-information-management-system-crims,DEPRECATED: Location of shellfish hatcheries in British Columbia with company name and other information. CRIMS is a legacy dataset of BC coastal resource data that was acquired in a systematic and synoptic manner from 1979 and was intermittently updated throughout the years. Resource information wa
Shipwreck Point Locations,GeoBC Branch,Access Only,file,KML MULTIPLE WMS,2023-06-29,https://catalogue.data.gov.bc.ca/dataset/shipwreck-point-locations,The locations of coastal shipwrecks in British Columbia.
Shorebirds (unspecified) - Coastal Resource Information Management System (CRIMS),GeoBC Branch,Access Only,file,KML MULTIPLE WMS,2026-08-30,https://catalogue.data.gov.bc.ca/dataset/shorebirds-unspecified-coastal-resource-information-management-system-crims,The distribution of unspecified shorebird species habitat in coastal British Columbia showing relative abundance (RA) by season and overall relative importance (RI). RI is based on project region and not on the province as a whole. CRIMS is a legacy dataset of BC coastal resource data that was acqui
"Shrubland 1:250,000 GeoBase Land Cover",GeoBC Branch,Access Only,service,MULTIPLE,2021-12-10,https://catalogue.data.gov.bc.ca/dataset/shrubland-1-250-000-geobase-land-cover,"This layer contains Shrubland from GeoBase 250K Land Cover, Circa 2000 - Vector. Land Cover information is the result of vectorization of raster thematic data originating from classified Landsat 5 and Landsat 7 ortho-images, for agricultural and forest areas."
State of Local Emergency and Band Council Resolutions,GeoBC Branch,Access Only,file,KML MULTIPLE WMS,2026-09-19,https://catalogue.data.gov.bc.ca/dataset/state-of-local-emergency-and-band-council-resolutions,"During a declared emergency event, this dataset includes areas that are under a State of Local Emergency (SOLE) or Band Council Resolution (BCR)."
TRIM Contour Annotation,GeoBC Branch,Access Only,service,MULTIPLE,2021-12-10,https://catalogue.data.gov.bc.ca/dataset/trim-contour-annotation,"Contour annotation for TRIM mapping. Contour text and spot heights. The TRIM program produces digital maps, which is a collection of coverages to conform with the BC Geographic System layout. TRIM mapping consists of 7,027 mapsheets covering the province of British Columbia at a scale of 1:20 000."
TRIM Contour Lines,GeoBC Branch,Access Only,file,KML MULTIPLE WMS,2026-09-17,https://catalogue.data.gov.bc.ca/dataset/trim-contour-lines,"Index contours (indefinite-depression and combination) and intermediate contour (indefinite-depression and combination), areas of exclusion and Indefinite contours and cliffs. The TRIM program produces digital maps, which is a collection of coverages to conform with the BC Geographic System layout. "
TRIM Contours Points,GeoBC Branch,Access Only,file,KML MULTIPLE WMS,2023-06-29,https://catalogue.data.gov.bc.ca/dataset/trim-contours-points,"Contour points, spot heights and mountain peaks. The TRIM program produces digital maps, which is a collection of coverages to conform with the BC Geographic System layout. TRIM mapping consists of 7,027 mapsheets covering the province of British Columbia at a scale of 1:20,000."
TRIM Cultural Annotation,GeoBC Branch,Access Only,service,MULTIPLE,2021-12-10,https://catalogue.data.gov.bc.ca/dataset/trim-cultural-annotation,"Cultural man made features and landmark text. The TRIM program produces digital maps, which is a collection of coverages to conform with the BC Geographic System layout. TRIM mapping consists of 7,027 mapsheets covering the province of British Columbia at a scale of 1:20, 000."
TRIM Cultural Lines,GeoBC Branch,Access Only,file,KML MULTIPLE WMS,2023-06-29,https://catalogue.data.gov.bc.ca/dataset/trim-cultural-lines,"Cultural man made features - yard, auto wrecker, lumber yard, stock yard (livestock), fish hatchery, electrical substation complex, mines, raw material pile, pit, etc. (see http://srmwww.gov.bc.ca/gis/trimfeatures.htm for full list). The TRIM program produces digital maps, which is a collection of c"
TRIM Cultural Points,GeoBC Branch,Access Only,file,KML MULTIPLE WMS,2023-06-29,https://catalogue.data.gov.bc.ca/dataset/trim-cultural-points,"Cultural point features - barn, silo, greenhouse, station (communication), college, school, university, fire lookout tower, customs office, fire station etc. (see http://srmwww.gov.bc.ca/gis/trimfeatures.htm for full list). The TRIM program produces digital maps, which is a collection of coverages t"
TRIM Landcover Annotation,GeoBC Branch,Access Only,service,MULTIPLE,2021-12-10,https://catalogue.data.gov.bc.ca/dataset/trim-landcover-annotation,"Landcover -wooded area annotation. The TRIM program produces digital maps, which is a collection of coverages to conform with the BC Geographic System layout. TRIM mapping consists of 7,027 mapsheets covering the province of British Columbia at a scale of 1:20 000."
TRIM Landcover Lines,GeoBC Branch,Access Only,file,KML MULTIPLE WMS,2023-06-29,https://catalogue.data.gov.bc.ca/dataset/trim-landcover-lines,"Land cover - lines bounding wooded areas, grassland, nurseries, orchards, vineyards, etc. The TRIM program produces digital maps, which is a collection of coverages to conform with the BC Geographic System layout. TRIM mapping consists of 7,027 mapsheets covering the province of British Columbia at "
TRIM Landcover Points,GeoBC Branch,Access Only,file,KML MULTIPLE WMS,2023-06-29,https://catalogue.data.gov.bc.ca/dataset/trim-landcover-points,"Landcover points. The TRIM program produces digital maps, which is a collection of coverages to conform with the BC Geographic System layout. TRIM mapping consists of 7,027 mapsheets covering the province of British Columbia at a scale of 1:20 000."
TRIM Miscellaneous Annotation,GeoBC Branch,Access Only,service,MULTIPLE,2021-12-10,https://catalogue.data.gov.bc.ca/dataset/trim-miscellaneous-annotation,"Miscellaneous annotation - all features not in the other themes: photo centres, cutlines, etc.. . The TRIM program produces digital maps, which is a collection of coverages to conform with the BC Geographic System layout. TRIM mapping consists of 7,027 mapsheets covering the province of British Colu"
TRIM Miscellaneous Lines,GeoBC Branch,Access Only,file,KML MULTIPLE WMS,2023-06-29,https://catalogue.data.gov.bc.ca/dataset/trim-miscellaneous-lines,"Miscellaneous lines - all features not in the other themes: cutlines, etc. The TRIM program produces digital maps, which is a collection of coverages to conform with the BC Geographic System layout. TRIM mapping consists of 7,027 mapsheets covering the province of British Columbia at a scale of 1:20"
TRIM Miscellaneous Points,GeoBC Branch,Access Only,file,KML MULTIPLE WMS,2023-06-29,https://catalogue.data.gov.bc.ca/dataset/trim-miscellaneous-points,"Miscellaneous points - all features not in the other themes, photo centres, etc.. The TRIM program produces digital maps, which is a collection of coverages to conform with the BC Geographic System layout. TRIM mapping consists of 7,027 mapsheets covering the province of British Columbia at a scale "
"TRIM Stream Lines - 1:5,000",GeoBC Branch,Access Only,service,MULTIPLE,2021-12-10,https://catalogue.data.gov.bc.ca/dataset/trim-stream-lines-1-5-000,"1:5,000 Stream Lines for IDMI. The TRIM program produces digital maps, which is a collection of coverages to conform with the BC Geographic System layout. TRIM mapping consists of 7,027 mapsheets covering the province of British Columbia at a scale of 1:20 000."
TRIM Surface Features Annotation,GeoBC Branch,Access Only,service,MULTIPLE,2021-12-10,https://catalogue.data.gov.bc.ca/dataset/trim-surface-features-annotation,"Surface features text (landform) The TRIM program produces digital maps, which is a collection of coverages to conform with the BC Geographic System layout. TRIM mapping consists of 7,027 mapsheets covering the province of British Columbia at a scale of 1:20 000."
TRIM Surface Features Lines,GeoBC Branch,Access Only,file,KML MULTIPLE WMS,2023-06-29,https://catalogue.data.gov.bc.ca/dataset/trim-surface-features-lines,"Surface features - volcanic crater, eskers, lava flow, moraine, scree/talus, slide. The TRIM program produces digital maps, which is a collection of coverages to conform with the BC Geographic System layout. TRIM mapping consists of 7,027 mapsheets covering the province of British Columbia at a scal"
TRIM Surface Points,GeoBC Branch,Access Only,file,KML MULTIPLE WMS,2023-06-29,https://catalogue.data.gov.bc.ca/dataset/trim-surface-points,"Surface features too small to show at current scale. The TRIM program produces digital maps, which is a collection of coverages to conform with the BC Geographic System layout. TRIM mapping consists of 7,027 mapsheets covering the province of British Columbia at a scale of 1:20 000."
TRIM Text Annotation,GeoBC Branch,Access Only,service,MULTIPLE,2025-07-02,https://catalogue.data.gov.bc.ca/dataset/trim-text-annotation,"Text annotation - areial triangulation, toponomy and generic text. The TRIM program produces digital maps, which is a collection of coverages to conform with the BC Geographic System layout. TRIM mapping consists of 7,027 mapsheets covering the province of British Columbia at a scale of 1:20 000."
TRIM Transportation Annotation,GeoBC Branch,Access Only,service,MULTIPLE,2021-12-10,https://catalogue.data.gov.bc.ca/dataset/trim-transportation-annotation,"Transportation annotation. The TRIM program produces digital maps, which is a collection of coverages to conform with the BC Geographic System layout. TRIM mapping consists of 7,027 mapsheets covering the province of British Columbia at a scale of 1:20 000."
TRIM Transportation Lines,GeoBC Branch,Access Only,file,KML MULTIPLE WMS,2023-11-10,https://catalogue.data.gov.bc.ca/dataset/trim-transportation-lines,"Transportation features such as airfields, ferry route, roads, retaining walls, bridges, rail lines, tunnels, pipelines, transmission lines, etc (see https://www2.gov.bc.ca/gov/content/data/geographic-data-services/topographic-data/terrain for full list). The TRIM program produces digital maps, whic"
TRIM Transportation Points,GeoBC Branch,Access Only,file,KML MULTIPLE WMS,2023-06-29,https://catalogue.data.gov.bc.ca/dataset/trim-transportation-points,"Transportation point features - helipads, railway turntable and tollgate. The TRIM program produces digital maps, which is a collection of coverages to conform with the BC Geographic System layout. TRIM mapping consists of 7,027 mapsheets covering the province of British Columbia at a scale of 1:20 "
TRIM Water Annotation,GeoBC Branch,Access Only,service,MULTIPLE,2021-12-10,https://catalogue.data.gov.bc.ca/dataset/trim-water-annotation,"Water annotation (e.g. lake and river names, etc.). The TRIM program produces digital maps, which is a collection of coverages to conform with the BC Geographic System layout. TRIM mapping consists of 7,027 mapsheets covering the province of British Columbia at a scale of 1:20 000."
TRIM Water Lines,GeoBC Branch,Access Only,file,KML MULTIPLE WMS,2025-12-16,https://catalogue.data.gov.bc.ca/dataset/trim-water-lines,"Water features - rivers, lakes, canals, marshes, swamps, reservoirs, falls, rapids, dams, dykes, glaciers, sand bars, etc. (see https://www2.gov.bc.ca/assets/gov/data/geographic/topography/trim/trim_featurecode_list.xls for full list). The TRIM program produces digital maps, which is a collection of"
TRIM Water Points,GeoBC Branch,Access Only,file,KML MULTIPLE WMS,2023-06-29,https://catalogue.data.gov.bc.ca/dataset/trim-water-points,"Water point features - rapids, falls, dam, inundated flooded land, marsh, swamp, small breakwall/breakwater, sand/gravel bar, flow arrow, arrowhead, island, island(position approximate), water level, sinkhole. The TRIM program produces digital maps, which is a collection of coverages to conform with"
TRT-BC Tlatsini Planning Project Boundary,GeoBC Branch,Access Only,file,SHP,2025-11-12,https://catalogue.data.gov.bc.ca/dataset/trt-bc-tlatsini-planning-project-boundary,"This spatial dataset represents the outer boundary of the TRT-B.C. Tlatsini Planning Project area. The boundary defines the extent of the land base covered under the Tlatsini Planning Project, a collaborative land use planning initiative between Taku River Tlingit First Nation (TRT) and the Province"
Tahltan-BC Land Stewardship Planning Boundary,GeoBC Branch,Access Only,file,SHP,2025-11-12,https://catalogue.data.gov.bc.ca/dataset/tahltan-bc-land-stewardship-planning-boundary,This spatial dataset represents the outer boundary of the Tahltan-B.C. Land Stewardship Planning process. The boundary defines the extent of the land base covered under the Tahltan-B.C. Land Stewardship Planning process. A zipped folder containing the shapefile for this dataset can be downloaded her
Trans Canada Trail  within British Columbia,GeoBC Branch,Access Only,service,MULTIPLE,2021-12-10,https://catalogue.data.gov.bc.ca/dataset/trans-canada-trail-within-british-columbia,Trans Canada Trail - BC Portion
Tree Improvement Forest Carbon Initiative Projects,GeoBC Branch,Access Only,service,ARCGIS_REST OTHER,2019-08-13,https://catalogue.data.gov.bc.ca/dataset/tree-improvement-forest-carbon-initiative-projects,"Young forests that are healthy, fast-growing and adapted to future climate, will capture additional carbon as they mature. Through tree breeding, tree seed orchards and associated activities, the tree improvement program provides improved seed for B.C.’s reforestation programs. Plantations establish"
UTM Grid Lines at 1 Kilometre Intervals,GeoBC Branch,Access Only,file,KML MULTIPLE WMS,2023-06-29,https://catalogue.data.gov.bc.ca/dataset/utm-grid-lines-at-1-kilometre-intervals,"Straight lines following Universal Transverse Mercator (UTM) Coordinates divisible by 1000 m, spaced 1 km apart. Generated mathematically, and stored in BC Albers projection. These grid lines do not follow any geographical features"
UTM Grid Lines at 10 Kilometre Intervals,GeoBC Branch,Access Only,file,KML MULTIPLE WMS,2023-06-29,https://catalogue.data.gov.bc.ca/dataset/utm-grid-lines-at-10-kilometre-intervals,"Straight lines following Universal Transverse Mercator (UTM) Coordinates divisible by 10,000 m, spaced 10 km apart. Generated mathematically, and stored in BC Albers projection. These grid lines do not follow any geographical features."
"Water and Wetland 1:250,000 GeoBase Land Cover",GeoBC Branch,Access Only,service,MULTIPLE,2021-12-10,https://catalogue.data.gov.bc.ca/dataset/water-and-wetland-1-250-000-geobase-land-cover,"This layer contains Water and Wetlands from GeoBase 250K Land Cover, Circa 2000 - Vector. Land Cover information is the result of vectorization of raster thematic data originating from classified Landsat 5 and Landsat 7 ortho-images, for agricultural and forest areas."
Waterbodies - TRIM Enhanced Base Map (EBM),GeoBC Branch,Access Only,file,KML MULTIPLE WMS,2026-09-01,https://catalogue.data.gov.bc.ca/dataset/waterbodies-trim-enhanced-base-map-ebm,"Lakes, Reservoirs, tailing ponds. TRIM-EBM is a 2D product containing TRIM 1 features excluding toponoymy, contours and DEM for which area based features have been closed to form polygons, symbol points have been replaced with polygons and vertical integration of streams has been removed."
Watercourses - TRIM Enhanced Base Map (EBM),GeoBC Branch,Access Only,file,KML MULTIPLE WMS,2026-09-01,https://catalogue.data.gov.bc.ca/dataset/watercourses-trim-enhanced-base-map-ebm,"Double line rivers and canals have been restructured to form polygons.TRIM-EBM is a 2D product containing TRIM 1 features excluding toponoymy, contours and DEM for which area based features have been closed to form polygons, symbol points have been replaced with polygons and vertical integration of "
West Coast Water Authorizations Station Discharge,GeoBC Branch,Access Only,service,ARCGIS_REST,2024-08-07,https://catalogue.data.gov.bc.ca/dataset/west-coast-water-authorizations-station-discharge,Hydrometric data for the stations maintained by west coast water authorizations. There is a link to the data source which is the AQUARIUS web map which houses real-time charts of discharge stations throughout the province. The data is updated Monday-Friday with the exceptions of holidays. This stati
Wetlands - TRIM Enhanced Base Map (EBM),GeoBC Branch,Access Only,file,KML MULTIPLE WMS,2026-09-01,https://catalogue.data.gov.bc.ca/dataset/wetlands-trim-enhanced-base-map-ebm,"Swamps, marshes and other inundated lands. TRIM-EBM is a 2D product containing TRIM 1 features excluding toponoymy, contours and DEM for which area based features have been closed to form polygons, symbol points have been replaced with polygons and vertical integration of streams has been removed."
Williamson's Sapsucker (WISA),GeoBC Branch,Access Only,file,SHP,2026-06-11,https://catalogue.data.gov.bc.ca/dataset/williamson-s-sapsucker-wisa-,"Williamson’s Sapsucker (WISA) data; includes the three distinct Areas of Occupancy (AOs), WISA Habitat Model, WISA Observations and Nest Trees. These data support the implementation of the Williamson's Sapsucker Best Management Practices (BMPs). 1. Area of Occupancy: 95% of the WISA population is es"
shishalh-BC LUP - Current Condition Assessment - Biogeoclimatic Ecosystem Classification Shifts,GeoBC Branch,Access Only,file,ARCGIS_REST XLSX,2025-04-17,https://catalogue.data.gov.bc.ca/dataset/shishalh-bc-lup-current-condition-assessment-biogeoclimatic-ecosystem-classification-shifts,"Recent and future geographic shifts in biogeoclimatic map unit distrubtion adapted from data provided by Colin Mahony (BC Ministry of Forests) for the shíshálh-BC Land Use Plan (LUP) Current Condition Assessment (CCA), following the method of: MacKenzie, W.H. and C.R. Mahony. 2021. An ecological app"
shishalh-BC LUP - Current Condition Assessment - Marbled Murrelet Suitable Habitat,GeoBC Branch,Access Only,service,ARCGIS_REST,2025-04-17,https://catalogue.data.gov.bc.ca/dataset/shishalh-bc-lup-current-condition-assessment-marbled-murrelet-suitable-habitat,"This layer maps the best available spatial information for suitable Marbled Murrelet nesting habitat in a given area based on one or more methods used to classify habitat suitability. These include (from most to least accurate): low-level aerial surveys, air photo interpretation, and the BC Model (a"
shishalh-BC LUP - Current Condition Assessment - Timber Harvest Landbase (merged),GeoBC Branch,Access Only,service,ARCGIS_REST,2025-04-17,https://catalogue.data.gov.bc.ca/dataset/shishalh-bc-lup-current-condition-assessment-timber-harvest-landbase-merged-,"The Timber Harvest Land Base (THLB) is the subset of the legally harvestable land base where it is economical for timber harvesting to occur based on current forest management practices. This layer merges Timber Supply Area (TSA) 39 and Timber Supply Area (TSA) 44 to identify the THLB for the swiya,"
shishalh-BC Land Use Plan - Current Condition Assessment - Aquatic Ecosystem Assessment,GeoBC Branch,Access Only,file,ARCGIS_REST XLSX,2025-04-17,https://catalogue.data.gov.bc.ca/dataset/shishalh-bc-land-use-plan-current-condition-assessment-aquatic-ecosystem-assessment,"The Interim Assessment Protocol for Aquatic Ecosystems in British Columbia was applied to shíshálh watersheds on February 15, 2023. The Interim Assessment is based on a scientific understanding of watershed process and estimates the potential sensitivity of watersheds to additional disturbance throu"
shishalh-BC Land Use Plan - Current Condition Assessment - Consolidated Roads 2021,GeoBC Branch,Access Only,file,ARCGIS_REST XLSX,2025-04-17,https://catalogue.data.gov.bc.ca/dataset/shishalh-bc-land-use-plan-current-condition-assessment-consolidated-roads-2021,"BC Cumulative Effects Framework - Integrated Roads - 2021 clipped to the swiya boundary with a 20km buffer applied for shíshálh-BC Land Use Plan Current Condition Assessment. Clipped on January 11, 2023. Added two new fields to classify road use type for symbology in Current Condition Assessment map"
shishalh-BC Land Use Plan - Current Condition Assessment - Historic Aggregate Tenures,GeoBC Branch,Access Only,file,ARCGIS_REST XLSX,2025-04-17,https://catalogue.data.gov.bc.ca/dataset/shishalh-bc-land-use-plan-current-condition-assessment-historic-aggregate-tenures,This layer displays the locations of historical tenures involving quarrying within 20 km of the swiya. It was generated using data from the TANTALIS database - a computerized land information system which maintains a registry of interests in Crown Land. This layers combines Interest Parcels joined w
shishalh-BC Land Use Plan - Current Condition Assessment - Projected Climate Feasibility,GeoBC Branch,Access Only,service,ARCGIS_REST,2025-04-17,https://catalogue.data.gov.bc.ca/dataset/shishalh-bc-land-use-plan-current-condition-assessment-projected-climate-feasibility,"The layers illustrate the anticipated spatial range where Western Red Cedar and Western Hemlock are expected to be suitable or viable for growth in 2021 to 2040, 2041 to 2060, 2061 to 2080, 2081 to 2100. It involves assessing various factors to determine whether a specific tree species can thrive in"
shíshálh-BC Land Use Planning Boundary,GeoBC Branch,Access Only,file,SHP,2025-11-12,https://catalogue.data.gov.bc.ca/dataset/sh-sh-lh-bc-land-use-planning-boundary,This spatial dataset represents the outer boundary of the shíshálh-B.C. Land Use Planning area. The boundary defines the extent of the land base covered under the shíshálh-B.C. Land Use Planning process. A zipped folder containing the shapefile for this dataset can be downloaded here: https://coms.a
Aquatic Ecosystems - Watershed Condition - Data - Howe Sound Cumulative Effects,GeoBC – Geospatial Services,Access Only,file,CSV FGDB GEOJSON,2025-08-15,https://catalogue.data.gov.bc.ca/dataset/aquatic-ecosystems-watershed-condition-data-howe-sound-cumulative-effects,"This data was used for the Howe Sound Cumulative Effects Project to thematically display indicator maps showing the condition of freshwater Aquatic Ecosystems in the Howe Sound area based upon six key water quantity, water quality and stream/riparian system indicators.The six key water quantity, wat"
Crown Contaminated Sites,GeoBC – Geospatial Services,Access Only,file,SHP,2025-07-14,https://catalogue.data.gov.bc.ca/dataset/crown-contaminated-sites,"This data set represents general site location points where the Crown Contaminated Sites Program (CCSP) has conducted work from 2022 to 2024. The work is outlined in the 2024 Biennial Report which documents progress over the past two years. CCSP work includes investigating, remediating, and monitori"
Grizzly Bear - Bear Areas (km2) by Density Code Unit - Data - South Coast SBOT,GeoBC – Geospatial Services,Access Only,file,CSV,2025-08-15,https://catalogue.data.gov.bc.ca/dataset/grizzly-bear-bear-areas-km2-by-density-code-unit-data-south-coast-sbot,A summary of Bear Areas (km2) by Density Code unit. Density Code Unit are areas identified by Wildlife Management Unit and Grizzly Bear Population Unit.
Grizzly Bear - Bear Density (Bears/1000km2) - Data - South Coast SBOT,GeoBC – Geospatial Services,Access Only,file,CSV,2025-08-15,https://catalogue.data.gov.bc.ca/dataset/grizzly-bear-bear-density-bears-1000km2-data-south-coast-sbot,"Estimated number of Bears per 1,000 km2 per Grizzly Bear Population Unit (GBPU)."
Grizzly Bear - Broad Ecosystem Inventory (BEI) Suitability - Data - South Coast SBOT,GeoBC – Geospatial Services,Access Only,file,CSV,2025-08-15,https://catalogue.data.gov.bc.ca/dataset/grizzly-bear-broad-ecosystem-inventory-bei-suitability-data-south-coast-sbot,Broad Ecosystem Inventory (BEI) was used to establish a ranking for Grizzly Bear Capability and Suitability __Ranking__ 0 - Coastal/Un-inhabitated 1 - 75% to 100% (Very High Suitability/Capability) 2- 50% to 75% (High) 3 – 25% to 50% (Moderate) 4- 5% to 25% (Low) 5 - .01 to 5% (Very Low) 6 – 0 (Nil)
Grizzly Bear - Core Security Areas - Data - South Coast SBOT,GeoBC – Geospatial Services,Access Only,file,CSV,2025-08-15,https://catalogue.data.gov.bc.ca/dataset/grizzly-bear-core-security-areas-data-south-coast-sbot,Core Security Areas are defined as areas that have adequate Grizzly Bear habitat with minimum human use. They are large enough to accommodate a female Grizzly Bear’s daily foraging requirements. The integrity of the security area is sensitive to the extent and spatial arrangement of developments inc
Grizzly Bear - Density Units - Data - South Coast SBOT,GeoBC – Geospatial Services,Access Only,file,CSV,2025-08-15,https://catalogue.data.gov.bc.ca/dataset/grizzly-bear-density-units-data-south-coast-sbot,Grizzly Bear summary of population density code units. Units are combination of Grizzly Bear Population Units (GBPU) and Wildlife Management Units (WMU).
Grizzly Bear - Ecosection Biogeoclimatic Variant Capability - Data - South Coast SBOT,GeoBC – Geospatial Services,Access Only,file,CSV,2025-08-15,https://catalogue.data.gov.bc.ca/dataset/grizzly-bear-ecosection-biogeoclimatic-variant-capability-data-south-coast-sbot,"Biogeoclimatic Ecosystem Classification (BEC) Zones (Variant) are distinguished as either High or Moderate sensitivity: High (CWH, ICH, ESSF, SBS); Moderate (MS, MH, IDF); Low (all other BEC Zones). Mid-seral is assigned as per BEC forest age criteria from the Biodiversity Guidebook, and further cla"
Grizzly Bear - Front Country and Back Country and Encounter Class - Data - South Coast SBOT,GeoBC – Geospatial Services,Access Only,file,CSV,2025-08-15,https://catalogue.data.gov.bc.ca/dataset/grizzly-bear-front-country-and-back-country-and-encounter-class-data-south-coast-sbot,"Back Country are areas with travel time from cities greater than 2 hours, and travel time from high-use roads greater than 1 hour. Front Country are areas with travel time from cities less than or equal 1 hour to greater than 2 hours, and travel time from high-use road less than or equal to 1 hour. "
Grizzly Bear - Grizzly Bear Population Units - Data - South Coast SBOT,GeoBC – Geospatial Services,Access Only,file,CSV,2025-08-15,https://catalogue.data.gov.bc.ca/dataset/grizzly-bear-grizzly-bear-population-units-data-south-coast-sbot,Grizzly Bear Population Units (GBPU). For management purposes the province is divided into GBPUs which is a mix of bear biology and management need.
Grizzly Bear - Land Designation - Data - South Coast SBOT,GeoBC – Geospatial Services,Access Only,file,CSV,2025-08-15,https://catalogue.data.gov.bc.ca/dataset/grizzly-bear-land-designation-data-south-coast-sbot,"Land Designations are spatially-defined areas established through legislation or purchased for the protection of nature and cultural values, the conservation of biological diversity and ecosystem services and the management of natural resources. Land designations that contribute to conservation are "
Grizzly Bear - Number of Bears by Density Code Unit - Data - South Coast SBOT,GeoBC – Geospatial Services,Access Only,file,CSV,2025-08-15,https://catalogue.data.gov.bc.ca/dataset/grizzly-bear-number-of-bears-by-density-code-unit-data-south-coast-sbot,Total number of Bears by Density Code unit. Density Code Unit are areas identified by Wildlife Management Unit and Grizzly Bear Population Unit.
Grizzly Bear - Road Density Open Roads and Utilities - Data - South Coast SBOT,GeoBC – Geospatial Services,Access Only,file,CSV,2025-08-15,https://catalogue.data.gov.bc.ca/dataset/grizzly-bear-road-density-open-roads-and-utilities-data-south-coast-sbot,Road Density is the total length of roads divided by the total WMU area (km/km2). It is identified as a supplemental indicator for Population Status in the interim assessment protocol for Grizzly Bear in BC. Studies have found that most known grizzly bear deaths lie within 500 m of a road or other c
Howe Sound Cumulative Effects Project Area - Data - Howe Sound Cumulative Effects,GeoBC – Geospatial Services,Access Only,file,CSV FGDB JSON,2025-08-15,https://catalogue.data.gov.bc.ca/dataset/howe-sound-cumulative-effects-project-area-data-howe-sound-cumulative-effects,The project area boundary was tailored to meet the expressed interests of local communities and stakeholders to consider Cumulative Effects value assessments that focussed on a natural boundary like the watersheds surrounding Howe Sound. The project boundary follows the height of land around Howe So
Marbled Murrelet - Data - Howe Sound Cumulative Effects,GeoBC – Geospatial Services,Access Only,file,CSV FGDB JSON,2025-08-15,https://catalogue.data.gov.bc.ca/dataset/marbled-murrelet-data-howe-sound-cumulative-effects,This data was used for the Howe Sound Cumulative Effects Project to thematically display indicator maps showing the condition of Marbled Murrelet population sustainability in the Howe Sound area based upon two key nesting habitat indicators. The condition of the Marbled Murrelet nesting habitat: ris
Oregon Spotted Frog - Augmentation by Lifestages - Data - South Coast SBOT,GeoBC – Geospatial Services,Access Only,file,CSV,2025-08-15,https://catalogue.data.gov.bc.ca/dataset/oregon-spotted-frog-augmentation-by-lifestages-data-south-coast-sbot,"The Stewardship Baseline Objectives Tool (SBOT) is a visualization and assessment tool to clarify and communicate baseline information and stewardship objectives for priority resource values. Currently, the tool is developed for the South Coast Region. The intent of the tool is to assess the current"
Oregon Spotted Frog - Augmented by Population - Data - South Coast SBOT,GeoBC – Geospatial Services,Access Only,file,CSV,2025-08-15,https://catalogue.data.gov.bc.ca/dataset/oregon-spotted-frog-augmented-by-population-data-south-coast-sbot,"The Stewardship Baseline Objectives Tool (SBOT) is a visualization and assessment tool to clarify and communicate baseline information and stewardship objectives for priority resource values. Currently, the tool is developed for the South Coast Region. The intent of the tool is to assess the current"
Oregon Spotted Frog - Critical Habitat on Non-Federal Land - Data - South Coast SBOT,GeoBC – Geospatial Services,Access Only,file,CSV,2025-08-15,https://catalogue.data.gov.bc.ca/dataset/oregon-spotted-frog-critical-habitat-on-non-federal-land-data-south-coast-sbot,"The Stewardship Baseline Objectives Tool (SBOT) is a visualization and assessment tool to clarify and communicate baseline information and stewardship objectives for priority resource values. Currently, the tool is developed for the South Coast Region. The intent of the tool is to assess the current"
Oregon Spotted Frog - Critical Habitats on Federal Lands - Data - South Coast SBOT,GeoBC – Geospatial Services,Access Only,file,CSV,2025-08-15,https://catalogue.data.gov.bc.ca/dataset/oregon-spotted-frog-critical-habitats-on-federal-lands-data-south-coast-sbot,"The Stewardship Baseline Objectives Tool (SBOT) is a visualization and assessment tool to clarify and communicate baseline information and stewardship objectives for priority resource values. Currently, the tool is developed for the South Coast Region. The intent of the tool is to assess the current"
Oregon Spotted Frog - Habitats - Data - South Coast SBOT,GeoBC – Geospatial Services,Access Only,file,CSV,2025-08-15,https://catalogue.data.gov.bc.ca/dataset/oregon-spotted-frog-habitats-data-south-coast-sbot,"The Stewardship Baseline Objectives Tool (SBOT) is a visualization and assessment tool to clarify and communicate baseline information and stewardship objectives for priority resource values. Currently, the tool is developed for the South Coast Region. The intent of the tool is to assess the current"
Oregon Spotted Frog - Hotspots - Data - South Coast SBOT,GeoBC – Geospatial Services,Access Only,file,CSV,2025-08-15,https://catalogue.data.gov.bc.ca/dataset/oregon-spotted-frog-hotspots-data-south-coast-sbot,"The Stewardship Baseline Objectives Tool (SBOT) is a visualization and assessment tool to clarify and communicate baseline information and stewardship objectives for priority resource values. Currently, the tool is developed for the South Coast Region. The intent of the tool is to assess the current"
Oregon Spotted Frog - Population Historic Location - Data - South Coast SBOT,GeoBC – Geospatial Services,Access Only,file,CSV,2025-08-15,https://catalogue.data.gov.bc.ca/dataset/oregon-spotted-frog-population-historic-location-data-south-coast-sbot,"The Stewardship Baseline Objectives Tool (SBOT) is a visualization and assessment tool to clarify and communicate baseline information and stewardship objectives for priority resource values. Currently, the tool is developed for the South Coast Region. The intent of the tool is to assess the current"
Oregon Spotted Frog - Recovery Habitats - Data - South Coast SBOT,GeoBC – Geospatial Services,Access Only,file,CSV,2025-08-15,https://catalogue.data.gov.bc.ca/dataset/oregon-spotted-frog-recovery-habitats-data-south-coast-sbot,"The Stewardship Baseline Objectives Tool (SBOT) is a visualization and assessment tool to clarify and communicate baseline information and stewardship objectives for priority resource values. Currently, the tool is developed for the South Coast Region. The intent of the tool is to assess the current"
Oregon Spotted Frog - Survival Habitats - Data - South Coast SBOT,GeoBC – Geospatial Services,Access Only,file,CSV,2025-08-15,https://catalogue.data.gov.bc.ca/dataset/oregon-spotted-frog-survival-habitats-data-south-coast-sbot,"The Stewardship Baseline Objectives Tool (SBOT) is a visualization and assessment tool to clarify and communicate baseline information and stewardship objectives for priority resource values. Currently, the tool is developed for the South Coast Region. The intent of the tool is to assess the current"
Roads - Data - Howe Sound Cumulative Effects,GeoBC – Geospatial Services,Access Only,file,CSV,2025-08-15,https://catalogue.data.gov.bc.ca/dataset/roads-data-howe-sound-cumulative-effects,The 2015 BC Cumulative Effects Assessment uses an integrated roads product created by consolidating various BCGW road sources in an hierarchical order (see csv). The dataset was created specifically for cumulative effects analysis. It is intended for strategic level analysis and should not be consid
Roosevelt Elk - Data - Howe Sound Cumulative Effects,GeoBC – Geospatial Services,Access Only,file,CSV FGDB JSON,2025-08-15,https://catalogue.data.gov.bc.ca/dataset/roosevelt-elk-data-howe-sound-cumulative-effects,This data was used for the Howe Sound Cumulative Effects Project to thematically display indicator maps showing the condition of the Roosevelt Elk population (population stability trend and both short and long term population sustainability risk). The seven key Roosevelt Elk population and habitat i
Spotted Owl - Extended Range - Data - South Coast SBOT,GeoBC – Geospatial Services,Access Only,file,ARCGIS_REST CSV,2025-08-15,https://catalogue.data.gov.bc.ca/dataset/spotted-owl-extended-range-data-south-coast-sbot,SBOT = Stewardship Baseline Objectives Tool Extended range of the Spotted Owl. The extended range boundary is derived by adding a one landscape unit buffer to landscape units known to have been occupied by Northern Spotted Owls. 
Spotted Owl - Habitat Model by Land Base Type - Data - South Coast SBOT,GeoBC – Geospatial Services,Access Only,file,ARCGIS_REST CSV,2025-08-15,https://catalogue.data.gov.bc.ca/dataset/spotted-owl-habitat-model-by-land-base-type-data-south-coast-sbot,SBOT = Stewardship Baseline Objectives Tool The Northern Spotted Owl suitable habitat model including the land base type information. See More Information section below for links to additional details about the suitable habitat model and land base type datasets.
Spotted Owl - Habitat Zones - Data - South Coast SBOT,GeoBC – Geospatial Services,Access Only,file,ARCGIS_REST CSV,2025-08-15,https://catalogue.data.gov.bc.ca/dataset/spotted-owl-habitat-zones-data-south-coast-sbot,"SBOT = Stewardship Baseline Objectives Tool Spotted Owl habitat zones. Maritime, Submaritime, and Continental habitat zones boundaries as defined by the Northern Spotted Owl Recovery Team."
Spotted Owl - Land Base - Data - South Coast SBOT,GeoBC – Geospatial Services,Access Only,file,ARCGIS_REST CSV,2025-08-15,https://catalogue.data.gov.bc.ca/dataset/spotted-owl-land-base-data-south-coast-sbot,"SBOT = Stewardship Baseline Objectives Tool Spotted Owl Habitat summarized by land base type. The extended Northern Spotted Owl range was divided up by landscape unit and type (conservancy areas, crown tenures/leases, ecological reserves, federal lands, municipal parks, NGO conservation areas, prote"
Spotted Owl - Landscape Units HQQI - Data - South Coast SBOT,GeoBC – Geospatial Services,Access Only,file,ARCGIS_REST CSV,2025-08-15,https://catalogue.data.gov.bc.ca/dataset/spotted-owl-landscape-units-hqqi-data-south-coast-sbot,SBOT = Stewardship Baseline Objectives Tool Landscape units with habitat quality and quantity index values. The Habitat Quality and Quantity Index (HQQI) was calculated for each Landscape Unit and Spotted Owl Population Unit. The HQQI is used to provide a standardize score from 0 to 100 (lowest to h
Spotted Owl - Population Units HQQI - Data - South Coast SBOT,GeoBC – Geospatial Services,Access Only,file,ARCGIS_REST CSV,2025-08-15,https://catalogue.data.gov.bc.ca/dataset/spotted-owl-population-units-data-south-coast-sbot,SBOT = Stewardship Baseline Objectives Tool Population Units with habitat quality and quantity index values. The Habitat Quality and Quantity Index (HQQI) was calculated for each Landscape Unit and Spotted Owl Population Unit. The HQQI is used to provide a standardize score from 0 to 100 (lowest to 
Spotted Owl - Range - Data - South Coast SBOT,GeoBC – Geospatial Services,Access Only,file,ARCGIS_REST CSV,2025-08-15,https://catalogue.data.gov.bc.ca/dataset/spotted-owl-range-data-south-coast-sbot,SBOT = Stewardship Baseline Objectives Tool Known Range of the Northern Spotted Owl. The known range represents the landscape units that are recently known to have Spotted Owl occurrences and includes historic records.
Spotted Owl - Suitable Habitat Model - Data - South Coast SBOT,GeoBC – Geospatial Services,Access Only,file,ARCGIS_REST CSV OTHER,2025-08-15,https://catalogue.data.gov.bc.ca/dataset/spotted-owl-suitable-habitat-model-data-south-coast-sbot,"SBOT = Stewardship Baseline Objectives Tool __See the Spotted Owl SBOT Web Viewer for detailed tables of the model criteria.__ Throughout its range, the Spotted Owl is strongly associated with mature and old, late successional coniferous and mixed-coniferous forests. These forests are typically char"
White Sturgeon - Acoustic Stations - Data - South Coast SBOT,GeoBC – Geospatial Services,Access Only,file,CSV,2025-08-15,https://catalogue.data.gov.bc.ca/dataset/white-sturgeon-acoustic-stations-data-south-coast-sbot,"SBOT = Stewardship Baseline Objectives Tool Fixed acoustic receiver station locations for monitoring adult sturgeon movements, migration and habitat use. Some stations are deployed year-round and others are deployed seasonally in migration corridors or at spawning sites. The delineated habitats desc"
White Sturgeon - Catch & Effort Reporting Sections - Data - South Coast SBOT,GeoBC – Geospatial Services,Access Only,file,CSV,2025-08-15,https://catalogue.data.gov.bc.ca/dataset/white-sturgeon-catch-effort-reporting-sections-data-south-coast-sbot,SBOT = Stewardship Baseline Objectives Tool The sections are used for catch and effort data collection from guided and non-guided angler reports.
White Sturgeon - Eulachon Spawning Habitats - Data - South Coast SBOT,GeoBC – Geospatial Services,Access Only,file,CSV,2025-08-15,https://catalogue.data.gov.bc.ca/dataset/white-sturgeon-eulachon-spawning-habitats-data-south-coast-sbot,SBOT = Stewardship Baseline Objectives Tool Habitat areas where Eulachon spawning has been confirmed or suspected.
White Sturgeon - Habitats - Data - South Coast SBOT,GeoBC – Geospatial Services,Access Only,file,CSV,2025-08-15,https://catalogue.data.gov.bc.ca/dataset/white-sturgeon-habitats-data-south-coast-sbot,"SBOT = Stewardship Baseline Objectives Tool Combination of white sturgeon adult & sub-adult habitats, juvenile habitats, spawning habitats, spawning closures, and eulachon spawning habitats."
White Sturgeon - Juvenile Catch - Data - South Coast SBOT,GeoBC – Geospatial Services,Access Only,file,CSV,2025-08-15,https://catalogue.data.gov.bc.ca/dataset/white-sturgeon-juvenile-catch-data-south-coast-sbot,SBOT = Stewardship Baseline Objectives Tool Survey sites where juvenile sturgeon have been captured confirming seasonal or high use. Juvenile Sturgeon – Sturgeon in their 1st year up to ~4 years of age. The data spans from 2007-2019 so far.
White Sturgeon - Kilometre Points - Data - South Coast SBOT,GeoBC – Geospatial Services,Access Only,file,CSV,2025-08-15,https://catalogue.data.gov.bc.ca/dataset/white-sturgeon-kilometre-points-data-south-coast-sbot,"SBOT = Stewardship Baseline Objectives Tool Points spaced approximately a kilometre apart along the length of the Fraser river, previously developed for referencing locations of observations before GPS became common."
White Sturgeon - River Divisions - Data - South Coast SBOT,GeoBC – Geospatial Services,Access Only,file,CSV,2025-08-15,https://catalogue.data.gov.bc.ca/dataset/white-sturgeon-river-divisions-data-south-coast-sbot,"SBOT = Stewardship Baseline Objectives Tool Fishery jurisdictional boundary between Fisheries and Oceans Canada (DFO) and the Province of British Columbia (FLNRORD). DFO has fishery jurisdiction below the rail bridge located at Mission, BC, and FLNRORD has jurisdiction above the bridge."
White Sturgeon - Spawning Survey Sites - Data - South Coast SBOT,GeoBC – Geospatial Services,Access Only,file,CSV,2025-08-15,https://catalogue.data.gov.bc.ca/dataset/white-sturgeon-spawning-survey-sites-data-south-coast-sbot,"SBOT = Stewardship Baseline Objectives Tool Survey sites where spawn mats or drift nets have been deployed to assess, confirm or monitor sturgeon spawning activity. Sturgeon eggs have been collected at some sites and spawning activity may have been confirmed. The data spans from 1998 to 2017 so far."
White Sturgeon - White Sturgeon Adult & Sub-Adult Habitats - Data - South Coast SBOT,GeoBC – Geospatial Services,Access Only,file,CSV,2025-08-15,https://catalogue.data.gov.bc.ca/dataset/white-sturgeon-white-sturgeon-adult-sub-adult-habitats-data-south-coast-sbot,"SBOT = Stewardship Baseline Objectives Tool Habitat areas where sturgeon gather to hold, stage, feed or overwinter. Sub-Adult (older juvenile) Sturgeon – Sturgeon from over 4 years up to ~14 years of age. Adult Sturgeon - Sturgeon larger than ~150 cm in fork length. Males mature at 14 to 16 years of"
White Sturgeon - White Sturgeon Juvenile Habitats - Data - South Coast SBOT,GeoBC – Geospatial Services,Access Only,file,CSV,2025-08-15,https://catalogue.data.gov.bc.ca/dataset/white-sturgeon-white-sturgeon-juvenile-habitats-data-south-coast-sbot,"SBOT = Stewardship Baseline Objectives Tool Habitats where younger (1st year to ~4 year olds) juvenile rearing has been confirmed. The described habitats identify locations where younger juvenile sturgeon have been captured. Some locations are considered high use index sites and are regularly, but p"
White Sturgeon - White Sturgeon Spawning Closures - Data - South Coast SBOT,GeoBC – Geospatial Services,Access Only,file,CSV,2025-08-15,https://catalogue.data.gov.bc.ca/dataset/white-sturgeon-white-sturgeon-spawning-closures-data-south-coast-sbot,"SBOT = Stewardship Baseline Objectives Tool White Sturgeon Spawning Regulated Fishing Closure Area – Areas that include sturgeon spawning, and pre and post-spawn staging habitats that are closed to fishing during the May 15th to July 31st spawning period."
White Sturgeon - White Sturgeon Spawning Habitats - Data - South Coast SBOT,GeoBC – Geospatial Services,Access Only,file,CSV,2025-08-15,https://catalogue.data.gov.bc.ca/dataset/white-sturgeon-white-sturgeon-spawning-habitats-data-south-coast-sbot,SBOT = Stewardship Baseline Objectives Tool Habitats where sturgeon spawning has been confirmed or suspected. The described habitats identify locations where sturgeon eggs and larvae have been collected historically and recently. To better understand the effectiveness and reproductive capacity of th
School District Trustee Electoral Areas,Governance and Legislation,Access Only,file,ARCGIS_REST KML MULTIPLE WMS,2026-05-01,https://catalogue.data.gov.bc.ca/dataset/school-district-trustee-electoral-areas,"School district trustee electoral area boundary dataset. Each school district contains one or more trustee electoral areas, established by ministerial order under the authority of the School Act. "
B.C. COVID-19 Case Details,Health Authority - Provincial Health Services Authority,Access Only,file,ARCGIS_REST CSV,2023-04-20,https://catalogue.data.gov.bc.ca/dataset/b-c-covid-19-case-details,"The B.C. COVID-19 Dashboard has been retired and will no longer be updated. The British Columbia, Canada COVID-19 dashboard, includes case counts, case details and laboratory information from the British Columbia Centre for Disease Control, Provincial Health Services Authority and the British Columb"
B.C. COVID-19 Cases by Health Authority,Health Authority - Provincial Health Services Authority,Access Only,service,ARCGIS_REST,2023-04-20,https://catalogue.data.gov.bc.ca/dataset/b-c-covid-19-cases-by-health-authority,"The B.C. COVID-19 Dashboard has been retired and will no longer be updated. The British Columbia, Canada COVID-19 dashboard, includes case counts, case details and laboratory information from the British Columbia Centre for Disease Control, Provincial Health Services Authority and the British Columb"
B.C. COVID-19 Lab Information,Health Authority - Provincial Health Services Authority,Access Only,file,ARCGIS_REST XLSX,2023-08-30,https://catalogue.data.gov.bc.ca/dataset/b-c-covid-19-lab-information,"The B.C. COVID-19 Dashboard has been retired and will no longer be updated. The British Columbia, Canada COVID-19 dashboard, includes case counts, case details and laboratory information from the British Columbia Centre for Disease Control, Provincial Health Services Authority and the British Columb"
Urgent and Primary Care Centres,HealthLinkBC,Access Only,file,CSV KML MULTIPLE PDF TXT WMS,2026-09-24,https://catalogue.data.gov.bc.ca/dataset/urgent-and-primary-care-centres,"Urgent and Primary Care Centres provide a flexible resource to meet the urgent and primary health care need, primarily in large urban centres where a higher percentage of the population is unable to find or access a regular family doctor or nurse practitioner. As a resource to support communities, U"
BC Geographical Names,Heritage Branch,Access Only,file,KML MULTIPLE WMS,2026-09-24,https://catalogue.data.gov.bc.ca/dataset/bc-geographical-names,A view of the official place names associated with geographical features in the province of British Columbia. It contains the authoritative information of the BC Gazetteer (https://catalogue.data.gov.bc.ca/dataset/d92224ee-03ef-4904-be53-b677d8e01ac4) and additional fields relevant for mapping.
BC Geographical Names - Indigenous Tag,Heritage Branch,Access Only,file,CSV XLSX,2026-08-05,https://catalogue.data.gov.bc.ca/dataset/bc-geographical-names-indigenous-tag,"Dataset include names in the BC Geographical Names Information System (BCGNIS) with any origins or connection to Indigenous languages, peoples or histories, including Indigenous names or words which that have been anglicized or incorrectly applied. For more information on names with this tag, please"
British Columbia Geographical Names Web Service - BCGNWS,Heritage Branch,Access Only,file,HTML JSON OPENAPI-JSON,2022-03-30,https://catalogue.data.gov.bc.ca/dataset/british-columbia-geographical-names-web-service-bcgnws,"The BC Geographical Names Web Service (BCGNWS) offers searchable access to geographical names of British Columbia sourced from the BC Geographical Names Information System. BCGNWS is a fully RESTful web API that provides a variety of output formats including: json, kml, xml, rdf, csv, georss, and at"
Fossil Collection Events,Heritage Branch,Access Only,service,MULTIPLE,2026-09-23,https://catalogue.data.gov.bc.ca/dataset/fossil-collection-events,"This spatial view contains information about known fossil collection events in British Columbia. Both macrofossils and microfossils are included. This is a point feature dataset that includes fossil collection event details such as a location descriptor, samples collected, significance ranking code,"
Fossil Occurrence Sites (Gov and Industry Users),Heritage Branch,Access Only,service,MULTIPLE,2025-05-06,https://catalogue.data.gov.bc.ca/dataset/fossil-occurrence-sites-gov-and-industry-users-,"This spatial view contains information about known fossil occurrence sites in British Columbia. Both macrofossils and microfossils are included. Macrofossils are fossils large enough to see with the naked eye, while microfossils are fossils not visible to the naked eye and require a microscope to st"
Fossil Sites,Heritage Branch,Access Only,service,MULTIPLE,2026-09-24,https://catalogue.data.gov.bc.ca/dataset/fossil-sites,"Fossil sites in British Columbia consist of polygons based on known fossil collection events in a geographic area. Each area has a descriptive name and the polygon boundaries are updated as new information becomes available. The spatial view contains information about the location, sub-sites, and si"
Heritage Conservation Areas of BC - Internal Use,Heritage Branch,Access Only,service,MULTIPLE,2026-09-24,https://catalogue.data.gov.bc.ca/dataset/heritage-conservation-areas-of-bc-internal-use,"This dataset contains spatial and attribute data for local government Heritage Conservation Areas (HCAs) established for heritage conservation purposes in British Columbia, as tracked by BC Heritage Branch. Under the Local Government Act, a local government may designate a HCA within its Official Co"
Historic Environment Spatial Layer,Heritage Branch,Access Only,file,KML MULTIPLE WMS,2024-08-30,https://catalogue.data.gov.bc.ca/dataset/historic-environment-spatial-layer,The Historic Environment Spatial Layer contains polygons and related attributes representing post-1846 historic places in British Columbia that are recorded on the provincial heritage register. It does not include any archaeological site information. This dataset was replaced by the [Historic Places
Historic Places Spatial Layer (Industry View),Heritage Branch,Access Only,service,MULTIPLE,2026-09-24,https://catalogue.data.gov.bc.ca/dataset/historic-places-spatial-layer-industry-view-,"The dataset includes polygons and attributes of all historic sites in British Columbia that are post-1846 heritage sites recorded and registered on the BC Register of Historic Places. Historic places include buildings, neighbourhoods, trails, and cultural landscapes that contribute to BC’s unique id"
Historic Places Spatial Layer (Public View),Heritage Branch,Access Only,file,KML MULTIPLE WMS,2026-09-24,https://catalogue.data.gov.bc.ca/dataset/historic_places_public_view,"The dataset includes polygons and attributes of all officially recognized historic sites in British Columbia that are post-1846 heritage sites registered on the BC Register of Historic Places as a statutory requirement of the Heritage Conservation Act. Historic places include buildings, neighbourhoo"
Historic Trail Areas of British Columbia - Internal,Heritage Branch,Access Only,service,MULTIPLE,2025-03-06,https://catalogue.data.gov.bc.ca/dataset/historic-trail-areas-of-british-columbia-internal,"This dataset contains spatial and tabular data on non-archaeological historic trails in B.C. Some of these trails, or sections of trail, are defined or protected under provincial legislation such as the Heritage Conservation Act. Other trails or trail segments are recorded but not legally protected."
Historic Trail Features of British Columbia - Internal,Heritage Branch,Access Only,service,MULTIPLE,2025-06-18,https://catalogue.data.gov.bc.ca/dataset/historic-trail-features-of-british-columbia-internal,"This dataset contains spatial and tabular data on non-archaeological historic trails in B.C. Some of these trails, or sections of trail, are defined or protected under provincial legislation such as the Heritage Conservation Act. Other trails or trail segments are recorded but not legally protected."
Historic Trails of British Columbia - Internal,Heritage Branch,Access Only,service,MULTIPLE,2026-05-21,https://catalogue.data.gov.bc.ca/dataset/historic-trails-of-british-columbia-internal,"This dataset contains spatial and tabular data on non-archaeological historic trails in B.C. Some of these trails, or sections of trail, are defined or protected under provincial legislation such as the Heritage Conservation Act. Other trails or trail segments are recorded but not legally protected."
Important Fossil Areas,Heritage Branch,Access Only,file,KML MULTIPLE WMS,2025-06-23,https://catalogue.data.gov.bc.ca/dataset/important-fossil-areas,"The Important Fossil Areas in British Columbia consist of polygons based on the density of known fossil collection events and fossil sites with important fossil resources, and recognized fossil-bearing stratigraphic units. Each area has a descriptive name and the polygon boundaries are updated as ne"
Provincially Protected Fossil Sites,Heritage Branch,Access Only,service,MULTIPLE,2025-11-02,https://catalogue.data.gov.bc.ca/dataset/provincially-protected-fossil-sites,"Provincially Protected Fossil Sites in British Columbia consist of fossil sites that have been protected because of their scientific, educational, and heritage values. These are sites that provide opportunities for scientific advancement, educational and recreational programs, and community involvem"
Children and Family Development - Local Service Areas (LSAs),Information Management - CFD,Access Only,file,KML ORACLE_SDE WMS,2023-06-29,https://catalogue.data.gov.bc.ca/dataset/children-and-family-development-local-service-areas-lsas-,"The Ministry of Children and Family Development (MCFD) delivers a number of services through Service Delivery Areas (SDAs), and each SDA contains a number of geographic areas called Local Service Areas (LSAs). Each LSA is led by a Director of Operations. "
Children and Family Development - Service Delivery Areas (SDAs),Information Management - CFD,Access Only,file,KML ORACLE_SDE WMS,2023-06-29,https://catalogue.data.gov.bc.ca/dataset/children-and-family-development-service-delivery-areas-sdas-,The Ministry of Children and Family Development (MCFD) delivers a number of services through 13 geographic areas of BC called Service Delivery Areas (SDAs). Each SDA is led by an Executive Director of Service. 
BC Research Centres,Innovation and Industry Development Division,Access Only,file,CSV HTML KML MULTIPLE WMS,2024-10-15,https://catalogue.data.gov.bc.ca/dataset/bc-research-centres,"This dataset provides the names, addresses, geographic locations, affiliated institutions, and areas of research specialization for many research centres affiliated with public post-secondary institutions and research hospitals in British Columbia. _This dataset is intended to provide a robust set o"
Early Childhood Care (Francophone),Intergovernmental Relations Secretariat,Access Only,file,KML ORACLE_SDE WMS,2023-11-10,https://catalogue.data.gov.bc.ca/dataset/early-childhood-care-francophone,"This dataset is comprised of child care services in British DEPRECATED Columbia offering services in French. It includes group child care, family child care, preschool and Strong Start programs. The source data is managed and compiled by the Fédération des parents francophones de la Colombie-Britann"
Health Professionals (Francophone),Intergovernmental Relations Secretariat,Access Only,file,KML ORACLE_SDE WMS,2023-11-10,https://catalogue.data.gov.bc.ca/dataset/health-professionals-francophone,DEPRECATED This dataset is comprised of French-speaking health professionals that offer services to French-speaking people in British Columbia. The source data is managed and compiled by RéseauSanté Colombie-Britannique.
Service Directory (Francophone),Intergovernmental Relations Secretariat,Access Only,file,KML ORACLE_SDE WMS,2023-11-10,https://catalogue.data.gov.bc.ca/dataset/service-directory-francophone,DEPRECATED This dataset is comprised of organizations and services in British Columbia offering services in French. The source data is managed and compiled by the Fédération des francophones de la Colombie-Britannique.
Tourism Sites (Francophone),Intergovernmental Relations Secretariat,Access Only,file,KML ORACLE_SDE WMS,2023-11-10,https://catalogue.data.gov.bc.ca/dataset/tourism-sites-francophone,"DEPRECATED This dataset is comprised of tourism related businesses in British Columbia offering services in French. The source data is managed and compiled by the Société de développement économique Colombie-Britannique. The types of services include tourist accommodations, restaurants, pubs and bar"
Bathymetric Maps,Knowledge Management,Access Only,file,KML MULTIPLE WMS,2026-09-24,https://catalogue.data.gov.bc.ca/dataset/bathymetric-maps,The Bathymetric Maps layer is a spatial layer that enables users to visually determine which lakes have existing bathymetric maps. These lakes are ones which have had a (typically hand-drafted) hardcopy bathymetric map created for them. These maps have then been scanned and are presented in this lay
Bathymetric Maps of Surveyed Lakes,Knowledge Management,Access Only,file,KML MULTIPLE WMS,2026-09-24,https://catalogue.data.gov.bc.ca/dataset/bathymetric-maps-of-surveyed-lakes,Lakes represented in this layer are those which have georeferenced digital bathymetric (depth) data available for them. Each lake depicted in this bathymetric map layer has been digitized and georeferenced and has intelligent contour polygons created for it. These polygons depict contour depths - wi
Caribou in British Columbia Spatial View,Knowledge Management,Access Only,service,ARCGIS_REST,2026-09-02,https://catalogue.data.gov.bc.ca/dataset/caribou-in-british-columbia-spatial-view,Feature Layer showing Caribou in British Columbia for use in the [BC Caribou Web Map](https://catalogue.data.gov.bc.ca/dataset/c95424ee-009b-4ecf-b0af-c3eb1065055f)
Consolidated Wetlands – Points,Knowledge Management,Access Only,file,FGDB OTHER PDF XLSX,2026-08-11,https://catalogue.data.gov.bc.ca/dataset/consolidated-wetlands-points,"The **Consolidated Wetlands – Points** layer was created to improve access and understanding of available wetland spatial data in British Columbia (BC), Canada. This dataset brings together identified wetlands, and wetland attributes, from multiple sources improving access to wetland data and reduci"
Consolidated Wetlands – Polygons,Knowledge Management,Access Only,file,FGDB OTHER PDF XLSX,2026-08-11,https://catalogue.data.gov.bc.ca/dataset/consolidated-wetlands-polygons,"The **Consolidated Wetlands – Polygons** layer was created to improve access and understanding of available wetland spatial data in British Columbia (BC), Canada. This dataset brings together identified wetlands, and wetland attributes, from multiple sources improving access to wetland data and redu"
EAUBC Ecological Drainage Units,Knowledge Management,Access Only,file,HTML KML MULTIPLE WMS,2025-02-07,https://catalogue.data.gov.bc.ca/dataset/eaubc-ecological-drainage-units,"Ecological Drainage Units (EDU's) are nested within Freshwater Ecoregions and take into account zoogeographic, climatic, and physiographic patterns that define freshwater systems. Ecological Drainage Units represent distinct major drainage basins that contain unique assemblages of native B.C. freshw"
EAUBC Freshwater Ecoregion,Knowledge Management,Access Only,file,HTML KML MULTIPLE WMS,2025-02-07,https://catalogue.data.gov.bc.ca/dataset/eaubc-freshwater-ecoregion,"Ecological Aquatic Units of British Columbia (EAU BC) is a hierarchical classification of BC's freshwater ecosystems. EAU BC classifies freshwater systems at three spatial scales - Freshwater Ecoregions, Ecological Drainage Units, and River and Lake Ecosystems - based on measurable environmental fea"
EAUBC Lakes,Knowledge Management,Access Only,file,HTML KML MULTIPLE WMS,2025-02-07,https://catalogue.data.gov.bc.ca/dataset/eaubc-lakes,"River and Lake Ecosystem Types nest within both Ecological Drainage Units and Freshwater Ecoregions. They are therefore defined by zoogeographic, physiographic and climatic patterns but also take into account more localized physical habitat and dominant environmental processes that shape freshwater "
EAUBC Rivers,Knowledge Management,Access Only,file,HTML KML MULTIPLE WMS,2025-02-07,https://catalogue.data.gov.bc.ca/dataset/eaubc-rivers,"River and Lake Ecosystem Types nest within both Ecological Drainage Units and Freshwater Ecoregions. They are therefore defined by zoogeographic, physiographic and climatic patterns but also take into account more localized physical habitat and dominant environmental processes that shape freshwater "
PSCIS Assessments,Knowledge Management,Access Only,file,KML MULTIPLE WMS,2026-09-24,https://catalogue.data.gov.bc.ca/dataset/pscis-assessments,"Points where a fish passage assessment has been performed on a stream crossing structure. These includes culverts, bridges, fords, etc. The assessments are carried out to determine whether fish are able to migrate through the structure."
PSCIS Design Proposal,Knowledge Management,Access Only,file,KML MULTIPLE WMS,2026-09-24,https://catalogue.data.gov.bc.ca/dataset/pscis-design-proposal,"Points where a fish passage assessment has been performed on a stream crossing structure and found to be a failure. Design points have been identified as a priority for remediation based on a variety of potential criteria: quality of habitat upstream, quantity of fish habitat upstream, number and im"
PSCIS Habitat Confirmations,Knowledge Management,Access Only,file,KML MULTIPLE WMS,2026-09-24,https://catalogue.data.gov.bc.ca/dataset/pscis-habitat-confirmations,"Points where an evaluation of the fish habitat up and downstream of a road crossing have been carried out. Phase 2 of 4 in the Fish Passage Workflow, Habitat Confirmations are done at sites where the crossing structure is known to be a failure. The Habitat Confirmation is performed to ensure that th"
PSCIS Remediation,Knowledge Management,Access Only,file,KML MULTIPLE WMS,2026-09-24,https://catalogue.data.gov.bc.ca/dataset/pscis-remediation,Points where a barrier to fish passage has been rectified or remediated. This is the third phase in the process and can only follow after 1. An assessment has been performed on a stream crossing structure and has found that structure to be a barrier to fish passage. 2. The site has been identified a
"Predictive Ecosystem Mapping (PEM) Detailed Polygons with Short Attribute Table - 50,000 Spatial View",Knowledge Management,Access Only,file,FGDB,2020-09-14,https://catalogue.data.gov.bc.ca/dataset/predictive-ecosystem-mapping-pem-detailed-polygons-with-short-attribute-table-50-000-spatial-view,"This dataset is not currently available in the BCGW but may be downloaded in geodatabase format. Please refer to: Terrestrial Ecosystem Information (TEI) Data Distribution Packages PEM_50K contains 1 to 50,000 PEM polygons with key and amalgamated (concatenated) attributes derived from the Resource "
"Predictive Ecosystem Mapping (PEM) Detailed Polygons with Short Attribute Table -20,000 Spatial View",Knowledge Management,Access Only,file,FGDB,2022-09-29,https://catalogue.data.gov.bc.ca/dataset/predictive-ecosystem-mapping-pem-detailed-polygons-with-short-attribute-table-20-000-spatial-view,"This dataset is not currently available in the BCGW but may be downloaded in geodatabase format. Please refer to: Terrestrial Ecosystem Information (TEI) Data Distribution Packages. PEM_20K contains 1 to 20,000 PEM polygons with key and amalgamated (concatenated) attributes derived from the Resource"
Provincial Fish Stocking Reports,Knowledge Management,Access Only,service,MULTIPLE,2026-09-24,https://catalogue.data.gov.bc.ca/dataset/provincial-fish-stocking-reports,"Each year, hundreds of lakes and rivers are stocked throughout BC. This data set contains both historical and current stocking record information, from 1900-present."
Terrestrial Ecosystem Information Project Scanned Map Boundary,Knowledge Management,Access Only,file,KML MULTIPLE WMS,2023-06-29,https://catalogue.data.gov.bc.ca/dataset/terrestrial-ecosystem-information-project-scanned-map-boundary,"STE_PRJ_SCANNED_MAP_BNDRY_SVW includes an index of the mapsheet grid location of Soils, Terrain, and Ecosystems projects. These maps are intended for on-screen viewing or printing. The majority of the maps have been geo-referenced. Project mapping may not cover the whole map grid area. Some maps are"
Wetland and Riparian Potential – Lower Fraser Valley,Knowledge Management,Access Only,file,FGDB OTHER PDF,2026-08-11,https://catalogue.data.gov.bc.ca/dataset/wetland-and-riparian-potential-lower-fraser-valley,The **Wetland and Riparian Potential – Lower Fraser Valley** dataset is a region wide assessment of wetland and riparian potential across British Columbia’s Lower Mainland summarized within a multi-scale [H3 hexagonal grid framework](https://h3geo.org). The mapping can be used to reveal areas most c
White Sturgeon Mortality Locations - Public,Knowledge Management,Access Only,service,ARCGIS_REST,2023-09-14,https://catalogue.data.gov.bc.ca/dataset/white-sturgeon-mortality-locations-public,This dataset is a feature layer view hosted on ArcGIS Online of sturgeon mortality locations submitted through a Survey123 form. The data enables regional biologists to better understand the status of the sturgeon population and collaborate with integral partners and the public.
Wildlife Habitat Features - FRPA - Kootenay Boundary Region - Masked - Publicly Available,Knowledge Management,Access Only,service,MULTIPLE,2026-09-23,https://catalogue.data.gov.bc.ca/dataset/wildlife-habitat-features-frpa-kootenay-boundary-region-masked-publicly-available,A “wildlife habitat feature” is defined as a feature used by one or more wildlife species to meet their life history requirements. This spatial view contains the Province of British Columbia’s wildlife habitat feature observations submitted as a requirement under the Forest and Range Practices Act f
Wildlife Habitat Features - FRPA - Kootenay Boundary Region - Publicly Available,Knowledge Management,Access Only,file,KML MULTIPLE WMS,2026-09-23,https://catalogue.data.gov.bc.ca/dataset/wildlife-habitat-features-frpa-kootenay-boundary-region-publicly-available,A “wildlife habitat feature” is defined as a feature used by one or more wildlife species to meet their life history requirements. This dataset is specific to publicly available Wildlife Habitat Features for the Kootenay Boundary Region that are applicable to the Kootenay Boundary Wildlife Habitat F
Wildlife Habitat Features - Incidental Observations - Publicly Available,Knowledge Management,Access Only,file,KML MULTIPLE WMS,2026-09-23,https://catalogue.data.gov.bc.ca/dataset/wildlife-habitat-features-incidental-observations-publicly-available,A “wildlife habitat feature” is defined as a feature used by one or more wildlife species to meet their life history requirements. An incidental observation is a recorded detection of a species or its sign that was not a part of a formalized survey. This can occur when a non-focal species is observe
Wildlife Habitat Features - Survey Observations - Publicly Available,Knowledge Management,Access Only,file,KML MULTIPLE WMS,2026-09-23,https://catalogue.data.gov.bc.ca/dataset/wildlife-habitat-features-survey-observations-publicly-available,A “wildlife habitat feature” is defined as a feature used by one or more wildlife species to meet their life history requirements. A wildlife survey observation is an encounter with the focal species (taxa) or its sign. An observation is made when a surveyor makes a visit to a Design Component on a 
Wildlife Species Inventory - Incidental Observations - All,Knowledge Management,Access Only,service,MULTIPLE,2026-09-23,https://catalogue.data.gov.bc.ca/dataset/wildlife-species-inventory-incidental-observations-all,"An incidental observation is a recorded detection of a species or its sign that was not a part of a formalized survey. This can occur when a non-focal species is observed during a survey for another species, outside of the study area, or as a chance observation made at random. Observations may inclu"
Wildlife Species Inventory - Incidental Observations - Publicly Available,Knowledge Management,Access Only,file,KML MULTIPLE WMS,2026-09-23,https://catalogue.data.gov.bc.ca/dataset/wildlife-species-inventory-incidental-observations-publicly-available,"An incidental observation is a recorded detection of a species or its sign that was not a part of a formalized survey. This can occur when a non-focal species is observed during a survey for another species, outside of the study area, or as a chance observation made at random. Observations may inclu"
Wildlife Species Inventory - Masked Survey Observations - Publicly Available,Knowledge Management,Access Only,service,MULTIPLE,2026-09-23,https://catalogue.data.gov.bc.ca/dataset/wildlife-species-inventory-masked-survey-observations-publicly-available,"A wildlife observation is made when a surveyor makes a visit to a Design Component (block, transect, sample station) on a specific date at a specific time and enumerates the target species or its sign. Observations may result from various survey methodologies, such as stratified random block, distan"
Wildlife Species Inventory - Results by Area - All,Knowledge Management,Access Only,file,KML MULTIPLE WMS,2025-07-09,https://catalogue.data.gov.bc.ca/dataset/wildlife-species-inventory-results-by-area-all,"""Results by Area"" data are summaries of observation data in specific geographic areas. This dataset consists of polygons outlining the geographic areas. Each polygon has a population count, or age-class ratios, or sex ratios for species."
Wildlife Species Inventory - Survey Observations - All,Knowledge Management,Access Only,service,MULTIPLE,2026-09-23,https://catalogue.data.gov.bc.ca/dataset/wildlife-species-inventory-survey-observations-all,A wildlife observation is an encounter with the focal species (taxa) or its sign. An observation is made when a surveyor makes a visit to a sampling location (Design Component) on a specific date at a specific time. Each observation may be geo-referenced in itself or simply by association with a spe
Wildlife Species Inventory - Survey Observations - Publicly Available,Knowledge Management,Access Only,file,KML MULTIPLE WMS,2026-09-23,https://catalogue.data.gov.bc.ca/dataset/wildlife-species-inventory-survey-observations-publicly-available,A wildlife observation is an encounter with the focal species (taxa) or its sign. An observation is made when a surveyor makes a visit to a Design Component on a specific date at a specific time. Each observation may be geo-referenced in itself or simply by association with a specific Design Compone
Wildlife Species Inventory - Survey Observations - Ungulates - All,Knowledge Management,Access Only,service,MULTIPLE,2026-09-23,https://catalogue.data.gov.bc.ca/dataset/wildlife-species-inventory-survey-observations-ungulates-all,"This dataset contains the Province of British Columbia’s ungulate survey observations originating from the Species Inventory (SPI) database, including both secured and publicly available point locations. An observation is made when a surveyor makes a visit to a Design Component (block, transect, sam"
Wildlife Species Inventory - Survey Observations - Ungulates - Publicly Available,Knowledge Management,Access Only,file,KML MULTIPLE WMS,2026-09-23,https://catalogue.data.gov.bc.ca/dataset/wildlife-species-inventory-survey-observations-ungulates-publicly-available,"This dataset contains the Province of British Columbia’s ungulate survey observations originating from the Species Inventory (SPI) database, including both secured and publicly available point locations. An observation is made when a surveyor makes a visit to a Design Component (block, transect, sam"
Wildlife Species Inventory - Survey Summary - Publicly Available,Knowledge Management,Access Only,service,MULTIPLE,2026-09-23,https://catalogue.data.gov.bc.ca/dataset/wildlife-species-inventory-survey-summary-publicly-available,This spatial view contains the Province of British Columbia’s publicly available summary data from wildlife surveys stored in the Species Inventory (SPI) database. Survey Summary data are summaries of observation data in specific geographic areas. This dataset consists of polygons outlining the geog
Wildlife Species Inventory - Telemetry Points - All,Knowledge Management,Access Only,service,MULTIPLE,2026-08-05,https://catalogue.data.gov.bc.ca/dataset/wildlife-species-inventory-telemetry-points-all,"Radio-telemetry of wildlife may be defined as the transmission of information from a transmitter on a free-ranging wild animal to a receiver. Wildlife-related telemetry is also known as radio tagging, radio-tracking. Advances in the field of wildlife telemetry have made it possible to acquire detail"
Wildlife Species Inventory - Telemetry Points - Publicly Available,Knowledge Management,Access Only,file,KML MULTIPLE WMS,2026-08-05,https://catalogue.data.gov.bc.ca/dataset/wildlife-species-inventory-telemetry-points-publicly-available,"Radio-telemetry of wildlife may be defined as the transmission of information from a transmitter on a free-ranging wild animal to a receiver. Wildlife-related telemetry is also known as radio tagging, radio-tracking. Advances in the field of wildlife telemetry have made it possible to acquire detail"
Wildlife Species Inventory Study Areas - All,Knowledge Management,Access Only,service,MULTIPLE,2025-07-09,https://catalogue.data.gov.bc.ca/dataset/wildlife-species-inventory-study-areas-all,This dataset consists of polygons outlining study areas. Study areas are intended to be areas within inventory projects where sampling actually takes place to make conclusions about the larger project area. Study areas are more fully defined here: http://www.for.gov.bc.ca/hts/risc/pubs/tebiodiv/sif/
Williston Wetland Explorer Tool (WWET) Data,Knowledge Management,Access Only,service,ARCGIS_REST,2026-09-02,https://catalogue.data.gov.bc.ca/dataset/williston-wetland-explorer-tool-wwet-data,Spatial data layers distributed via the [Williston Wetland Explorer Tool (WWET).] [Williston Wetland Explorer Tool (WWET).]: https://catalogue.data.gov.bc.ca/dataset/1d174499-72af-41d5-ad5e-19460b1e6fb1 The Fish and Wildlife Compensation Program (FWCP) Peace supported program was a multi-year initia
Cariboo Consolidated Roads,Land Use Planning and Cumulative Effects - Cariboo,Access Only,file,FGDB,2026-09-02,https://catalogue.data.gov.bc.ca/dataset/cariboo-consolidated-roads,This dataset contains roads in the Cariboo Natural Resource Region that have undergone an ortho-verification process. This process entailed a manual review of every road segment against high resolution satellite imagery to determine a) if the road exists or not and b) if the road linework is in the 
Watershed Condition - Cariboo & Thompson Okanagan Region Cumulative Effects,Land Use Planning and Cumulative Effects - Cariboo,Access Only,file,FGDB,2026-03-19,https://catalogue.data.gov.bc.ca/dataset/watershed-condition-cariboo-thompson-okanagan-region-cumulative-effects,"The Cumulative Effects Framework (CEF) Watershed Condition Assessment provides a coarse-level, GIS-based approach for evaluating watershed condition. Assessment results represent the modelled condition of watersheds derived from spatial analysis, rather than field-based measurements. The results are"
Historic Commercial Recreation Sites - SIR and Omineca Regions,Lands Branch,Access Only,service,MULTIPLE,2021-12-10,https://catalogue.data.gov.bc.ca/dataset/historic-commercial-recreation-sites-sir-and-omineca-regions,Historic Commercial Recreation Sites for the Southern Interior and Omineca Regions managed by the Ministry of Tourism. This data is not currently maintained and was last updated in 2006.
Historic Commercial Recreation Sites within Tenure/Application Boundaries - SIR and Omineca Regions,Lands Branch,Access Only,service,MULTIPLE,2021-12-10,https://catalogue.data.gov.bc.ca/dataset/historic-commercial-recreation-sites-within-tenure-application-boundaries-sir-and-omineca-regions,"Historic Commercial Recreation Sites within Tenure and Application boundaries for the Southern Interior and Omineca Regions. These are polygon sites withing the larger extensive use boundary. Eg. Zone 1, Zone 2, Snowmobile Zone, Winter Area, Summer Area, etc. This data is not currently maintained an"
Historic Commercial Recreation Tenure & Application Boundaries - SIR and Omineca Regions,Lands Branch,Access Only,service,MULTIPLE,2021-12-10,https://catalogue.data.gov.bc.ca/dataset/historic-commercial-recreation-tenure-application-boundaries-sir-and-omineca-regions,Historic Commercial Recreation Tenures and Applications for the Southern Interior and Omineca Regions. These are Land Act licences/leases and applications for licences/leases. This data is not currently maintained and was last updated in 2006.
Land Act Transfer of Administration/Control (MTO),Lands Branch,Access Only,file,KML ORACLE_SDE WMS,2026-09-24,https://catalogue.data.gov.bc.ca/dataset/land-act-transfer-of-administration-control-mto-,"This featureclass object is only accessible to select BC Government users. For the purposes of the Mineral Titles Online application, this dataset displays the transfers of land (administration/control) from the Provincial Government to the Federal Government. For the public interest, the administra"
"Surveyed Railways, Highways and Roads",Lands Branch,Access Only,file,KML MULTIPLE WMS,2026-09-24,https://catalogue.data.gov.bc.ca/dataset/surveyed-railways-highways-and-roads,"This geographic dataset is made up of polygons which depict the surveyed boundaries of Railways, Highways and Roads over Crown land. The shapes are constructed from official survey plans and are maintained in the Crown Land Registry (Tantalis). Attributes include the survey plan number."
TANTALIS -  BC Assessment Authority Assessment Areas,Lands Branch,Access Only,file,KML MULTIPLE WMS,2026-09-24,https://catalogue.data.gov.bc.ca/dataset/tantalis-bc-assessment-authority-assessment-areas,TA_ASSESSMENT_AREAS_SVW contains the spatial representation (polygon) of the current jurisdictional extent for each BC Assessment office. The view was created to provide a simplified view of this data from the administrative boundaries information in the Tantalis operational system. These administra
TANTALIS - Acquisitions,Lands Branch,Access Only,service,MULTIPLE,2026-09-24,https://catalogue.data.gov.bc.ca/dataset/tantalis-acquisitions,This feature is a parcel of land procured by the Crown. It results in title or administration being transferred from the former owner to the Crown. Tantalis is an information system designed specifically for the needs of the complex workings of Crown Land Registry and to provide automated support fo
TANTALIS - Administrative Areas,Lands Branch,Access Only,service,MULTIPLE,2026-09-24,https://catalogue.data.gov.bc.ca/dataset/tantalis-administrative-areas,"Administration areas - this is the SDE layer from which a number of layers are extracted including: BC Land Assessment Areas; Incorporated cities, districts, municipalities, towns, or villages; Indian Reserves; BC Land Districts; BC Land Management Regions; BC Land Title Districts; Parks, Reserves o"
TANTALIS - Land Claim Settlement Areas,Lands Branch,Access Only,file,KML ORACLE_SDE WMS,2026-09-24,https://catalogue.data.gov.bc.ca/dataset/tantalis-land-claim-settlement-areas,TA_LAND_CLAIM_STLMNT_AREAS_SVW contains the spatial representation (polygon) of the current extent of an area of land that is governed and owned by the First Nation in fee simple pursuant to the provisions of the applicable treaty. The view was created to provide a simplified view of this data from 
TANTALIS - Land Management Regions,Lands Branch,Access Only,file,KML MULTIPLE WMS,2026-09-24,https://catalogue.data.gov.bc.ca/dataset/tantalis-land-management-regions,TA_LAND_MGMT_REGIONS_SVW contains the spatial representation (polygon) of the current extent of the administrative areas defined under the Land Act for the purposes of administering land transactions. The view was created to provide a simplified view of this data from the administrative boundaries i
TANTALIS - Land Title Districts,Lands Branch,Access Only,file,KML MULTIPLE WMS,2026-09-24,https://catalogue.data.gov.bc.ca/dataset/tantalis-land-title-districts,TA_LAND_TITLE_DISTRICTS_SVW contains the spatial representation (polygon) of the current extent of the administrative areas defined under Section 5 of the Land Title Act. The view was created to provide a simplified view of this data from the administrative boundaries information in the Tantalis ope
TANTALIS - Reversions,Lands Branch,Access Only,service,MULTIPLE,2026-09-24,https://catalogue.data.gov.bc.ca/dataset/tantalis-reversions,This feature is a forfeiture of land back to the Crown due to nonpayment of taxes. A forfeiture can be redeemed by the owner or stay reverted to the Crown. Tantalis is an information system designed specifically for the needs of the complex workings of Crown Land Registry and to provide automated su
TANTALIS - Surface Ownership,Lands Branch,Access Only,file,KML MULTIPLE WMS,2026-09-24,https://catalogue.data.gov.bc.ca/dataset/tantalis-surface-ownership,"""The spatial view TA_SURFACE_OWNERSHIP_SVW is a mutli-part polygon feature, that indicates whether the surface rights of a particular active survey parcel (either primary or subdivision) are currently owned by the crown or have been granted to a private interest. The data is provided with two non-st"
TANTALIS - Surveyed Wellsites,Lands Branch,Access Only,file,KML MULTIPLE WMS,2026-09-24,https://catalogue.data.gov.bc.ca/dataset/tantalis-surveyed-wellsites,Surveyed wellsites under the Petroleum and Natural Gas Act or the Peace River Block in the Dominion Township survey system grid. Tantalis is an information system designed specifically for the needs of the complex workings of Crown Land Registry and to provide automated support for all aspects of Cr
TANTALIS - Temporary Railway Land Grant Sublot,Lands Branch,Access Only,service,MULTIPLE,2026-09-24,https://catalogue.data.gov.bc.ca/dataset/tantalis-temporary-railway-land-grant-sublot,This feature is a parcel usually surveyed under the Land Title Act that subdivides a Railway Land Grant Lot that was surveyed under the Land Act. These sub lots vary greatly in size and can be many thousands of acres. Tantalis is an information system designed specifically for the needs of the compl
TANTALIS - Temporary Transportation,Lands Branch,Access Only,service,MULTIPLE,2026-09-24,https://catalogue.data.gov.bc.ca/dataset/tantalis-temporary-transportation,"A temporary layer containing CLRS surveyed highways, railways and road parcels in the old CDMS format. Transportation layer from which layers such as transportation corridors are extracted.Tantalis is an information system designed specifically for the needs of the complex workings of Crown Land Reg"
2025 BC Cannabis Use Survey Data Tables,Liquor and Cannabis Regulation,Access Only,file,XLSX,2026-02-19,https://catalogue.data.gov.bc.ca/dataset/2025-bc-cannabis-use-survey-data-tables,"Aggregate-level data tables from the 2025 BC Cannabis Use Survey. The 2025 survey is the third iteration of the BC Cannabis Use Survey, following surveys in 2018 and 2021. The survey includes responses from people across B.C. on cannabis-related behaviours and perceptions, such as the prevalence of "
Municipal government financial statistics,Local Government Infrastructure and Finance,Access Only,service,MULTIPLE,2021-12-10,https://catalogue.data.gov.bc.ca/dataset/municipal-government-financial-statistics,"This dataset contains data provided to the provincial government by municipal governments in annual financial reporting forms. While the provincial government does perform checks of the data, we do not guarantee its accuracy or validity. Users should contact municipalities directly if confirmation i"
Regional district financial statistics,Local Government Infrastructure and Finance,Access Only,service,MULTIPLE,2021-12-10,https://catalogue.data.gov.bc.ca/dataset/regional-district-financial-statistics,"This dataset contains data by regional districts in annual financial reporting forms. While checks of the data are performed, we do not guarantee its accuracy or validity. Users should contact regional districts directly if confirmation is required. Beginning in 2008, the schedules have been amended"
Permitted Mine Areas - Major Mine,Major Mines Office,Access Only,file,KML MULTIPLE OTHER WMS,2026-09-24,https://catalogue.data.gov.bc.ca/dataset/permitted-mine-areas-major-mine,"The permitted mine spatial dataset represents areas where mining activity has been approved and a permit has been issued under the Mines Act. The dataset represents ""major mines"" as described as per Part 10.1.2 of the Health, Safety and Reclamation Code for Mines in British Columbia. __The Major Min"
MTA - Application,Mineral Titles,Access Only,service,MULTIPLE,2026-09-24,https://catalogue.data.gov.bc.ca/dataset/mta-application,This is tabular data used by Mineral Titles Online (MTO) to assign an application ID to mineral or placer claim application.
MTA - Application Event,Mineral Titles,Access Only,service,MULTIPLE,2026-09-24,https://catalogue.data.gov.bc.ca/dataset/mta-application-event,This is tabular data used by Mineral Titles Online (MTO) to track status events of mineral or placer claim applications.
MTA - Crown Granted Mineral Claims,Mineral Titles,Access Only,file,KML MULTIPLE WMS,2026-09-24,https://catalogue.data.gov.bc.ca/dataset/mta-crown-granted-mineral-claims,This dataset represents the spatial location of crown granted 2 post mineral claims. The crown land registry (Tantalis) houses the information about crown granted 2 post mineral claims. A Crown granted 2 post mineral claim (Crown Grant) refers to a mineral claim issued under one of the predecessor M
MTA - Mineral Titles Person Organization MVW,Mineral Titles,Access Only,service,MULTIPLE,2026-09-24,https://catalogue.data.gov.bc.ca/dataset/mta-mineral-titles-person-organization-mvw,"Holds information about Mineral Titles clients (including client number, name, and contact information)."
MTA – Application Status Code,Mineral Titles,Access Only,service,MULTIPLE,2026-09-24,https://catalogue.data.gov.bc.ca/dataset/mta-application-status-code,This is tabular data used by Mineral Titles Online (MTO) to describe the application statuses assigned to mineral of placer claim applications.
Recreational Hand Panning Reserve Web App Popup Table,Mineral Titles,Access Only,service,ARCGIS_REST OTHER,2023-07-26,https://catalogue.data.gov.bc.ca/dataset/recreational-hand-panning-reserve-web-app-popup-table,This data is intended to be viewed within popups in the Recreational Hand Panning Web App (https://experience.arcgis.com/experience/52ba967c286c4ecf9a200c4b7b9e1b1b). Information in this table was generated with Hand Panning Reserves selected from MTA - Mineral Reserve Sites Business View (https://c
Regional Coal Agreements - First Nations,Mineral Titles,Access Only,file,KML MULTIPLE WMS,2026-09-24,https://catalogue.data.gov.bc.ca/dataset/regional-coal-agreements-first-nations,A geographic layer containing data specific to First Nations Regional Coal Agreements areas in the northeast of British Columbia. 
BC Controlled Recreation Areas,Mountain Resorts Branch,Access Only,file,KML MULTIPLE OTHER WMS,2026-08-31,https://catalogue.data.gov.bc.ca/dataset/bc-controlled-recreation-areas,"The boundaries identified in this layer represent the outermost operating boundary for existing ski areas, as well as proposed boundaries for new and expanded ski resort development on Crown Land. These areas are authorized on behalf of Provincial Government by the Minister responsible for the Land "
Resort Timber Administration Act (RTAA) designated areas,Mountain Resorts Branch,Access Only,file,KML MULTIPLE WMS,2026-01-30,https://catalogue.data.gov.bc.ca/dataset/resort-timber-administration-act-rtaa-designated-areas,This dataset identifies the polygons which are part of the Resort Timber Administration Act area. These areas were designated by Order-in-Council. Timber administration within the designated areas under the RTAA is conducted by the Mountain Resorts Branch.
Unidentified Human Remains BC,Office of the Chief Coroner,Access Only,file,SHP,2019-02-07,https://catalogue.data.gov.bc.ca/dataset/unidentified-human-remains-bc,"This dataset contains information on currently active Unidentified Human Remains (UHR) investigations within the province of BC. Locations represent the approximate area where the UHR was found. Each data point contains temporal information on that case, including (where known) date found, age, heig"
AIV Sediment Data,Office of the Chief Veterinarian,Access Only,service,ARCGIS_REST,2026-07-30,https://catalogue.data.gov.bc.ca/dataset/aiv-sediment-data,"The BC Wildlife AI Surveillance Program conducts active environmental surveillance, particularly focusing on wetlands known to have high yields of AIV. This effort helps to capture the virus in wild bird populations during their fall migration and overwintering period. The time from when a sediment "
HPAI Detections in BC Wildlife,Office of the Chief Veterinarian,Access Only,service,ARCGIS_REST OTHER,2023-11-23,https://catalogue.data.gov.bc.ca/dataset/hpai-detections-in-bc-wildlife,This dataset contains surveillance information for wildlife in British Columbia that have been tested and confirmed to carry the highly pathogenic avian influenza virus of the H5 subtype. Fields include: Species_Group - Bird or Mammal Species - Animal species Y_Latitude - Latitude X_Longitude - Long
Transportation Network Services - Operations Zones,Passenger Transportation,Access Only,file,KML ORACLE_SDE WMS,2023-06-29,https://catalogue.data.gov.bc.ca/dataset/transportation-network-services-operations-zones,"This spatial layer contains polygons representing Transportation Network Services Zones in the Province of British Columbia. In a Transportation Network Service (TNS), or ride-hail, a passenger hires and pays for travel in a licenced passenger directed vehicle (PDV) through a website or mobile appli"
FrontCounter BC Discovery Tool,Permitting Authorizations and Statutory Decision Making Solutions,Access Only,file,KML,2023-04-05,https://catalogue.data.gov.bc.ca/dataset/frontcounter-bc-discovery-tool,The FrontCounter BC Discovery Tool is designed to help clients view an area of land within the Province of British Columbia. It provides basic information on how the land is currently being used and how it is used relative to your proposed application area.
Cooperative Housing Units (2019),Planning and Land Use Management,Access Only,file,XLS,2019-07-17,https://catalogue.data.gov.bc.ca/dataset/cooperative-housing-units-2019-,"This dataset contains the total number of units in Cooperative housing in BC, summarized by Cooperative name, number of bedrooms/unit, and location."
"Custom Census Reports for 2021, 2016, 2011, 2006 (supports HNR Method – Components A and C)",Planning and Land Use Management,Access Only,file,OTHER XLSX,2024-07-23,https://catalogue.data.gov.bc.ca/dataset/custom-census-reports-for-2021-2016-2011-2006-,2021 Data Now Available in Beyond 20/20. Please note that there is data discrepancies between Community Profile and this data set - please read the word document. Beyond 20/20 can be downloaded here: https://www.statcan.gc.ca/eng/public/beyond20-20 This dataset contains custom Census information fro
HNR Method - Component A: Extreme Core Housing Need (Number of Owner Households with a Mortgage),Planning and Land Use Management,Access Only,file,XLSX,2024-07-08,https://catalogue.data.gov.bc.ca/dataset/hnr-method-component-a-extreme-core-housing-need-number-of-owner-households-with-a-mortgage-,"<strong>For the HNR Method - Component A: Extreme Core Housing Need (number of owner households with a mortgage in ECHN)</strong> <p> When completing the HNR Method, Component A aims to use Census data for the applicable municipality or electoral area from the four most recent census reports. Howeve"
HNR Method - Component F: The “Demand Factor”,Planning and Land Use Management,Access Only,file,XLSX,2024-07-08,https://catalogue.data.gov.bc.ca/dataset/demand-factor,"<strong>For the HNR Method - Component F: The “Demand Factor” </strong><p> When completing the HNR Method, Component F uses a demand factor, based on a ratio of housing price to housing density for each applicable municipality within a region. This calculates the number of housing units that reflect"
New Homes Registry (2016-2024),Planning and Land Use Management,Access Only,file,XLSX,2025-12-09,https://catalogue.data.gov.bc.ca/dataset/new-homes-registry-2016-2024-,This dataset contains information from BC Housing's New Homes Registry. 
Non-market Housing (2025),Planning and Land Use Management,Access Only,file,XLSX,2026-01-28,https://catalogue.data.gov.bc.ca/dataset/non-market-housing-2025-,"This dataset includes information on the number of units in each local government of: * subsidized housing of various types, including transitional supported and assisted living, independent social housing, and units secured through rent supplements; and * housing for people at risk of homelessness "
Adult Education Institutions,Post-Secondary Programs Branch,Access Only,file,CSV XLSX,2024-02-08,https://catalogue.data.gov.bc.ca/dataset/adult-education-institutions,"This out-of-date dataset lists adult education programs offered at public post-secondary institutions and school district education centres in 2018. The data is accurate as of February 2018, and is not maintained or updated. Adult education programs are offered tuition-free for domestic students at "
Ministry Contract Awards - Province of British Columbia,Procurement Services,Access Only,file,CSV,2026-04-01,https://catalogue.data.gov.bc.ca/dataset/ministry-contract-awards-province-of-british-columbia,"B.C. government ministries post contract award summaries for each competitive opportunity published on BC Bid. This changed from optional to core policy effective July 1, 2014. Award summaries are posted after the contract is signed. Contract award summaries include the successful supplier name, loc"
Speculation Tax Regions,Property Taxation,Access Only,file,CSV,2024-02-29,https://catalogue.data.gov.bc.ca/dataset/speculation-tax-regions,The speculation and vacancy tax is designed to prevent housing speculation and help turn vacant and underutilized properties into homes for people who live and work in the province. All residential property owners in the designated taxable regions will have to complete an annual declaration to claim
Family Service Providers,Provincial Interface and Partnerships Team,Access Only,file,KML MULTIPLE WMS,2026-09-24,https://catalogue.data.gov.bc.ca/dataset/family-service-providers,"RETIRED - Child and family services provided by MCFD, Ministry of Education, Health Authorities, and Public Health Agency This data-set is scheduled for retirement as of January 7th 2017. Please direct any questions/concerns to Data@gov.bc.ca."
Old Growth Technical Advisory Panel (TAP) - Ancient Forest,Provincial Stewardship Strategies and Planning,Access Only,file,KML MULTIPLE OTHER PDF WMS,2026-06-19,https://catalogue.data.gov.bc.ca/dataset/old-growth-technical-advisory-panel-tap-ancient-forest,"Note that for the current view of areas meeting the Ancient Forest deferral criteria please go to [Priority Old Forest Deferral Areas - Current View](https://catalogue.data.gov.bc.ca/dataset/f257ca4a-0c33-4eb2-9da8-21dff4482f58) and use the ANCIENT_FOREST_IND spatial data field. The ""Old Growth Tech"
Old Growth Technical Advisory Panel (TAP) - Big Trees,Provincial Stewardship Strategies and Planning,Access Only,file,KML MULTIPLE OTHER PDF WMS,2026-06-19,https://catalogue.data.gov.bc.ca/dataset/old-growth-technical-advisory-panel-tap-big-trees,This dataset defined by the Old Growth Technical Advisory Panel (TAP) depicts a selection of the remaining old forest with the largest trees in each ecosystem as described by tree height and diameter. For more information please consult the [Old Growth Technical Advisory Panel Report](https://www2.g
Old Growth Technical Advisory Panel (TAP) - Forest Assessment Land Base,Provincial Stewardship Strategies and Planning,Access Only,service,MULTIPLE OTHER PDF,2025-03-06,https://catalogue.data.gov.bc.ca/dataset/old-growth-technical-advisory-panel-tap-forest-assessment-land-base,"This dataset reflects the forested area assessed by the Old Growth Technical Advisory Panel (TAP). It contains a modified version of the provincial Vegetation Inventory (Vegetation Composite Polygons Rank 1 layer, aka VRI) forest management land base (FMLB). The modifications include such things as:"
Old Growth Technical Advisory Panel (TAP) - Forest Seral Stage,Provincial Stewardship Strategies and Planning,Access Only,service,MULTIPLE OTHER PDF,2026-06-19,https://catalogue.data.gov.bc.ca/dataset/old-growth-technical-advisory-panel-tap-forest-seral-stage,This dataset defined by the Old Growth Technical Advisory Panel (TAP) depicts forest seral stage within the forested area assessed by the TAP. Seral stage was defined using the Biodiversity Guidebook (1995) and version 12 of the Biogeoclimatic Ecosystem Classification (BEC) Zone/Subzone/Variant/Phas
Old Growth Technical Advisory Panel (TAP) - Intact Watersheds,Provincial Stewardship Strategies and Planning,Access Only,service,MULTIPLE OTHER PDF,2025-03-06,https://catalogue.data.gov.bc.ca/dataset/old-growth-technical-advisory-panel-tap-intact-watersheds,This dataset defined by the Old Growth Technical Advisory Panel (TAP) depicts <i>relative</i> watershed intactness based on the amount of logging and roads in each watershed. For more information please consult the [Old Growth Technical Advisory Panel Report](https://www2.gov.bc.ca/assets/gov/farmin
Old Growth Technical Advisory Panel (TAP) - Old Forests,Provincial Stewardship Strategies and Planning,Access Only,file,ARCGIS_REST KML MULTIPLE OTHER PDF WMS,2026-03-10,https://catalogue.data.gov.bc.ca/dataset/old-growth-technical-advisory-panel-tap-old-forests,This dataset defined by the Old Growth Technical Advisory Panel (TAP) depicts all forest the TAP identified as old growth within the assessed land base. This dataset also depicts the relative tree size within the identified old growth area by dividing old growth within each ecosystem into five equal
Old Growth Technical Advisory Panel (TAP) - Priority Big Trees,Provincial Stewardship Strategies and Planning,Access Only,file,KML MULTIPLE OTHER PDF WMS,2026-06-19,https://catalogue.data.gov.bc.ca/dataset/old-growth-technical-advisory-panel-tap-priority-big-trees,Note that for the current view of areas meeting the the Priority Big-treed Old Growth deferral criteria please go to [Priority Old Forest Deferral Areas - Current View](https://catalogue.data.gov.bc.ca/dataset/f257ca4a-0c33-4eb2-9da8-21dff4482f58) and use the PRIORITY_BIG_TREED_OG_IND spatial data f
Old Growth Technical Advisory Panel (TAP) - Priority Deferral Areas,Provincial Stewardship Strategies and Planning,Access Only,file,KML MULTIPLE OTHER PDF WMS,2026-03-27,https://catalogue.data.gov.bc.ca/dataset/old-growth-technical-advisory-panel-tap-priority-deferral-areas,"Note that for the current view of the TAP Priority Deferral Areas please go to [TAP Priority Deferral Areas - Current View](https://catalogue.data.gov.bc.ca/dataset/f257ca4a-0c33-4eb2-9da8-21dff4482f58). The ""Old Growth Technical Advisory Panel (TAP) - Priority Deferral Areas"" dataset described here"
Old Growth Technical Advisory Panel (TAP) - Priority Deferral Areas - Current View,Provincial Stewardship Strategies and Planning,Access Only,file,ARCGIS_REST KML MULTIPLE OTHER WMS,2026-06-19,https://catalogue.data.gov.bc.ca/dataset/old-growth-technical-advisory-panel-tap-priority-deferral-areas-current-view,****Use this layer for the <u>current view</u> of the Old Growth Technical Advisory Panel (TAP) Priority Deferral Areas. It reflects updates to the original operational-scale version of the [Old Growth Technical Advisory Panel (TAP) Priority Deferral Areas](https://catalogue.data.gov.bc.ca/dataset/5
Old Growth Technical Advisory Panel (TAP) - Recruitment Forest,Provincial Stewardship Strategies and Planning,Access Only,file,ARCGIS_REST KML MULTIPLE OTHER PDF WMS,2026-09-24,https://catalogue.data.gov.bc.ca/dataset/old-growth-technical-advisory-panel-tap-recruitment-forest,This dataset defined by the Old Growth Technical Advisory Panel (TAP) depicts supplemental areas to big-treed old growth. For more information please consult the [Old Growth Technical Advisory Panel Report](https://www2.gov.bc.ca/assets/gov/farming-natural-resources-and-industry/forestry/stewardship
Old Growth Technical Advisory Panel (TAP) - Remnant Ecosystems,Provincial Stewardship Strategies and Planning,Access Only,file,KML MULTIPLE OTHER PDF WMS,2025-09-03,https://catalogue.data.gov.bc.ca/dataset/old-growth-technical-advisory-panel-tap-remnant-ecosystems,Note that for the current view of areas meeting the the Remnant Old Ecosystems deferral criteria please go to [Priority Old Forest Deferral Areas - Current View](https://catalogue.data.gov.bc.ca/dataset/f257ca4a-0c33-4eb2-9da8-21dff4482f58) and use the REMNANT_OLD_ECOSYS_IND spatial data field. The 
Old Growth Technical Advisory Panel (TAP) - SWB Woodland,Provincial Stewardship Strategies and Planning,Access Only,service,MULTIPLE OTHER PDF,2025-03-06,https://catalogue.data.gov.bc.ca/dataset/old-growth-technical-advisory-panel-tap-swb-woodland,This dataset defined by the Old Growth Technical Advisory Panel (TAP) depicts areas where any occurring old growth has a very low probability of being at-risk from forest harvesting. These areas are: higher-elevation woodland ecosystems or ecosystems that are sparsely treed. For more information ple
Invasive Alien Plant Biological Control Agent Monitoring Area,Range Branch,Access Only,file,KML MULTIPLE WMS,2026-09-24,https://catalogue.data.gov.bc.ca/dataset/invasive-alien-plant-biological-control-agent-monitoring-area,"Polygon geometry for a biological control agent monitoring area. An inspection of a biocontrol treatment to determine presence at a given location, density per plant or area, amount and type of damage per plant or area, and direction, distance, and rate of movement from release point. Includes attri"
Invasive Alien Plant Biological Control Agent Treatment Area,Range Branch,Access Only,file,KML MULTIPLE WMS,2026-09-24,https://catalogue.data.gov.bc.ca/dataset/invasive-alien-plant-biological-control-agent-treatment-area,Polygon geometry for a biological control agent treatment area. An application of a biological control. Biological control is the use of a weed's natural enemies (chiefly insects and pathogens) to reduce its population below a desired level. It can be divided into the following two approaches: inund
Invasive Alien Plant Biological Dispersal Area,Range Branch,Access Only,file,KML MULTIPLE WMS,2026-09-24,https://catalogue.data.gov.bc.ca/dataset/invasive-alien-plant-biological-dispersal-area,Polygon geometry for a biological dispersal area. A biological dispersal is an observation of a biocontrol agent that had not been released at this location. Includes attribute data for the dispersal.
Invasive Alien Plant Chemical Treatment Area,Range Branch,Access Only,file,KML MULTIPLE WMS,2026-09-24,https://catalogue.data.gov.bc.ca/dataset/invasive-alien-plant-chemical-treatment-area,Polygon geometry for a chemical treatment area. An application of a herbicide. Various herbicides are used for spot treatments of weeds in British Columbia. The herbicide selected should depend on the target weed species and environmental factors. Application rate will be dictated by the size and ac
Invasive Alien Plant Mechanical Treatment Area,Range Branch,Access Only,file,KML MULTIPLE WMS,2026-09-24,https://catalogue.data.gov.bc.ca/dataset/invasive-alien-plant-mechanical-treatment-area,Polygon geometry for a mechanical treatment area. An application of a mechanical or cultural control. Mechanical weed control employs various implements and techniques to physically disturb weeds or to interrupt their reproduction by depleting root reserves through repeated defoliation of the plant.
Invasive Alien Plant Site,Range Branch,Access Only,file,KML MULTIPLE WMS,2026-09-24,https://catalogue.data.gov.bc.ca/dataset/invasive-alien-plant-site,Polygon geometry for an invasive plant site. The polygon represents the area of the site. This is often defined by the extent of an invasive plant on the site (typically the dominant species) if a comprehensive inventory has been conducted or the polygon may be a site marker in the case where a comp
Invasive Plant Containment Area,Range Branch,Access Only,file,KML ORACLE_SDE WMS,2026-09-24,https://catalogue.data.gov.bc.ca/dataset/invasive-plant-containment-area,IAPP CONTAINMENT AREA SP is a closed polygon which delineates an invasive plant population within this established boundary where action is taken to prevent its spread beyond the polygon. Treatment within the polygon will occur for a specific invasive plant when critical thresholds are met or exceed
Natural Range Barriers - Topological,Range Branch,Access Only,file,KML MULTIPLE WMS,2026-07-23,https://catalogue.data.gov.bc.ca/dataset/natural-range-barriers-topological,"Natural Range Barriers are TOPOLOGICAL, VEGETATION &/or WATER BARRIERS. Barriers may function to ensure livestock containment within legal (Tenure) grazing boundaries. Vegetation and Water barrier data have special access restrictions. See separate Vegetation and Water metadata. "
Range Developments - Infrastructure - Lines,Range Branch,Access Only,file,KML MULTIPLE WMS,2026-07-23,https://catalogue.data.gov.bc.ca/dataset/range-developments-infrastructure-lines,"Range developments (points and lines) - infrastructure added to Crown rangeland to improve livestock management. Point and line features include: CATTLEGUARDS, CORRALS, FENCES, CABINS (strictly for the purpose of range management/rider use), CROSSINGS (eg. stock bridge, underpass), EXCLOSURES, GATES"
Range Developments - Infrastructure - Points,Range Branch,Access Only,file,KML MULTIPLE WMS,2026-07-23,https://catalogue.data.gov.bc.ca/dataset/range-developments-infrastructure-points,"Range developments (points and lines) - infrastructure added to Crown rangeland to improve livestock management. Point and line features include: CATTLEGUARDS, CORRALS, FENCES, CABINS (strictly for the purpose of range management/rider use), CROSSINGS (eg. stock bridge, underpass), EXCLOSURES, GATES"
Recreation Sites and Trail BC Region Boundaries,Recreation Sites and Trails BC,Access Only,file,FGDB KML MULTIPLE WMS,2026-03-13,https://catalogue.data.gov.bc.ca/dataset/recreation-sites-and-trail-bc-region-boundaries,The spatial representation for Recreation Regions. This data consists of Recreation Region boundaries established by the Ministry for the administration of select groupings of [Recreation Districts](https://catalogue.data.gov.bc.ca/dataset/0ad49841-a25b-4be4-b98c-9e817e94cc48). The authorizing agenc
Recreation Sites and Trails BC District Boundaries,Recreation Sites and Trails BC,Access Only,file,FGDB KML MULTIPLE WMS,2026-07-09,https://catalogue.data.gov.bc.ca/dataset/recreation-sites-and-trails-bc-district-boundaries,"The spatial representation for Recreation Districts. This data consists of Recreation District administrative boundaries established by the Ministry, within [Recreation Regions](https://catalogue.data.gov.bc.ca/dataset/919f236a-e40f-4f07-a459-f976f02b6e11). The authorizing agency is Recreation Sites"
"Recreation Sites, Reserves, and Interpretive Forests Details and Closures",Recreation Sites and Trails BC,Access Only,file,KML MULTIPLE WMS,2026-09-24,https://catalogue.data.gov.bc.ca/dataset/recreation-sites-reserves-and-interpretive-forests-details-and-closures,"The data contained within this spatial layer is an amalgamation of information for trails, Sites, Reserves, and Interpretive Forests derived from Forest Tenure Administration (FTA). The point is derived from the coordinates linked to each recreation number example ( REC1567 ). That coordinate will i"
"Recreation Sites, Reserves, and Interpretive Forests Details and Closures - Fully Attributed",Recreation Sites and Trails BC,Access Only,service,MULTIPLE,2026-09-24,https://catalogue.data.gov.bc.ca/dataset/recreation-sites-reserves-and-interpretive-forests-details-and-closures-fully-attributed,"The data contained within this spatial layer is an amalgamation of information for trails, Sites, Reserves, and Interpretive Forests derived from Forest Tenure Administration (FTA). The point is derived from the coordinates linked to each recreation number example ( REC1567 ). That coordinate will i"
Recreation Trail Heads Subset - Information Purposes Only,Recreation Sites and Trails BC,Access Only,file,KML ORACLE_SDE WMS,2026-09-24,https://catalogue.data.gov.bc.ca/dataset/recreation-trail-heads-subset-information-purposes-only,"This data set contains a small sub-set of trail heads, with minimal attribution for the purpose of displaying a select set of high value recreation trails. For access to complete listing of Recreation sites and lines please use: [Recreation Polygons WHSE_FOREST_TENURE.FTEN_RECREATION_POLY_SVW](http:"
Recreation Trails Subset - Information Purposes Only,Recreation Sites and Trails BC,Access Only,file,KML ORACLE_SDE WMS,2026-09-24,https://catalogue.data.gov.bc.ca/dataset/recreation-trails-subset-information-purposes-only,"This data set contains a small sub-set of trails, with minimal attribution for the purpose of displaying a select set of high value recreation trails. For access to complete listing of Recreation Trails and lines please use: [Recreation Polygons WHSE_FOREST_TENURE.FTEN_RECREATION_POLY_SVW](http://ca"
Recreational Opportunity Spectrum Inventory (Spatial View),Recreation Sites and Trails BC,Access Only,file,KML MULTIPLE WMS,2026-09-24,https://catalogue.data.gov.bc.ca/dataset/recreational-opportunity-spectrum-inventory-spatial-view,"The ROS Inventory characterizes and represents recreation opportunities as mixes or combinations of settings and probable experience opportunities arranged along a continuum or spectrum of ROS classes. The spectrum is set out in terms of seven ROS classes as follows: Primitive (P), Semi-primitive No"
Section 58 Recreation Orders - Lines,Recreation Sites and Trails BC,Access Only,file,KML MULTIPLE WMS,2026-09-24,https://catalogue.data.gov.bc.ca/dataset/section-58-recreation-orders-lines,This data set contains trails for Section 58 Recreation Orders. Section 58 orders are used for purposes of protecting and managing public recreation and range resources and uses that fall within Ministry mandate. They may restrict or prohibit non-recreational and recreational uses on crown land. The
Section 58 Recreation Orders - Points,Recreation Sites and Trails BC,Access Only,service,MULTIPLE,2026-09-24,https://catalogue.data.gov.bc.ca/dataset/section-58-recreation-orders-points,This data set provides infrastructure locations that aide Section 58 Recreation Order areas and trails. Section 58 orders are used for purposes of protecting and managing public recreation and range resources and uses that fall within Ministry mandate. They may restrict or prohibit non-recreational 
Section 58 Recreation Orders - Polygons,Recreation Sites and Trails BC,Access Only,file,KML MULTIPLE WMS,2026-09-24,https://catalogue.data.gov.bc.ca/dataset/section-58-recreation-orders-polygons,This data set contains areas for Section 58 Recreation Orders. Section 58 orders are used for purposes of protecting and managing public recreation and range resources and uses that fall within Ministry mandate. They may restrict or prohibit non-recreational and recreational uses on crown land. The 
100 Mile Natural Resource District 2019 Fire Salvage Blocks,Regional Operations - Cariboo,Access Only,service,ARCGIS_REST,2022-04-06,https://catalogue.data.gov.bc.ca/dataset/100-mile-natural-resource-district-2019-fire-salvage-blocks,Fire Salvage Blocks to be harvested or already harvested in 2019.
2018 Same Year Burn Severity,Regional Operations - Cariboo,Access Only,file,ZIP,2022-04-06,https://catalogue.data.gov.bc.ca/dataset/2018-same-year-burn-severity,This burn severity classification is based on the near infrared (NIR) and short wave infrared (SWIR) bands of pre- and post-fire Landsat 8 imagery. This data was created using post-fire imagery from shortly after a fire was declared out or was considered to have stopped growing in size. 
Bighorn Sheep Migration Corridors - Cariboo Region,Regional Operations - Cariboo,Access Only,service,MULTIPLE,2021-12-10,https://catalogue.data.gov.bc.ca/dataset/bighorn-sheep-migration-corridors-cariboo-region,"Migration corridors, lambing areas, staging areas, and summer range for bighorn sheep. http://apps.gov.bc.ca/pub/geometadata/metadataDetail.do?recordUID=60519&amp;amp;recordSet=ISO19115"
Cariboo Chilcotin Natural Resource District 2019 Fire Salvage Blocks,Regional Operations - Cariboo,Access Only,service,ARCGIS_REST,2022-04-06,https://catalogue.data.gov.bc.ca/dataset/cariboo-chilcotin-natural-resource-district-2019-fire-salvage-blocks,Fire Salvage Blocks to be harvested or already harvested in 2019.
Cariboo Chilcotin Natural Resource District 2019 Planting Blocks,Regional Operations - Cariboo,Access Only,service,ARCGIS_REST,2022-04-06,https://catalogue.data.gov.bc.ca/dataset/cariboo-chilcotin-natural-resource-district-2019-planting-blocks,Cariboo Chilcotin Natural Resource District 2019 Planting Blocks
DCC Fir Beetle Polygon,Regional Operations - Cariboo,Access Only,service,ARCGIS_REST,2026-02-11,https://catalogue.data.gov.bc.ca/dataset/dcc-fir-beetle-polygon,"Current year IBD Beetle Infestation (Insect Beetle Douglas Fir) polygon locations from gps helicopter survey of affected areas within the Cariboo-Chilcotin Natural Resource District (DCC). Data depicts location, severity of infestation and comments. Data fields: PolyNum - Unique ID; IBD - Insect Bee"
DCC Suppression BMUs,Regional Operations - Cariboo,Access Only,service,ARCGIS_REST,2026-02-11,https://catalogue.data.gov.bc.ca/dataset/dcc-suppression-bmus,Subset of the provincial beetle management unit zones Beetle Management Units (BMUs) for the Cariboo-Chilcotin Natural Resource District (DCC) that have a suppression strategy for IBD (Douglas Fir Beetle) for 2018. Depicts areas where licensees can enter Old Growth Management Areas (OGMAs) Licensee 
DQU SSS Area of Interest,Regional Operations - Cariboo,Access Only,service,ARCGIS_REST,2022-04-06,https://catalogue.data.gov.bc.ca/dataset/dqu-sss-area-of-interest,Areas where Small Scale Salvage (SSS) licensee have delineated as areas of interest (AOI) for potential treatment within the Quesnel Natural Resource District (DQU). On-line application link: https://governmentofbc.maps.arcgis.com/apps/MapSeries/index.html?appid=835fa2cb073e415099f4426030c107b6 
District Hundred Mile House Natural District 2019 Planting Blocks,Regional Operations - Cariboo,Access Only,service,ARCGIS_REST,2022-04-06,https://catalogue.data.gov.bc.ca/dataset/district-hundred-mile-house-natural-district-2019-planting-blocks,100 Mile House Natural Resource District 2019 Planting Blocks. 
Draft Ungulate Winter Range - Cariboo Region,Regional Operations - Cariboo,Access Only,service,MULTIPLE,2025-08-15,https://catalogue.data.gov.bc.ca/dataset/draft-ungulate-winter-range-cariboo-region,"A draft mapped area of ungulate winter range habitat within the Cariboo Region. These areas exhibit habitat characteristics that support mountain ungulate winter range classification, in most cases specific ungulates have been observed or verified to be on these sites. "
Fire Suppression Zones in Parks for the Cariboo Region,Regional Operations - Cariboo,Access Only,service,MULTIPLE,2021-12-10,https://catalogue.data.gov.bc.ca/dataset/fire-suppression-zones-in-parks-for-the-cariboo-region,Boundaries of park fire suppression zones for the Cariboo Region
Mountain Goat Winter Habitat in Parks - Cariboo Region,Regional Operations - Cariboo,Access Only,file,KML MULTIPLE WMS,2026-09-24,https://catalogue.data.gov.bc.ca/dataset/mountain-goat-winter-habitat-in-parks-cariboo-region,"Mountain goat winter habitat within existing Provincial Parks. These areas are not intended to be legalized, but are generally adjacent to proposed and/or legalized mountain goat winter range."
Quesnel Natural Resource District 2019 Fire Salvage Blocks,Regional Operations - Cariboo,Access Only,service,ARCGIS_REST,2022-04-06,https://catalogue.data.gov.bc.ca/dataset/quesnel-natural-resource-district-2019-fire-salvage-blocks,Fire Salvage Blocks to be harvested or already harvested in 2019.
Quesnel Natural Resource District 2019 Planting Blocks,Regional Operations - Cariboo,Access Only,service,ARCGIS_REST,2022-04-06,https://catalogue.data.gov.bc.ca/dataset/quesnel-natural-resource-district-2019-planting-blocks,Quesnel Natural Resource District 2019 Planting Blocks. All Blocks are within 2017 and 2018 Wildfires. 
Tourism Feature Sites for the Cariboo Region,Regional Operations - Cariboo,Access Only,service,MULTIPLE,2021-12-10,https://catalogue.data.gov.bc.ca/dataset/tourism-feature-sites-for-the-cariboo-region,Tourism use point locations of use.
Tourism Feature Trails for the Cariboo Region,Regional Operations - Cariboo,Access Only,service,MULTIPLE,2021-12-10,https://catalogue.data.gov.bc.ca/dataset/tourism-feature-trails-for-the-cariboo-region,Tourism use trails use areas
Tourism Reported Operators for the Cariboo Region,Regional Operations - Cariboo,Access Only,service,MULTIPLE,2021-12-10,https://catalogue.data.gov.bc.ca/dataset/tourism-reported-operators-for-the-cariboo-region,"Reported Tourism use identified by rough regions, showing operator within the area."
Access Management Areas - Kootenay Region,Regional Operations - Kootenay Boundary,Access Only,service,MULTIPLE,2021-12-10,https://catalogue.data.gov.bc.ca/dataset/access-management-areas-kootenay-region,Access Management Areas with restricted access for wildlife concerns such as hunting for the Kootenay Region.
Klingzut Access Management Area Mt Motor Vehicle Closed Area,Regional Operations - Northeast,Access Only,service,MULTIPLE,2021-12-10,https://catalogue.data.gov.bc.ca/dataset/klingzut-access-management-area-mt-motor-vehicle-closed-area,Klingzut Mountain Motor Vehicle Closed Area Situated in MU 7-42. Non-legal representation. For legal description go to B.C. Reg. 187/2003 - http://www.bclaws.ca/EPLibraries/bclaws_new/document/ID/freeside/23_187_2003#MapMK2010
PNCP - High Elevation Winter Range,Regional Operations - Northeast,Access Only,file,KML MULTIPLE WMS,2023-06-29,https://catalogue.data.gov.bc.ca/dataset/pncp-high-elevation-winter-range,High Elevation Winter Range (HEWR) for South Peace Northern Caribou.
Accumulative AOS in the Omineca Region,Regional Operations - Omineca,Access Only,file,SHP,2026-07-03,https://catalogue.data.gov.bc.ca/dataset/accumulative-aos-in-the-omineca-region,Multi year aerial accumulative aerial overview for spruce beetle infestations This data is used in the [Spruce Beetle Attack in the Omineca Region](https://governmentofbc.maps.arcgis.com/home/item.html?id=27707c3e6d29477386b0a55aec96fb49) application. A description of the application can be found in
Aerial Overviews of Spruce Beetle Attack in the Omineca Region,Regional Operations - Omineca,Access Only,file,SHP,2026-07-03,https://catalogue.data.gov.bc.ca/dataset/aerial-overviews-of-spruce-beetle-attack-in-the-omineca-region,High level aerial overviews of the spruce beetle infestation in the Omineca Region for the years 2013 to present. This data is used in the [Spruce Beetle Attack in the Omineca Region](https://governmentofbc.maps.arcgis.com/home/item.html?id=27707c3e6d29477386b0a55aec96fb49) application. A descriptio
Beetle Managment Units in the Omineca Region,Regional Operations - Omineca,Access Only,file,SHP,2026-07-03,https://catalogue.data.gov.bc.ca/dataset/beetle-managment-units-in-the-omineca-region,Subset of the provincial beetle management unit zones This data is used in the [Spruce Beetle Attack in the Omineca Region](https://governmentofbc.maps.arcgis.com/home/item.html?id=27707c3e6d29477386b0a55aec96fb49) application. A description of the application can be found in the following metadata 
Prince George District Road Alerts,Regional Operations - Omineca,Access Only,file,SHP,2026-07-03,https://catalogue.data.gov.bc.ca/dataset/prince-george-district-road-alerts,A visual representation of road closures and alerts in the Prince George Natural Resouce District. This data is used in the [Prince George Road Alerts](https://catalogue.data.gov.bc.ca/dataset/prince-george-district-road-alerts-web-application) web map application. A description of the application c
3 Nations BC Collaborative Stewardship Framework Boundary,Regional Operations - Skeena,Access Only,service,ARCGIS_REST,2025-03-04,https://catalogue.data.gov.bc.ca/dataset/3-nations-bc-collaborative-stewardship-framework-boundary,"The 3 Nations Society and British Columbia Collaborative Stewardship Framework (“3NBC-CSF”) is an initiative by which the Kaska, Tahltan, and Tlingit Nations have agreed with the Province of BC on the co-design and the building of shared capacity with the goal of shared management of land and resour"
North Coast Stewardship Project Boundary,Regional Operations - Skeena,Access Only,service,ARCGIS_REST,2025-03-04,https://catalogue.data.gov.bc.ca/dataset/north-coast-stewardship-project-boundary,"The North Coast Stewardship Program areas of focus include both habitat restoration projects and the longer-term, value-based work to address cumulative effects – the environmental effects of human activities, past and present – within the territories of the six participating North Coast Nations: Ki"
SSAF (Skeena East ESI) - Fish and Fish Habitat (F+FH) State of the Value (SoV) Report - 2020,Regional Operations - Skeena,Access Only,file,PDF XLSX ZIP,2025-02-27,https://catalogue.data.gov.bc.ca/dataset/ssaf-skeena-east-esi-fish-and-fish-habitat-f-fh-state-of-the-value-sov-report-2020,"A Landscape Level (also commonly known as Cumulative Effects) assessment (known as Tier 1 in SSAF terminology) of Fish and Fish Habitat including the report, methodologies, and datasets. This datasets was created collaboratively through SSAF ESI, and uses must adhere to OCAP principles."
SSAF (Skeena East ESI) - Grizzly Bear State of the Value (SoV) Report - 2020,Regional Operations - Skeena,Access Only,file,PDF XLSX ZIP,2025-02-27,https://catalogue.data.gov.bc.ca/dataset/ssaf-skeena-east-esi-grizzly-bear-state-of-the-value-sov-report-2020,"A Landscape Level (also commonly known as Cumulative Effects) assessment (known as Tier 1 in SSAF terminology) of Grizzly Bear including the report, methodologies, and datasets."
SSAF (Skeena East ESI) - Wetland State of the Value (SoV) Report - 2020,Regional Operations - Skeena,Access Only,file,PDF XLSX ZIP,2025-02-27,https://catalogue.data.gov.bc.ca/dataset/ssaf-skeena-east-esi-wetland-state-of-the-value-sov-report-2020,"A Landscape Level (also commonly known as Cumulative Effects) assessment (known as Tier 1 in SSAF terminology) of Wetlands including the report, methodologies, and datasets."
Skeena Sustainability Assessment Forum (SSAF) Boundary,Regional Operations - Skeena,Access Only,service,ARCGIS_REST,2025-04-07,https://catalogue.data.gov.bc.ca/dataset/skeena-sustainability-assessment-forum-ssaf-boundary,"The Skeena Sustainability Assessment Forum (SSAF) is a collaborative process originally involving 10 Skeena Nations and provincial agencies working together on environmental stewardship. The forum is focusing on creating data from environmental monitoring of medicinal plants, grizzly bear, fish and "
Winter Wildlife Signs and Snow Depth,Regional Operations - Skeena,Access Only,service,ARCGIS_REST,2024-01-24,https://catalogue.data.gov.bc.ca/dataset/winter-wildlife-signs-and-snow-depth,"A feature layer that contains tracks, snow depth, and other features created from the Winter Wildlife Signs and Snow Depth Survey123 form developed for winter field validation Skeena Wildlife Ecosystem Resource Model (SkWERM) as part of SSAF work."
Chilliwack District Forest Service Road Structures VIEW,Regional Operations - South Coast,Access Only,service,ARCGIS_REST,2025-03-25,https://catalogue.data.gov.bc.ca/dataset/chilliwack-district-forest-service-road-structures-view,"Chilliwack District Forest Service Road Structures including the structure ID, crossing name, last inspection date and structure type. This is a static layer downloaded from the Corporate Bridge Register database and may not reflect current conditions. Structure inspection reports for the Chilliwack"
Flood Profile Points - Fraser River,Regional Operations - South Coast,Access Only,service,MULTIPLE,2022-09-26,https://catalogue.data.gov.bc.ca/dataset/flood-profile-points-fraser-river,Estimated river elevation levels during a 200-year flood event based on a model from Northwest Hydraulic Consultants.
Flood Profile Points - Lower Fraser River,Regional Operations - South Coast,Access Only,service,MULTIPLE,2022-09-26,https://catalogue.data.gov.bc.ca/dataset/flood-profile-points-lower-fraser-river,Estimated river elevation levels during a 200-year flood event based on a model from Northwest Hydraulic Consultants.
Flood Profile Points - Upper Fraser River,Regional Operations - South Coast,Access Only,service,MULTIPLE,2022-09-26,https://catalogue.data.gov.bc.ca/dataset/flood-profile-points-upper-fraser-river,Estimated river elevation levels during a 200-year flood event based on a model from Northwest Hydraulic Consultants.
Forest Visual Quality - Data - Howe Sound Cumulative Effects,Regional Operations - South Coast,Access Only,file,CSV FGDB GEOJSON,2021-10-28,https://catalogue.data.gov.bc.ca/dataset/forest-visual-quality-data-howe-sound-cumulative-effects,"This data was used for the Howe Sound Cumulative Effects Project to thematically display indicator maps showing the condition of Forest Visual Quality. The data includes results for the Forest Visual Condition indicator. Data and data dictionary can be downloaded from the ""Data and Resources"" sectio"
Grizzly Bear - Data - Howe Sound Cumulative Effects,Regional Operations - South Coast,Access Only,file,ARCGIS_REST CSV FGDB GEOJSON,2026-02-11,https://catalogue.data.gov.bc.ca/dataset/grizzly-bear-data-howe-sound-cumulative-effects,"Data representing the Howe Sound Cumulative Effects Project area in British Columbia: six key Grizzly Bear population and habitat indicators (population status, human-caused mortality, hunter day density, front-country in habitat, capable secure core area, and mid-seral dense conifer stands in habit"
Old Growth - Forest Cover - Data - South Coast SBOT,Regional Operations - South Coast,Access Only,file,ARCGIS_REST CSV,2024-05-10,https://catalogue.data.gov.bc.ca/dataset/old-growth-forest-cover-data-south-coast-sbot,This layer is a component of the Old Growth Forest Stewardship Baseline Objectives Tool (SBOT) for the South Coast Region (https://catalogue.data.gov.bc.ca/dataset/d6309f84-d1e0-45ea-afff-6a3293825ce2).
Roosevelt Elk - EPU Density Trends and Risk - Data - South Coast SBOT,Regional Operations - South Coast,Access Only,file,CSV,2022-04-06,https://catalogue.data.gov.bc.ca/dataset/roosevelt-elk-epu-density-trends-and-risk-data-south-coast-sbot,"The Roosevelt Elk Population Unit (EPU) Density Trends and Risk is derived from the Management Plan (2015) and the Habitat & Population Risk Model (2016). The data shows population trends, population objectives, population density, quantity & quality of suitable habitat, carrying capacity and risk v"
Roosevelt Elk - Elk Population Units - Data - South Coast SBOT,Regional Operations - South Coast,Access Only,file,CSV,2022-04-06,https://catalogue.data.gov.bc.ca/dataset/roosevelt-elk-elk-population-units-data-south-coast-sbot,"Elk Population Unit (EPU) - defined boundaries for managing Roosevelt Elk. EPUs typically follow major watershed boundaries, but are modified to account for known elk distribution, habitat use and movements."
Roosevelt Elk - Habitat Capability Living in Grow Season Raster Tile - Data - South Coast SBOT,Regional Operations - South Coast,Access Only,service,ARCGIS_REST,2022-04-06,https://catalogue.data.gov.bc.ca/dataset/roosevelt-elk-habitat-capability-living-in-grow-season-raster-tile-data-south-coast-sbot,"Roosevelt Elk Habitat Capability - Living in growing season, South Coast Region. Habitat Capability – ability of the habitat, under the optimal natural (seral) conditions to provide elk life requisites, irrespective of the current condition of the habitat. Estimate of the highest potential value of "
Roosevelt Elk - Habitat Objectives - Data - South Coast SBOT,Regional Operations - South Coast,Access Only,file,CSV,2022-04-06,https://catalogue.data.gov.bc.ca/dataset/roosevelt-elk-habitat-objectives-data-south-coast-sbot,"Habitat Objective – for each Elk Population Unit, the population objective was translated to quantity of suitable habitat required to support the carrying capacity, K, for Living in Winter (LIW), and Living in Growing (LIG) seasons based on the average density of elk for each of Class 1 through 3 ha"
Roosevelt Elk - Habitat Suitability Living in Grow Less Suitable - Data - South Coast SBOT,Regional Operations - South Coast,Access Only,service,ARCGIS_REST,2022-04-06,https://catalogue.data.gov.bc.ca/dataset/roosevelt-elk-habitat-suitability-living-in-grow-less-suitable-data-south-coast-sbot,"Roosevelt Elk Suitability - Living in Grow (LIG) less suitable areas - South Coast Stewardship Baseline. Less suitable classes 4,5,6. Living in Growing (LIG) - season defined as the primary foraging period for elk."
Roosevelt Elk - Habitat Suitability Living in Winter Less Suitable - Data - South Coast SBOT,Regional Operations - South Coast,Access Only,service,ARCGIS_REST,2022-04-06,https://catalogue.data.gov.bc.ca/dataset/roosevelt-elk-habitat-suitability-living-in-winter-less-suitable-data-south-coast-sbot,"Roosevelt Elk Suitability - Living in Winter (LIW) less suitable areas - South Coast Stewardship Baseline. Less suitable classes are classes 4,5,6. Living in Winter (LIW) - season defined as the period which is thought to be most limiting and therefore, critical to population success for this specie"
Roosevelt Elk - Harvest Allocation - Data - South Coast SBOT,Regional Operations - South Coast,Access Only,file,CSV,2022-04-06,https://catalogue.data.gov.bc.ca/dataset/roosevelt-elk-harvest-allocation-data-south-coast-sbot,"Roosevelt Elk Harvest Allocation for the South Coast. Annual Allowable Harvest (AAH) is the optimum or desired number of elk that can be removed each year by a licensed resident, non-resident and non-resident alien hunter from a management area."
Roosevelt Elk - Harvest Utilization by year,Regional Operations - South Coast,Access Only,file,CSV,2024-10-02,https://catalogue.data.gov.bc.ca/dataset/roosevelt-elk-harvest-utilization-by-year,"Roosevelt Elk harvest utilization by year for the South Coast region. Based on Limited Entry Hunt (LEH) information. Broken down by maximum allowable harvest, annual allowable harvest and total harvest for Bulls and Antlerless Elk."
Roosevelt Elk - Protected Lands - Data - South Coast SBOT,Regional Operations - South Coast,Access Only,service,ARCGIS_REST,2022-04-06,https://catalogue.data.gov.bc.ca/dataset/roosevelt-elk-protected-lands-data-south-coast-sbot,"Protected Lands are spatially-defined areas established through legislation or purchased for the protection of nature and cultural values, the conservation of biological diversity and ecosystem services and the management of natural resources."
Roosevelt Elk - Resultant - Data - South Coast SBOT,Regional Operations - South Coast,Access Only,file,CSV,2022-04-06,https://catalogue.data.gov.bc.ca/dataset/roosevelt-elk-resultant-data-south-coast-sbot,"The Roosevelt Elk resultant was derived from a series of overlays. Overlays with Habitat Suitability, Timber Harvesting Land Base, Seral Stage, Protected Areas and the outputs from the Management Plan (2015) and the Habitat & Population Risk Model (2016)"
Roosevelt Elk - Resultant Summary - Data - South Coast SBOT,Regional Operations - South Coast,Access Only,file,CSV,2022-04-06,https://catalogue.data.gov.bc.ca/dataset/roosevelt-elk-resultant-summary-data-south-coast-sbot,"The Roosevelt Elk resultant summary was derived from a series of overlays. Overlays with Habitat Suitability, Timber Harvesting Land Base, Seral Stage, Protected Areas and the outputs from the Management Plan (2015) and the Habitat & Population Risk Model (2016). The resultant data was summarized fo"
Roosevelt Elk - Seral Stage Raster Tile - Data - South Coast SBOT,Regional Operations - South Coast,Access Only,service,ARCGIS_REST,2022-04-06,https://catalogue.data.gov.bc.ca/dataset/roosevelt-elk-seral-stage-raster-tile-data-south-coast-sbot,"Seral Stage – series of successional stages that follow forest renewal (e.g., 1. establishment = early/young seral; 2. thinning/stem exclusion = mid-seral; 3. transition = mature seral; and 4) shifting mosaic = old seral (Spies 1996)). Seral stages may vary depending on the BEC zones, refer to the B"
Roosevelt Elk - Timber Harvesting Land Base - Data - South Coast SBOT,Regional Operations - South Coast,Access Only,service,ARCGIS_REST,2022-04-06,https://catalogue.data.gov.bc.ca/dataset/roosevelt-elk-timber-harvesting-land-base-data-south-coast-sbot,"Timber Harvesting Land Base (THLB) – portion of the Crown forest land base that is available for timber harvesting. The Crown forest land base consists of Crown land with forest cover within the Timber Supply Area, excluding Tree Farm Licences, community forests, woodlots and private lands. The THLB"
Roosevelt Elk population abundance 2013 to 2023 - South Coast SBOT,Regional Operations - South Coast,Access Only,file,ARCGIS_REST CSV,2025-02-05,https://catalogue.data.gov.bc.ca/dataset/roosevelt-elk-population-abundance-2013-to-2023-south-coast-sbot,"Breakdown of elk abundance estimates and information used to produce estimates for each year an elk population unit (EPU) was surveyed including survey count by age/sex class, population targets, estimated abundance using standard and model approaches, credible (confidence) intervals for modelled es"
Sea to Sky District Forest Service Road Structures VIEW,Regional Operations - South Coast,Access Only,service,ARCGIS_REST,2024-07-18,https://catalogue.data.gov.bc.ca/dataset/sea-to-sky-district-forest-service-road-structures-view,"Sea to Sky District Forest Service Road Structures including the structure ID, crossing name, last inspection date and structure type. This is a static layer downloaded from the Corporate Bridge Registry and may not reflect current conditions. Please see the Sea to Sky Natural Resource District Brid"
South Coast Region Discharge Stations,Regional Operations - South Coast,Access Only,service,ARCGIS_REST,2022-09-12,https://catalogue.data.gov.bc.ca/dataset/south-coast-region-discharge-stations,"Hydrometric data for selected stations in BC (Aquarius) and Washington State (USGS). Discharge (m3/s) maximum, minimum and median for the previous day (UTC). Updated daily. BC data source (Aquarius): https://catalogue.data.gov.bc.ca/dataset/hydrometric_data. Washington State data source (USGS): http"
South Coast Regional Watershed Drought Level,Regional Operations - South Coast,Access Only,service,ARCGIS_REST,2022-09-12,https://catalogue.data.gov.bc.ca/dataset/south-coast-regional-watershed-drought-level,"This dataset is derived from the Freshwater Atlas (FWA) Assessment Watersheds and FWA Named Watersheds. It provides conservation levels of watersheds in the South Coast Natural Resource Region. These data are updated as required by the South Coast Natural Resource Region, Ministry of Forests, Govern"
Wildlife Act - Motor Vehicle Prohibition Regulation (Sea to Sky) - Closed Area Points,Regional Operations - South Coast,Access Only,service,ARCGIS_REST,2025-03-25,https://catalogue.data.gov.bc.ca/dataset/wildlife-act-motor-vehicle-prohibition-regulation-sea-to-sky-closed-area-points,"Seasonal motor vehicle closure points depicted as approximations based on written descriptions in the Motor Vehicle Prohibition Regulation (Wildlife Act). Closed areas included only for Sea to Sky Natural Resource District (Schedule 1, Sections 76, 111 and 112). Closed areas are established to prote"
Wildlife Act - Motor Vehicle Prohibition Regulation (Sea to Sky) - Closed Areas,Regional Operations - South Coast,Access Only,service,ARCGIS_REST,2022-04-06,https://catalogue.data.gov.bc.ca/dataset/wildlife-act-motor-vehicle-prohibition-regulation-sea-to-sky-closed-areas,"Seasonal motor vehicle closures depicted as approximations based on written descriptions of closure areas from the Motor Vehicle Prohibition Regulation (Wildlife Act). Closure areas included only for Sea to Sky Natural Resource District (Schedule 1, Sections 76, 111 and 112). Closed areas are establ"
shishalh-BC Land Use Planning - Current Condition Assessment - Protected Areas,Regional Operations - South Coast,Access Only,service,ARCGIS_REST,2025-04-17,https://catalogue.data.gov.bc.ca/dataset/shishalh-bc-land-use-planning-current-condition-assessment-protected-areas,Includes areas with limits on forest harvesting activity that were extracted from the Generalized Forest Harvest Restrictions (BC Data Catalogue) and selected for having restriction designations of Prohibited or Protected. Clipped to swiya 20km buffer for shíshálh-BC Joint Land Use Plan Current Cond
shishalh-BC Land Use Planning Area,Regional Operations - South Coast,Access Only,service,ARCGIS_REST,2025-04-17,https://catalogue.data.gov.bc.ca/dataset/shishalh-bc-land-use-planning-area,The shishalh-BC Land Use Plan applies to all lands within the swiya excluding: private lands owned by individuals or businesses (bylaws that govern how a private property can be used in the swiya are governed by the District of Sechelt or the Sunshine Coast Regional District depending on the propert
Commercial Recreation Trails - SIR and Omineca Regions,Regional Operations - Thompson Okanagan,Access Only,service,MULTIPLE,2021-12-10,https://catalogue.data.gov.bc.ca/dataset/commercial-recreation-trails-sir-and-omineca-regions,Commercial Recreation Trails for the Southern Interior and Omineca Regions. These are trails within a larger extensive use Land Act tenure or application boundary
Okanagan Conservation Ranking Polygons,Regional Operations - Thompson Okanagan,Access Only,file,KML MULTIPLE WMS,2023-06-29,https://catalogue.data.gov.bc.ca/dataset/okanagan-conservation-ranking-polygons,"This spatial layer contains the Okanagan Conservation Ranking Polygons, which is part of the Okanagan Region Biodiversity Conservation Strategy (Keeping Nature in Our Future). Okanagan Conservation Ranking Polygons classifies ecosystems into four relative conservation ranks: low, moderate, high and "
Marbled Murrelet Suitability Model,Regional Operations - West Coast,Access Only,service,MULTIPLE,2026-04-28,https://catalogue.data.gov.bc.ca/dataset/marbled-murrelet-suitability-model,"Marbled Murrelet Nesting Habitat Suitability Model for the British Columbia Coast. This data is an aggregate of predicted suitable habitat from a wide scale algorithm using elevation, distance inland, forest cover tree height and age as well as two separate regional nesting habitat models. It is a t"
Potential Log Handling,Regional Operations - West Coast,Access Only,service,MULTIPLE,2021-12-10,https://catalogue.data.gov.bc.ca/dataset/potential-log-handling,Sites identified as potentially being used for log handling and/or storage for the BC coast.
Provincial Large Cultural Cedar Inventory,Regional Operations - West Coast,Access Only,service,MULTIPLE,2023-07-19,https://catalogue.data.gov.bc.ca/dataset/provincial-large-cultural-cedar-inventory,Mapped locations of large cultural cedar trees. 
Indigenous Economic Development Directory,Regional and Indigenous Economic Policy,Access Only,service,MULTIPLE,2025-07-03,https://catalogue.data.gov.bc.ca/dataset/indigenous-economic-development-directory,"The Indigenous Economic Development Directory dataset provides a comprehensive summary of the sectors of interest for Indigenous economic development corporations across British Columbia. For each corporation, you'll find contact information including their email address, phone number, and website. "
Indigenous Economic Organizations Directory,Regional and Indigenous Economic Policy,Access Only,service,MULTIPLE,2025-12-03,https://catalogue.data.gov.bc.ca/dataset/indigenous-economic-organizations-directory,"The Indigenous Economic Development Dataset provides an overview of some of the key Indigenous Economic organizations operating in BC and Nationally. For each organization, you'll find details on the purpose and core services offered, along with contact information."
7-Day Stream flow Map,River Forecast Centre,Access Only,service,ARCGIS_REST,2022-05-03,https://catalogue.data.gov.bc.ca/dataset/7-day-stream-flow-map,Map of stream flow conditions across British Columbia. Near real-time data from the Water Survey of Canada is analysed against stream flow metrics developed by the River Forecast Centre. Key data available on this map include: 1.) Comparison of current 7-day average stream flow as a percentage of hi
7-Day Streamflow Data,River Forecast Centre,Access Only,service,ARCGIS_REST,2022-05-03,https://catalogue.data.gov.bc.ca/dataset/7-day-streamflow-data,Analysis of near real-time data from the Water Survey of Canada against stream flow metrics developed by the River Forecast Centre. Key data available include: 1.) Comparison of current 7-day average stream flow as a percentage of historic median 7-day average stream flow over the same period of tim
B.C. Flood Advisory Warnings and Notifications,River Forecast Centre,Access Only,service,ARCGIS_REST,2023-02-17,https://catalogue.data.gov.bc.ca/dataset/b-c-flood-advisory-warnings-and-notifications,"Spatial data of current Flood Warnings and Advisories issued by the River Forecast Centre. The map includes the spatial extent of areas, such as regions or specific watersheds, that are under advisory/warning, with links to text version of the warning/advisory with greater detail. Levels of Warnings"
BC Major Basins - River Forecast Centre,River Forecast Centre,Access Only,file,ARCGIS_REST SHP,2022-05-03,https://catalogue.data.gov.bc.ca/dataset/bc-major-basins-river-forecast-centre,"Watershed boundaries for major river basins in British Columbia. Used for map products produced by the River Forecast Centre. Includes Fraser, Liard, Columbia, Skeena, Stikine, Thompson, Peace, Quesnel, Chilcotin, Nechako-Stuart and Nass Rivers."
CLEVER Model Data,River Forecast Centre,Access Only,service,ARCGIS_REST,2023-02-17,https://catalogue.data.gov.bc.ca/dataset/clever-model-data,The CLEVER model is a hydrologic model used by the River Forecast Centre to forecast hydrologic conditions at locations around British Columbia. This map provides mapped output from the CLEVER model 10-Day forecasts against assessed return period flows at Water Survey of Canada locations. Data inclu
CLEVER Model Map,River Forecast Centre,Access Only,service,ARCGIS_REST,2023-02-17,https://catalogue.data.gov.bc.ca/dataset/clever-model-map,The CLEVER model is a hydrologic model used by the River Forecast Centre to forecast hydrologic conditions at locations around British Columbia. This map provides mapped output from the CLEVER model 10-Day forecasts against assessed return period flows at Water Survey of Canada locations. For detail
COFFEE Model Data,River Forecast Centre,Access Only,service,ARCGIS_REST,2022-05-03,https://catalogue.data.gov.bc.ca/dataset/coffee-model-data,"The COastal Fall Flood Ensemble Estimation (COFFEE) Model provides a 5-day real-time flow forecasts for select watersheds in coastal British Columbia, including Vancouver Island, South Coast, Central Coast and the North-West. The COFFEE model is updated when a rainfall events occur during the autumn"
COFFEE Model Map,River Forecast Centre,Access Only,service,ARCGIS_REST,2022-05-03,https://catalogue.data.gov.bc.ca/dataset/coffee-model-map,"The COastal Fall Flood Ensemble Estimation (COFFEE) Model provides a 5-day real-time flow forecasts for select watersheds in coastal British Columbia, including Vancouver Island, South Coast, Central Coast and the North-West. The COFFEE model is updated when a rainfall events occur during the autumn"
Current Streamflow Conditions Data,River Forecast Centre,Access Only,service,ARCGIS_REST,2023-02-17,https://catalogue.data.gov.bc.ca/dataset/current-streamflow-conditions-data,Near real-time data from the Water Survey of Canada is analysed against stream flow metrics developed by the River Forecast Centre. Key data available on this map include: 1.) Water Survey of Canada Gauge ID 2.) Water Survey of Canada Gauge Name 3.) Location (Lat/Long) 4.) Current gauge height and d
Current Streamflow Conditions Map,River Forecast Centre,Access Only,service,ARCGIS_REST,2022-05-03,https://catalogue.data.gov.bc.ca/dataset/current-streamflow-conditions-map,Map of real-time stream flow conditions across British Columbia. Near real-time data from the Water Survey of Canada is analysed against stream flow metrics developed by the River Forecast Centre. Key data available on this map include: 1.) Comparison of current stream flow discharge against annual 
ELF Model Data,River Forecast Centre,Access Only,service,ARCGIS_REST,2022-05-03,https://catalogue.data.gov.bc.ca/dataset/elf-model-data,The Extrapolating Logarithmic Flow (ELF) Model is an empirical mathematical model for estimating a 30-day stream flow forecast during the summer low flow season at Water Survey of Canada hydrometric gauge locations in British Columbia. This map provides mapped flow forecast output from the ELF model
ELF Model Map,River Forecast Centre,Access Only,service,ARCGIS_REST,2022-05-03,https://catalogue.data.gov.bc.ca/dataset/elf-model-map,The Extrapolating Logarithmic Flow (ELF) Model is an empirical mathematical model for estimating a 30-day stream flow forecast during the summer low flow season at Water Survey of Canada hydrometric gauge locations in British Columbia. This map provides mapped flow forecast output from the ELF model
Flood Advisory and Warning Notification Map,River Forecast Centre,Access Only,service,ARCGIS_REST,2023-02-17,https://catalogue.data.gov.bc.ca/dataset/flood-advisory-and-warning-notification-map,"Map-based product of current Flood Warnings and Advisories issued by the River Forecast Centre. The map includes the spatial extent of areas, such as regions or specific watersheds, that are under advisory/warning, with links to text version of the warning/advisory with greater detail. Levels of War"
Snow Basin Indices,River Forecast Centre,Access Only,service,ARCGIS_REST,2023-02-17,https://catalogue.data.gov.bc.ca/dataset/snow-basin-indices,"This data provides current snow basin indices across British Columbia. Snow basin index mapping is based on analysis from the River Forecast Centre, and is meant to accompany the Snow Conditions and Water Supply Bulletins that are published for data from January 1st, February 1st, March 1st, April 1"
Public Post-secondary Student Housing Beds,Sector Partnerships and Emergency Support,Access Only,file,XLS,2026-06-05,https://catalogue.data.gov.bc.ca/dataset/public-post-secondary-student-housing-beds,This dataset contains the numbers of student housing beds at public post-secondary institutions. 
Peaceful Enjoyment Disturbance (PED) for Skeena Region,Skeena Stikine District,Access Only,file,SHP,2024-05-06,https://catalogue.data.gov.bc.ca/dataset/peaceful-enjoyment-disturbance-ped-for-skeena-region," This data describes a high-level assessment of human industrial disturbance of the land base. For our purposes, peaceful enjoyment is assumed to decrease proportionally with the proximity to roads and is expected to be heavily impacted when a mine is present. The delineation of peaceful enjoyment d"
Youth Custody Services-- Separate Confinement Duration (excluding Medical Reasons),Specialized Intervention and Youth Justice,Access Only,file,CSV,2025-10-15,https://catalogue.data.gov.bc.ca/dataset/youth-custody-services-separate-confinement-duration-excluding-medical-reasons-,"This extract provides the number and duration of separate confinement instances by fiscal year, excluding those initiated for medical reasons under the direction of a health care professional. "
Youth Custody Services-- Separate Confinement Duration (including Medical Reasons),Specialized Intervention and Youth Justice,Access Only,file,CSV,2025-10-15,https://catalogue.data.gov.bc.ca/dataset/youth-custody-services-separate-confinement-duration-including-medical-reasons-,"This extract provides the number and duration of instances of separate confinement involving youth, including those separately confined for medical reasons as advised by a health care professional. "
Youth Custody Services-- Separate Confinement Youth Count--Demographics,Specialized Intervention and Youth Justice,Access Only,file,CSV,2025-10-14,https://catalogue.data.gov.bc.ca/dataset/youth-custody-services-separate-confinement-youth-count-demographics-,This extract provides the number of instances where youth were separately confined in each FY. This data shows a breakdown of the instances of separate confinement by gender and ethnicity*. *We acknowledge that some of the terminology used in this dataset is outdated. We are actively working with ou
Youth Custody Services-- Separate Confinement Youth Count—Reasons,Specialized Intervention and Youth Justice,Access Only,file,CSV,2025-10-15,https://catalogue.data.gov.bc.ca/dataset/youth-custody-services-separate-confinement-youth-count-reasons-,This extract summarizes the number of instances of separate confinement for youth by fiscal year and provides a breakdown of the reasons for each occurence. 
Electrical logs (elogs) of the shallow subsurface of Northeastern British Columbia,Tenure and Resource Stewardship,Access Only,file,KML MULTIPLE WMS XLSX,2023-06-29,https://catalogue.data.gov.bc.ca/dataset/electrical-logs-elogs-of-the-shallow-subsurface-of-northeastern-british-columbia,"These elogs provide information about the shallow and mostly unconsolidated materials overlying bedrock in the Peace River region of northeastern British Columbia. They can be used to interpret depth to bedrock, possible water bearing intervals, lithology and other aspects of the shallow subsurface."
Parcel Request Polygons,Tenure and Resource Stewardship,Access Only,file,KML WMS ZIP,2026-09-24,https://catalogue.data.gov.bc.ca/dataset/parcel-request-polygons,Parcels requested for future disposition
Petroleum Survey Index of Geological and Geophysical Reports,Tenure and Resource Stewardship,Access Only,file,KML MULTIPLE PDF WMS,2023-06-29,https://catalogue.data.gov.bc.ca/dataset/petroleum-survey-index-of-geological-and-geophysical-reports,These datasets provide geographic references for geological/geophysical reports submitted by petroleum exploration companies as work requirements to hold tenure on exploration permits. The first report indexed here represent the early years of petroleum exploration from the early 1900s to approximat
Petroleum Title Polygons,Tenure and Resource Stewardship,Access Only,file,KML WMS ZIP,2026-09-24,https://catalogue.data.gov.bc.ca/dataset/petroleum-title-polygons,"All tenures recorded in the Integrated Petroleum Tenure System. Status Types: A- active, C- cancelled, N-not issued, P- pending sale, R- unaccepted bid, U- no bid, W- withdrawn."
Petroleum Title Tract Polygons,Tenure and Resource Stewardship,Access Only,file,ZIP,2020-02-12,https://catalogue.data.gov.bc.ca/dataset/petroleum-title-tract-polygons,A single tenure can have multiple parts and also multiple stratographic layers or tracts.
Petroleum and Natural Gas Grid Block,Tenure and Resource Stewardship,Access Only,file,KML MULTIPLE WMS,2023-06-29,https://catalogue.data.gov.bc.ca/dataset/petroleum-and-natural-gas-grid-block,Petroleum and Natural Gas spatial views by grid block
Petroleum and Natural Gas Grid Map Group,Tenure and Resource Stewardship,Access Only,file,KML MULTIPLE WMS,2023-06-29,https://catalogue.data.gov.bc.ca/dataset/petroleum-and-natural-gas-grid-map-group,Petroleum and Natural Gas spatial views by grid map group
Petroleum and Natural Gas Grid Map Sheet,Tenure and Resource Stewardship,Access Only,file,KML MULTIPLE WMS,2023-06-29,https://catalogue.data.gov.bc.ca/dataset/petroleum-and-natural-gas-grid-map-sheet,Petroleum and Natural Gas spatial views by grid map sheet
Petroleum and Natural Gas Grid Unit,Tenure and Resource Stewardship,Access Only,file,KML MULTIPLE WMS,2023-06-29,https://catalogue.data.gov.bc.ca/dataset/petroleum-and-natural-gas-grid-unit,Petroleum and Natural Gas spatial views by grid unit
Boreal Caribou Core-Matrix Habitat,Terrestrial Species Recovery,Access Only,file,KML MULTIPLE WMS,2025-06-26,https://catalogue.data.gov.bc.ca/dataset/boreal-caribou-core-matrix-habitat,"Core and matrix habitat incorporate both scientific information (habitat suitability, telemetry data from radio collared boreal caribou) and Indigenous knowledge of caribou distribution and habitat use. Core habitat represent the most important habitat within the ranges containing the biophysical at"
Snowmobile Management Areas - Access Management Areas (AMA),Terrestrial Species Recovery,Access Only,file,KML MULTIPLE WMS,2026-09-24,https://catalogue.data.gov.bc.ca/dataset/snowmobile-management-areas-access-management-areas-ama,Areas where access is controlled as to when and under what conditions they may be used by snowmobiles for recreation. These areas may be open with conditions or closed
Snowmobile Management Trails - Access Management Area (AMA),Terrestrial Species Recovery,Access Only,file,KML MULTIPLE WMS,2026-09-24,https://catalogue.data.gov.bc.ca/dataset/snowmobile-management-trails-access-management-area-ama,Trails where access is controlled as to when and under what conditions they may be used by snowmobiles for recreation. These trails may be open with conditions or closed
Interior Appraisal Manual - Isolated Cutting Authority (Major Transportation Route Map),Timber Pricing Branch,Access Only,file,FGDB,2022-04-06,https://catalogue.data.gov.bc.ca/dataset/interior-appraisal-manual-isolated-cutting-authority-major-transportation-route-map-,"The approved network of roads is used to determine the distance to support centre for an interior appraisal, effective July 1, 2018 or later. The distance to support centre is then used to determine the isolated variable contribution in the calculation of stumpage for each cutting authority. "
BC Tourism Regions,Tourism Branch,Access Only,file,KML MULTIPLE WMS,2023-06-29,https://catalogue.data.gov.bc.ca/dataset/bc-tourism-regions,This spatial layer represents tourism region boundaries of British Columbia. This is a polygon layer.
First Nation Treaty Side Agreement,"Treaty Relations, Implementation and Policy",Access Only,file,KML MULTIPLE WMS,2026-03-30,https://catalogue.data.gov.bc.ca/dataset/first-nations-treaty-side-agreement,"This layer shows areas that are specifically referenced in a treaty side agreement, along with pertinent attribute information. Please refer to the relevant treaty side agreement for more information."
First Nations Treaty Areas,"Treaty Relations, Implementation and Policy",Access Only,file,KML MULTIPLE WMS,2026-01-30,https://catalogue.data.gov.bc.ca/dataset/first-nations-treaty-areas,"This layer contains the areas within which the First Nation has a role (as described in the treaty) related to economic activities, governance activities and cultural activities"
First Nations Treaty Lands,"Treaty Relations, Implementation and Policy",Access Only,file,KML MULTIPLE WMS,2026-01-30,https://catalogue.data.gov.bc.ca/dataset/first-nations-treaty-lands,This layer shows the lands that are owned by the First Nation as a result of the treaty and over which the First Nation has governance as described in the treaty. These boundaries should be treated as cartographic representations only. The official versions of these boundaries are contained within t
First Nations Treaty Related Lands,"Treaty Relations, Implementation and Policy",Access Only,file,KML MULTIPLE WMS,2026-01-30,https://catalogue.data.gov.bc.ca/dataset/first-nations-treaty-related-lands,This layer shows the lands that are specifically referenced in the treaty but over which the First Nation does not have governance. These boundaries should be treated as cartographic representations only. The official versions of these boundaries are contained within the treaty documents
Land Parcels with Water Licences,Water Management,Access Only,file,KML ORACLE_SDE WMS,2026-09-24,https://catalogue.data.gov.bc.ca/dataset/land-parcels-with-water-licences,Province-wide spatial layer displaying ParcelMap BC Parcel Fabric parcels which have water licences associated through the Land Title Office parcel identifier (PID); other land tenures and Crown land are not included. Each parcel can have multiple water licences associated with it.
Non-TRIM Flooded Area Lines,Water Management,Access Only,file,KML MULTIPLE WMS,2026-09-24,https://catalogue.data.gov.bc.ca/dataset/non-trim-flooded-area-lines,Province-wide SDE layer showing the boundaries of flooded areas authorized under a Water Licence e.g. for dams: the area between the original stream bank to the edge of the reservoir.
Regulated Private Water Utilities,Water Management,Access Only,file,KML MULTIPLE WMS,2026-03-16,https://catalogue.data.gov.bc.ca/dataset/regulated-private-water-utilities,This points layer displays the general locations of regulated private water utilities across the province of British Columbia. A private water utility under the Water Utility Act is a person/business who owns or operates equipment or facilities for the delivery of domestic water service to five (5) 
Streams with Water Allocation Notations,Water Management,Access Only,file,KML ORACLE_SDE WMS,2026-09-24,https://catalogue.data.gov.bc.ca/dataset/streams-with-water-allocation-notations,This dataset displays streams that have water allocation notations on them. This dataset is updated daily. 
Water Approval Points,Water Management,Access Only,file,KML MULTIPLE WMS,2026-09-24,https://catalogue.data.gov.bc.ca/dataset/water-approval-points,The location (point) where an approval has been requested to conduct works in the vicinity of a water source. Water Approvals are issued under the [Water Sustainability Act](https://www.bclaws.gov.bc.ca/civix/document/id/complete/statreg/14015) and are issued as either a Section 10 for Short Term Us
Water Licensing Watersheds,Water Management,Access Only,file,KML MULTIPLE WMS,2024-11-19,https://catalogue.data.gov.bc.ca/dataset/water-licensing-watersheds,Groupings of BC Freshwater Atlas (FWA) Assessment Watersheds dissolved to a manageable scale for water licensing. Each Natural Resource Region developed their own process for grouping and naming the watersheds based on the region's water management needs. For information about the source FWA Assessm
Water Reserve Polygons,Water Management,Access Only,file,KML MULTIPLE WMS,2026-03-26,https://catalogue.data.gov.bc.ca/dataset/water-reserve-polygons,"Province-wide SDE polygon layer displaying areas in which water is reserved (First Nation Treaty Lands; Biodiversity, Mining and Tourism Areas; Columbia Valley Springs; Landslide Hazard Areas; Wildland Areas)."
Water Resource Management Locations - Sensitive Streams and Protected Rivers,Water Management,Access Only,file,KML MULTIPLE WMS,2026-04-10,https://catalogue.data.gov.bc.ca/dataset/water-resource-management-locations-sensitive-streams-and-protected-rivers,Province-wide SDE layer displaying point features that are at the mouths of streams that have been designated as Sensitive Streams or Protected Rivers.
Water Resource Management Streams,Water Management,Access Only,file,KML MULTIPLE WMS,2026-08-05,https://catalogue.data.gov.bc.ca/dataset/water-resource-management-streams,"Province-wide SDE layer displaying the Freshwater Atlas Stream Network streams that are either reserved or have been designated as Water Reserves, First Nations Treaty Lands Water Reserves, Sensitive Streams, or Protected Rivers."
Water Rights Applications - Public,Water Management,Access Only,file,KML MULTIPLE WMS,2026-09-10,https://catalogue.data.gov.bc.ca/dataset/water-rights-applications-public,"This is a province-wide SDE spatial layer displaying water rights licence application data, administrated under the Water Sustainability Act which includes application data for both surface water and groundwater Points of Diversions. Point of Diversion types include surface water Points of Diversion"
Water Rights Licences - Public,Water Management,Access Only,file,KML MULTIPLE WMS,2026-09-10,https://catalogue.data.gov.bc.ca/dataset/water-rights-licences-public,This is a province-wide SDE spatial layer displaying water rights licence data administrated under the _Water Sustainability Act_ which includes data for both surface water and groundwater Points of Diversions. Point of Diversion types include Surface water Points of Diversion (PDs) Groundwater Poin
Water Users' Communities,Water Management,Access Only,file,KML MULTIPLE WMS,2026-09-24,https://catalogue.data.gov.bc.ca/dataset/water-users-communities,General locations of active Water Users' Communities in BC. A Water Users’ Community is a public corporate body incorporated under Section 51 of the Water Act and to which the Comptroller of Water Rights has issued a Certificate of Incorporation. 
Aquatic Life Chlorophenols WQG Acute,Watershed Stewardship and Security,Access Only,file,CSV,2026-08-11,https://catalogue.data.gov.bc.ca/dataset/aquatic-life-chlorophenols-wqg-acute,The B.C. chlorophenols water quality guideline (WQG) for the protection of aquatic life was published in 2026 and account for site specific toxicity modifying factors such as pH. This dataset provides acute WQGs for various pH values that can be used to look-up WQGs.
Aquatic Life Iron WQG Chronic,Watershed Stewardship and Security,Access Only,file,CSV,2026-06-10,https://catalogue.data.gov.bc.ca/dataset/aquatic-life-iron-wqg-chronic-,This spreadsheet provides chronic water quality guidelines for iron for the protection of aquatic life. The sheet is designed to be machine readable. Column headings refer to the following: EMS_0004 = pH; EMS_1103 = DOC (mg/L); Limit = WQG in ug/L.
Aquatic Life Manganese WQG Chronic,Watershed Stewardship and Security,Access Only,file,CSV,2026-04-10,https://catalogue.data.gov.bc.ca/dataset/aquatic-life-manganese-wqg-chronic,The B.C. manganese water quality guideline (WQG) for the protection of aquatic life was updated in 2026 and now account for site specific toxicity modifying factors such as pH and hardness. This dataset provides chronic WQGs for various pH and hardness values that can be used to look-up WQGs without
Aquatic Life Marine Ammonia WQG Acute,Watershed Stewardship and Security,Access Only,file,CSV,2026-04-10,https://catalogue.data.gov.bc.ca/dataset/aquatic-life-marine-ammonia-wqg-acute,"The water quality guidelines (WQGs) for the protection of marine aquatic life were published by the Province in 2001 in pdf overview report available online. This dataset provides the acute marine WQGs for various concentrations of temperature, pH, and salinity in a machine readable format. "
Aquatic Life Marine Ammonia WQG Chronic,Watershed Stewardship and Security,Access Only,file,CSV,2026-04-10,https://catalogue.data.gov.bc.ca/dataset/aquatic-life-marine-ammonia-wqg-chronic,"The water quality guidelines (WQGs) for the protection of marine aquatic life were published by the Province in 2001 in pdf overview report available online. This dataset provides the chronic marine WQGs for various concentrations of temperature, pH, and salinity in a machine readable format."
Aquatic life un-ionized ammonia WQG acute,Watershed Stewardship and Security,Access Only,file,CSV,2026-09-23,https://catalogue.data.gov.bc.ca/dataset/aquatic-life-un-ionized-ammonia-wqg-acute,"The B.C. ammonia water quality guideline (WQG) for the protection of aquatic life is based on concentrations of ammonia and unionized ammonia, which vary with pH and temperature. The B.C. ammonia WQG software, available on the B.C. WQG website, can be used to calculate the ammonia WQG if site-specif"
Aquatic life un-ionized ammonia WQG chronic,Watershed Stewardship and Security,Access Only,file,CSV,2026-08-13,https://catalogue.data.gov.bc.ca/dataset/aquatic-life-un-ionized-ammonia-wqg-chronic,"The B.C. ammonia water quality guideline (WQG) for the protection of aquatic life is based on concentrations of ammonia and unionized ammonia, which vary with pH and temperature. The B.C. ammonia WQG software, available on the B.C. WQG website, can be used to calculate the ammonia WQG if site-specif"
Ground Water Well Capture Zones,Watershed Stewardship and Security,Access Only,file,KML MULTIPLE WMS,2026-09-24,https://catalogue.data.gov.bc.ca/dataset/ground-water-well-capture-zones,Polygon features representing the capture zones for drinking water supply wells in BC. 
University of Victoria Aquifer Stress Evaluation,Watershed Stewardship and Security,Access Only,file,XLSX,2026-04-10,https://catalogue.data.gov.bc.ca/dataset/university-of-victoria-aquifer-stress-evaluation,"The scope of this project is to derive aquifer-scale estimates of annual volumes for groundwater withdrawal, recharge, and groundwater’s contribution to environmental flows as a means to provide screening level estimates of aquifer-scale stress using the groundwater footprint. The groundwater footpr"
Conservation Lands - Supplemental Information for WMAs and Complexes,Wildlife,Access Only,service,ARCGIS_REST,2022-04-06,https://catalogue.data.gov.bc.ca/dataset/conservation-lands-supplemental-information-for-wmas-and-complexes,Additional short descriptions of administered conservation lands. Conservation Lands Data: https://catalogue.data.gov.bc.ca/dataset/68327529-c0d5-4fcb-b84e-f8d98a7f8612
Hunter Sample Moose Survey Estimates 1976 to 2023,Wildlife,Access Only,file,CSV XLSX,2026-08-07,https://catalogue.data.gov.bc.ca/dataset/hunter-sample-moose-survey-estimates-1976-to-2023,The Hunter Sample (HS) Moose Survey Estimates annual dataset provides a summary of resident moose hunting activity (general open season and limited entry hunting) based on the Hunter Sample Survey. The data is summarized by year and is presented at the [Wildlife Management Unit (WMU)](https://catalo
Hunter Sample Survey Estimates 1976 to 2024,Wildlife,Access Only,file,CSV XLSX,2026-07-30,https://catalogue.data.gov.bc.ca/dataset/hunter-sample-survey-estimates-1976-to-2024,"The Hunter Sample (HS) Survey Estimates annual dataset provides a summary of resident hunting activity (general open season and limited entry hunting) based on the Hunter Sample Survey. The data is summarized by year and species, and is presented at the [Wildlife Management Unit (WMU)](https://catal"
Limited Entry Hunting Draw Hunt Code Report 2002 to fall 2025,Wildlife,Access Only,file,CSV XLSX,2026-08-07,https://catalogue.data.gov.bc.ca/dataset/limited-entry-hunting-draw-hunt-code-report-2002-to-fall-2025,"The Limited Entry Hunting (LEH) Draw Hunt Code Report provides a summary of the LEH draw statistics by year, draw type, and hunt code, and includes details such as hunt area, season dates, and the number of available and issued LEH authorizations. The data is presented at the [LEH Hunt Area](https:/"
Limited Entry Hunting Survey Estimates 1984 to 2024,Wildlife,Access Only,file,CSV XLSX,2026-01-27,https://catalogue.data.gov.bc.ca/dataset/limited-entry-hunting-survey-estimates-1984-to-2024,"The Limited Entry Hunting (LEH) Survey Estimates dataset provides a summary of LEH hunting activity based on the LEH survey. The data is summarized by year, species, and [LEH hunt code](https://catalogue.data.gov.bc.ca/dataset/50555048-1ab7-4f50-bb4a-8b8142f0cba5) and is presented at the [LEH Hunt A"
"Limited Entry Hunting Zone Polygons - All Years - Internal - 1:20,000",Wildlife,Access Only,service,MULTIPLE,2026-08-27,https://catalogue.data.gov.bc.ca/dataset/limited-entry-hunting-zone-polygons-all-years-internal-1-20-000,"Limited Entry Hunting (LEH) Zones polygons are hunting opportunities created via a lottery, and the details are found in the LEH Synopsis. Participation in the LEH draw is available to any resident of BC who legally possesses a BC Resident Hunter Number. The purpose of Limited Entry Hunting is to ac"
Together for Wildlife Strategy - Project Information,Wildlife,Access Only,file,OTHER XLSX,2022-07-13,https://catalogue.data.gov.bc.ca/dataset/together-for-wildlife-strategy-project-information,"Together for Wildlife is the new provincial strategy to improve wildlife and habitat stewardship across British Columbia. It was built collaboratively through engagement with Indigenous peoples, rural communities, academic institutions, a wide range of stakeholder organizations, and the public. The "
