title,organisation,licence,offers,formats,modified,url,about
ALC Agricultural Land Reserve Lines,Agricultural Land Commission,Open Government Licence - British Columbia,file,KML MULTIPLE WMS,2026-09-24,https://catalogue.data.gov.bc.ca/dataset/alc-agricultural-land-reserve-lines,"The spatial representation for a segment of the boundary of an Agricultural Land Reserve (ALR), which is a parcel of land, based on soil and climate, deemed necessary to be maintained for agricultural use. The ALR digital data is not considered the official representation of the ALR. History: ALR ha"
ALC Agricultural Land Reserve Polygons,Agricultural Land Commission,Open Government Licence - British Columbia,file,KML MULTIPLE WMS,2026-09-24,https://catalogue.data.gov.bc.ca/dataset/alc-agricultural-land-reserve-polygons,"The spatial representation for the boundary of an Agricultural Land Reserve (ALR), which is a parcel of land, based on soil and climate, deemed necessary to be maintained for agricultural use. The data gets updated four times a year, at the end of: Jan, Apr, Jul and Oct. It is also available on the "
Open Protection Report Statistics 1998-2010,Analytics Office,Open Government Licence - British Columbia,file,CSV,2023-04-04,https://catalogue.data.gov.bc.ca/dataset/open-protection-report-statistics-1998-2010,This piece presents data on open protection reports by duration from May 1998 to May 2010.
Angling Licence Sales Statistics 2010 to 2024,Aquatic Ecosystems,Open Government Licence - British Columbia,file,CSV XLSX,2025-06-04,https://catalogue.data.gov.bc.ca/dataset/angling-licence-sales-statistics-2010-to-2024,"The Angling Licence Sales Statistics annual dataset provides the number of recreational angling licences sold in British Columbia by licence year. The data is collected through the BC Freshwater Fishing e-Licencing system and includes sales of basic angling licences, classified waters licences and c"
Community Watersheds - Cancelled,Aquatic Ecosystems,Open Government Licence - British Columbia,file,KML MULTIPLE WMS,2025-05-12,https://catalogue.data.gov.bc.ca/dataset/community-watersheds-cancelled,"This 1:20,000. scale inventory contains digital maps of cancelled community watershed boundaries. The watershed boundaries showed the location of watersheds that supply communities with domestic water. These are meant to be used in conjunction with stream network map coverages from TRIM mapping. Att"
Community Watersheds - Current,Aquatic Ecosystems,Open Government Licence - British Columbia,file,KML MULTIPLE WMS,2025-05-12,https://catalogue.data.gov.bc.ca/dataset/community-watersheds-current,"Boundaries (polygons) of areas designated as community watershed by government - that are all or part of the drainage area that is upslope of the lowest point from which water is diverted for human consumption by a licensed waterworks, if satisfied that, to protect the water that is diverted for hum"
Fisheries Sensitive Watersheds,Aquatic Ecosystems,Open Government Licence - British Columbia,file,KML MULTIPLE WMS,2025-05-12,https://catalogue.data.gov.bc.ca/dataset/fisheries-sensitive-watersheds,The dataset contains approved legal boundaries for fisheries sensitive watersheds. A FSW is a mapped area with specific management objectives intended to guide development activities which may adversely impact important fish values
Fisheries Sensitive Watersheds - Proposed,Aquatic Ecosystems,Open Government Licence - British Columbia,file,KML MULTIPLE WMS,2026-08-28,https://catalogue.data.gov.bc.ca/dataset/fisheries-sensitive-watersheds-proposed,A Fisheries Sensitive Watershed (FSW) is a mapped area with specific management objectives intended to guide development activities which may adversely impact important fish values . FSWs within this set of data are currently in the review and consultation stage of the area designation process. As F
Archaeology Borden Grid,Archaeology,Open Government Licence - British Columbia,file,KML MULTIPLE WMS,2023-06-29,https://catalogue.data.gov.bc.ca/dataset/archaeology-borden-grid,Polygon layer containing an archaeological reference grid established by Charles Borden. Similar to the BCGS grid or TRIM grid system. All archaeological sites in Canada are numbered based on this grid
Assisted Living Residences,Assisted Living Registry and Community Care Licensing,Open Government Licence - British Columbia,file,CSV MULTIPLE,2024-12-16,https://catalogue.data.gov.bc.ca/dataset/assisted-living-residences,"This dataset provides information which is currently displayed on the Assisted Living Programs Map. The intent of the [Assisted Living Programs Map](https://moh.apps.gov.bc.ca/alrc/) is to provide an online resource to assist families searching for all types of assisted living services, including se"
Residential Care Facilities,Assisted Living Registry and Community Care Licensing,Open Government Licence - British Columbia,file,CSV MULTIPLE,2023-03-06,https://catalogue.data.gov.bc.ca/dataset/residential-care-facilities,This dataset provides information which is currently displayed on the Residential Care Programs Map. The intent of the [Residential Care Programs Map](https://moh.apps.gov.bc.ca/alrc/) is to provide an online resource to assist families searching for all types of care under the Residential Care Regu
Area Based Management Plans,Authorizations and Remediation,Open Government Licence - British Columbia,file,KML MULTIPLE WMS,2026-04-24,https://catalogue.data.gov.bc.ca/dataset/area-based-management-plans,"Area Based Management Plans (ABMP) are designated areas for the purposes of environmental protection. It must consider the impact of point and non-point source of waste, cumulative impact of the wastes, environmental management objectives and outcomes for the designated area, and ongoing monitoring "
Waste Discharge Authorizations - All Authorizations,Authorizations and Remediation,Open Government Licence - British Columbia,file,OTHER XLSX,2026-04-24,https://catalogue.data.gov.bc.ca/dataset/waste-discharge-authorizations-all-authorizations,Authorization information compiled from the Waste Discharge Authorizations DATAMART that extracts data according to pre-selected criteria from the Environmental Management Authorization Database. 
Waste Discharge Authorizations - All Discharges,Authorizations and Remediation,Open Government Licence - British Columbia,file,OTHER XLSX,2026-04-24,https://catalogue.data.gov.bc.ca/dataset/waste-discharge-authorizations-all-discharges,Dischage information compiled from the Waste Discharge Authorizations DATAMART that extracts data according to pre-selected criteria from the Environmental Management Authorization Database. 
Community Corrections Client Admissions - by legal hold status,B.C Corrections,Open Government Licence - British Columbia,file,CSV,2024-08-19,https://catalogue.data.gov.bc.ca/dataset/community-corrections-client-admissions-by-legal-hold-status,"Community client admissions by fiscal year, by region, ethnicity, supervision document type, most serious offence (MSO), Spousal Abuse flag (K-file) and-or sex offender (SO); for FY 08-09 to FY 23-24."
Community Corrections Client Admissions - demographics,B.C Corrections,Open Government Licence - British Columbia,file,CSV,2024-08-19,https://catalogue.data.gov.bc.ca/dataset/community-corrections-client-admissions-demographics,"B.C. Corrections has 5 regions and 58 community offices including 52 offices that receive adult clients on supervision, five regional management offices, and headquarters. This extract provides the number of new clients by region, gender, ethnicity, marital status, age group and month for the fiscal"
Community Corrections Client Count - by legal hold status,B.C Corrections,Open Government Licence - British Columbia,file,CSV TXT,2024-08-19,https://catalogue.data.gov.bc.ca/dataset/community-corrections-client-count-by-legal-hold-status,"Community client count by fiscal year, by region, ethnicity, document type, most serious offence (MSO), Spousal Abuse flag (K-file) and-or sex offender (SO)flag; for FY 08-09 to FY 23-24. The Legal Hold Status of Dual is categorized as Provincially Sentenced."
Community Corrections Client Count - demographics,B.C Corrections,Open Government Licence - British Columbia,file,CSV,2024-08-19,https://catalogue.data.gov.bc.ca/dataset/community-corrections-client-count-demographics,"B.C. Corrections has 5 regions and 58 community offices including 52 offices that receive adult clients on supervision, five regional management offices, and headquarters. This extract provides the number of clients in the community on the first day of the month by region, gender, ethnicity, marital"
Community Corrections Client Releases - by legal hold status,B.C Corrections,Open Government Licence - British Columbia,file,CSV,2024-08-19,https://catalogue.data.gov.bc.ca/dataset/community-corrections-client-releases-by-legal-hold-status,"Community client releases by fiscal year, by region, ethnicity, supervision document type, most serious offence (MSO), Spousal Abuse flag (K-file) and-or sex offender (SO); for FY 08-09 to FY 23-24."
Community Corrections Client Releases - demographics,B.C Corrections,Open Government Licence - British Columbia,file,CSV,2024-08-19,https://catalogue.data.gov.bc.ca/dataset/community-corrections-client-releases-demographics,"B.C. Corrections has 5 regions and 58 community offices including 52 offices that receive adult clients on supervision, five regional management offices, and headquarters. This extract provides the number of client releases by region, gender, ethnicity, marital status, age group and month for the fi"
Custody Centre Inmate Admissions (New Clients) - demographics,B.C Corrections,Open Government Licence - British Columbia,file,CSV,2024-08-19,https://catalogue.data.gov.bc.ca/dataset/custody-centre-inmate-admissions-new-clients-demographics,"B.C. Corrections has ten adult custody centres. This extract provides the number of new clients by centre, gender, ethnicity, marital status, age group, and month for the fiscal years 2008-09 to 2023-24. "
Custody Centre Inmate Admissions - by legal hold status,B.C Corrections,Open Government Licence - British Columbia,file,CSV,2024-08-19,https://catalogue.data.gov.bc.ca/dataset/custody-centre-inmate-admissions-by-legal-hold-status,"Adult Custody inmate admissions by centre, ethnicity, legal hold status, most serious offence (MSO), Spousal Abuse flag (K-file) and-or sex offender (SO); for FY 08-09 to FY 23-24. The Legal Hold Status of Dual is categorized as Provincially Sentenced. "
Custody Centre Inmate Count - by legal hold status,B.C Corrections,Open Government Licence - British Columbia,file,CSV,2024-08-19,https://catalogue.data.gov.bc.ca/dataset/custody-centre-inmate-count-by-legal-hold-status,"Adult Custody inmate count by fiscal year, by centre, ethnicity, legal hold status, most serious offence (MSO), Spousal Abuse flag (K-file) and-or sex offender (SO); for FY 08-09 to FY 23-24. The Legal Hold Status of Dual is categorized as Provincially Sentenced. "
Custody Centre Inmate Count - demographics,B.C Corrections,Open Government Licence - British Columbia,file,CSV,2024-08-19,https://catalogue.data.gov.bc.ca/dataset/custody-centre-inmate-count-demographics,"This B.C. Corrections has ten adult custody centres. This extract provides the number of clients in custody in provincial custody centres on the first day of each month by centre, gender, ethnicity, marital status, age group, and month for the fiscal years 2008-09 to 2023-24. This data cannot be agg"
Custody Centre Inmate Court Movements (to/from court) - by legal hold status,B.C Corrections,Open Government Licence - British Columbia,file,CSV,2024-08-19,https://catalogue.data.gov.bc.ca/dataset/custody-centre-inmate-court-movements-to-from-court-by-legal-hold-status,"Adult Custody inmate movements to and from court, by fiscal year, by centre, ethnicity, legal hold status, most serious offence (MSO), Spousal Abuse flag (K-file) and-or sex offender (SO); for FY 08-09 to FY 23_24. The Legal Hold Status of Dual is categorized as Provincially Sentenced."
Custody Centre Inmate Court Movements (to/from court) - demographics,B.C Corrections,Open Government Licence - British Columbia,file,CSV,2024-08-19,https://catalogue.data.gov.bc.ca/dataset/custody-centre-inmate-court-movements-to-from-court-demographics,"B.C. Corrections has ten adult custody centres. This extract provides the number of court appearances by centre, gender, ethnicity, marital status, age group, and month for the fiscal years 2008-09 to 2023-24. "
Custody Centre Inmate Releases - by legal hold status,B.C Corrections,Open Government Licence - British Columbia,file,CSV,2024-08-19,https://catalogue.data.gov.bc.ca/dataset/custody-centre-inmate-releases-by-legal-hold-status,"Adult Custody inmate releases by fiscal year, by centre, ethnicity, legal hold status, most serious offence (MSO), Spousal Abuse flag (K-file) and-or sex offender (SO); for FY 08-09 to FY 23-24. The Legal Hold Status of Dual is categorized as Provincially Sentenced."
Custody Centre Inmate Releases - demographics,B.C Corrections,Open Government Licence - British Columbia,file,CSV,2024-08-19,https://catalogue.data.gov.bc.ca/dataset/custody-centre-inmate-releases-demographics,"B.C. Corrections has ten adult custody centres. This extract provides the number of client releases by centre, gender, ethnicity, marital status, age group, and month for the fiscal years 2008-09 to 2023-24. "
Custody Centre Inmate Transfers - demographics,B.C Corrections,Open Government Licence - British Columbia,file,CSV,2024-08-19,https://catalogue.data.gov.bc.ca/dataset/custody-centre-inmate-transfers-demographics,"B.C. Corrections has ten adult custody centres. This extract provides the number of client transfers by centre, gender, ethnicity, marital status, age group, and month for the fiscal years 2008-09 to 2023-24. "
BC Arts Council Annual Arts Awards Listing - Supplemental - 2008 - 2009,BC Arts Council,Open Government Licence - British Columbia,file,CSV XLS,2023-06-15,https://catalogue.data.gov.bc.ca/dataset/bc-arts-council-annual-arts-awards-listing-supplemental-2008-2009,"The British Columbia Arts Council is an independent agency that supports arts and cultural activities including professional dance companies, art galleries, local museums and music festivals in communities across British Columbia. A critical part of the BC Arts Council mandate is to support arts and"
BC Arts Council Annual Arts Awards Listing 2007 - 2008,BC Arts Council,Open Government Licence - British Columbia,file,CSV XLS,2023-06-15,https://catalogue.data.gov.bc.ca/dataset/bc-arts-council-annual-arts-awards-listing-2007-2008,"The British Columbia Arts Council is an independent agency that supports arts and cultural activities including professional dance companies, art galleries, local museums and music festivals in communities across British Columbia. A critical part of the BC Arts Council mandate is to support arts and"
BC Arts Council Annual Arts Awards Listing 2008 - 2009,BC Arts Council,Open Government Licence - British Columbia,file,CSV XLS,2023-06-16,https://catalogue.data.gov.bc.ca/dataset/bc-arts-council-annual-arts-awards-listing-2008-2009,"The British Columbia Arts Council is an independent agency that supports arts and cultural activities including professional dance companies, art galleries, local museums and music festivals in communities across British Columbia. A critical part of the BC Arts Council mandate is to support arts and"
BC Arts Council Annual Arts Awards Listing 2009 - 2010,BC Arts Council,Open Government Licence - British Columbia,file,CSV XLS,2023-06-15,https://catalogue.data.gov.bc.ca/dataset/bc-arts-council-annual-arts-awards-listing-2009-2010,"The British Columbia Arts Council is an independent agency that supports arts and cultural activities including professional dance companies, art galleries, local museums and music festivals in communities across British Columbia. A critical part of the BC Arts Council mandate is to support arts and"
BC Arts Council Annual Arts Awards Listing 2010 - 2011,BC Arts Council,Open Government Licence - British Columbia,file,CSV XLS,2023-06-15,https://catalogue.data.gov.bc.ca/dataset/bc-arts-council-annual-arts-awards-listing-2010-2011,"The British Columbia Arts Council is an independent agency that supports arts and cultural activities including professional dance companies, art galleries, local museums and music festivals in communities across British Columbia. A critical part of the BC Arts Council mandate is to support arts and"
BC Arts Council Annual Arts Awards Listing 2011 - 2012,BC Arts Council,Open Government Licence - British Columbia,file,CSV XLS,2023-06-15,https://catalogue.data.gov.bc.ca/dataset/bc-arts-council-annual-arts-awards-listing-2011-2012,"The British Columbia Arts Council is an independent agency that supports arts and cultural activities including professional dance companies, art galleries, local museums and music festivals in communities across British Columbia. A critical part of the BC Arts Council mandate is to support arts and"
Historical Sales by Roll Year,BC Assessment Authority,Open Government Licence - BC Assessment,file,CSV PDF XLSX,2026-04-09,https://catalogue.data.gov.bc.ca/dataset/historical-sales-by-roll-year,The Historical Sales by Roll year data set provides a breakdown of the number of single family or strata residential sales that occurred each quarter and by jurisdiction for all jurisdictions in the province. The report provides historical sales from 2014 and onward.
Roll Totals and Historical Assessed Value Changes by Class and Jurisdiction,BC Assessment Authority,Open Government Licence - BC Assessment,file,CSV PDF XLSX,2026-04-09,https://catalogue.data.gov.bc.ca/dataset/roll-totals-and-historical-assessed-value-changes-by-class-and-jurisdiction,"An assessment is the determination of a property’s market value, classification and applicable exemptions each year. In early January, property owners receive a BC Assessment Property Assessment Notice showing the property’s value, class and applicable exemptions. This assessment is the basis used b"
BC Annual Coal Production from 1866 Onwards,BC Geological Survey,Open Government Licence - British Columbia,file,CSV XLS,2023-08-29,https://catalogue.data.gov.bc.ca/dataset/bc-annual-coal-production-from-1866-onwards,"British Columbia annual production and values for coal are presented for years from 1866 to 2020. The data are from British Columbia Energy, Mines and Low Carbon Innovation, and Natural Resources Canada. "
BC Annual Construction Aggregate Production from 1930 Onwards,BC Geological Survey,Open Government Licence - British Columbia,file,CSV XLS,2023-08-29,https://catalogue.data.gov.bc.ca/dataset/bc-annual-construction-aggregate-production-from-1930-onwards,"British Columbia annual construction aggregate production and values are presented for years from 1930 to 2019. The table shows construction aggregate annual production and values for sand and gravel and crushed stone. The data are from British Columbia Ministry of Energy, Mines and Low Carbon Innov"
BC Annual Industrial Minerals Production from 1904 Onwards,BC Geological Survey,Open Government Licence - British Columbia,file,CSV XLS,2023-08-29,https://catalogue.data.gov.bc.ca/dataset/bc-annual-industrial-minerals-production-from-1904-onwards,"British Columbia annual industrial minerals production and values are presented for key commodities for the years from 1904 to 2019. The table shows industrial minerals annual production and values for asbestos, barite, cement, clay products, gemstones (jade), graphite, gypsum, lime, magnesitic dolo"
BC Annual Metal Shipments from 1858 Onwards,BC Geological Survey,Open Government Licence - British Columbia,file,CSV XLS,2023-08-29,https://catalogue.data.gov.bc.ca/dataset/bc-annual-metal-shipments-from-1858-onwards,"British Columbia annual metal shipments and values are presented for years from 1858 to 2019. The table shows annual production shipments and values for copper, gold, silver, molybdenum, lead and zinc. The data are primarily from Natural Resources Canada. This also includes annual placer gold shipme"
Bedrock Geology,BC Geological Survey,Open Government Licence - British Columbia,file,KML OTHER SHP WMS XML,2023-08-29,https://catalogue.data.gov.bc.ca/dataset/bedrock-geology,"British Columbia Digital Geology is the data source used for the seamless province-wide, up-to-date, and detailed bedrock geology. The bedrock geology is standardized with consistent stratigraphic code and geometries, and integrates all details of compilations from 1:50,000 to 1:250,000. The latest "
Coal Fields of BC with Coal Bed Methane Potential,BC Geological Survey,Open Government Licence - British Columbia,file,KML MULTIPLE WMS,2023-08-29,https://catalogue.data.gov.bc.ca/dataset/coal-fields-of-bc-with-coal-bed-methane-potential,A polygon coverage showing the location of coalfields with coalbed methane (cbm) potential in BC
Cruise Ship Routes,BC Geological Survey,Open Government Licence - British Columbia,file,KML MULTIPLE WMS,2023-08-28,https://catalogue.data.gov.bc.ca/dataset/cruise-ship-routes,Routes that cruise ships travel off the coast of BC
Geology Faults,BC Geological Survey,Open Government Licence - British Columbia,file,KML MULTIPLE SHP WMS,2023-08-29,https://catalogue.data.gov.bc.ca/dataset/geology-faults,"Geology faults are part of the British Columbia Digital Geology, which is the data source used for the seamless province-wide, up-to-date, and detailed bedrock geology. The bedrock geology integrates all details of compilations from 1:50,000 to 1:250,000. The data is maintained by a geospatial frame"
Regional Geochemical Stream Water Sampling,BC Geological Survey,Open Government Licence - British Columbia,file,XLSX,2023-08-29,https://catalogue.data.gov.bc.ca/dataset/regional-geochemical-stream-water-sampling,"Stream water samples are collected as part of the Regional Geochemical Survey (RGS) program, which covers over 80% of British Columbia. An additional 4332 stream and lake water samples were analyzed by ICP-MS, ICP-ES and other methods for trace and minor elements in NTS map areas 082M, 093C/D/F/K/L/"
Regional Geochemical Survey Data,BC Geological Survey,Open Government Licence - British Columbia,file,KML WMS XLSX,2023-06-29,https://catalogue.data.gov.bc.ca/dataset/regional-geochemical-survey-data,2020 DATABASE (Excel): The joint federal-provincial Regional Geochemical Surveys (RGS) have been carried out in British Columbia since 1976 as part of the National Geochemical Reconnaissance (NGR) program to aid exploration and development of mineral resources. The British Columbia Geological Survey
BC Parks Data API Access,BC Parks,Open Government Licence - British Columbia,file,CSV JSON,2026-05-19,https://catalogue.data.gov.bc.ca/dataset/bc-parks-data-api-access,"BC Parks data is available through the BC Parks API. The data contains information on provincial parks, conservation areas, and ecological reserves. This includes detailed descriptions of protected areas, available activities, amenities, park status, etc. BC Parks API is an open REST and GraphQL API"
BC Parks Visitor Attendance and Revenue Statistics Report - Fiscal 2010,BC Parks,Open Government Licence - British Columbia,file,CSV,2023-10-16,https://catalogue.data.gov.bc.ca/dataset/bc-parks-visitor-attendance-and-revenue-statistics-report-fiscal-2010,"This report present important information related to BC Parks visitor services for the 2010 fiscal year (April 1, to March 31). It contains detailed park attendance and revenue information for day use, camping and boating. BC Parks changed the reporting structure and is now called Statistic Reports."
BC Parks Visitor Attendance and Revenue Year End Report - Fiscal 2005,BC Parks,Open Government Licence - British Columbia,file,CSV,2023-10-16,https://catalogue.data.gov.bc.ca/dataset/bc-parks-visitor-attendance-and-revenue-year-end-report-fiscal-2005,"This report present important information related to BC Parks visitor services for the 2005 fiscal year (April 1, to March 31). It contains detailed park attendance and revenue information for day use, camping and boating."
BC Parks Visitor Attendance and Revenue Year End Report - Fiscal 2006,BC Parks,Open Government Licence - British Columbia,file,CSV,2023-10-16,https://catalogue.data.gov.bc.ca/dataset/bc-parks-visitor-attendance-and-revenue-year-end-report-fiscal-2006,"This report present important information related to BC Parks visitor services for the 2006 fiscal year (April 1, to March 31). It contains detailed park attendance and revenue information for day use, camping and boating."
BC Parks Visitor Attendance and Revenue Year End Report - Fiscal 2007,BC Parks,Open Government Licence - British Columbia,file,CSV,2023-10-16,https://catalogue.data.gov.bc.ca/dataset/bc-parks-visitor-attendance-and-revenue-year-end-report-fiscal-2007,"This report present important information related to BC Parks visitor services for the 2007 fiscal year (April 1, to March 31). It contains detailed park attendance and revenue information for day use, camping and boating."
BC Parks Visitor Attendance and Revenue Year End Report - Fiscal 2008,BC Parks,Open Government Licence - British Columbia,file,CSV,2023-10-16,https://catalogue.data.gov.bc.ca/dataset/bc-parks-visitor-attendance-and-revenue-year-end-report-fiscal-2008,"This report present important information related to BC Parks visitor services for the 2008 fiscal year (April 1, to March 31). It contains detailed park attendance and revenue information for day use, camping and boating."
BC Parks Visitor Attendance and Revenue Year End Report - Fiscal 2009,BC Parks,Open Government Licence - British Columbia,file,CSV,2023-10-16,https://catalogue.data.gov.bc.ca/dataset/bc-parks-visitor-attendance-and-revenue-year-end-report-fiscal-2009,"This report present important information related to BC Parks visitor services for the 2009 fiscal year (April 1, to March 31). It contains detailed park attendance and revenue information for day use, camping and boating."
"BC Parks, Ecological Reserves, and Protected Areas",BC Parks,Open Government Licence - British Columbia,file,KML MULTIPLE WMS,2026-09-24,https://catalogue.data.gov.bc.ca/dataset/bc-parks-ecological-reserves-and-protected-areas,"This dataset contains parks and protected areas managed for important conservation values and are dedicated for the preservation of their natural environments for the inspiration, use and enjoyment of the public. Places of special ecological importance are designated as ecological reserves for scien"
TANTALIS - Conservancy Areas,BC Parks,Open Government Licence - British Columbia,file,KML MULTIPLE WMS,2026-09-24,https://catalogue.data.gov.bc.ca/dataset/tantalis-conservancy-areas,"TA_CONSERVANCY_AREAS_SVW contains the spatial representation (polygon) of the conservancy areas designated under the Park Act or by the Protected Areas of British Columbia Act, whose management and development is constrained by the Park Act. The view was created to provide a simplified view of this "
Terrestrial Protected Area Representation by Ecosection,BC Parks,Open Government Licence - British Columbia,file,KML MULTIPLE WMS,2023-06-29,https://catalogue.data.gov.bc.ca/dataset/terrestrial-protected-area-representation-by-ecosection,"Ecosection boundaries with percent protected, number of overlapping protected areas and other attributes added as a result of geoprocessing in the Protected Area System Overview (PASO) application. Protected area and park representation by ecosection provides a landscape context for natural resource"
Terrestrial Protected Areas Representation by Biogeoclimatic Unit,BC Parks,Open Government Licence - British Columbia,file,KML MULTIPLE WMS,2026-07-09,https://catalogue.data.gov.bc.ca/dataset/terrestrial-protected-areas-representation-by-biogeoclimatic-unit,"Biogeoclimatic Ecosystem Classification (BEC) subzone\variant\phase boundaries with percent protected, number of overlapping protected areas and other attributes added as a result of geoprocessing in the Protected Area System Overview (PASO) application. Protected area and park representation by BEC"
Terrestrial Protected Areas Representation by Biogeoclimatic Zone,BC Parks,Open Government Licence - British Columbia,file,KML MULTIPLE WMS,2026-07-09,https://catalogue.data.gov.bc.ca/dataset/terrestrial-protected-areas-representation-by-biogeoclimatic-zone,"Biogeoclimatic Ecosystem Classification (BEC) zone boundaries with percent protected, number of overlapping protected areas and other attributes added as a result of geoprocessing in the Protected Area System Overview (PASO) application. Protected area and park representation by BEC zone provides a "
Annual Business Formations,BC Stats,Open Government Licence - British Columbia,file,CSV PDF XLSX,2026-06-26,https://catalogue.data.gov.bc.ca/dataset/annual-business-formations,"Annual number of business incorporations in British Columbia by development region, regional district and municipality. If you need help with this dataset, you can reach BC Stats at the email below; however, submitting a support request is recommended. Source: BC Registries, Ministry of Citizens' Se"
Annual Estimates of the Homeless Population in B.C.,BC Stats,Open Government Licence - British Columbia,file,CSV PDF,2026-02-26,https://catalogue.data.gov.bc.ca/dataset/annual-estimates-of-the-homeless-population-in-b-c-,"BC Stats (with partners at the Ministry of Housing, Ministry of Social Development and Poverty Reduction (SDPR), and BC Housing) has developed aggregated summary statistics estimating the homeless population in B.C. These estimates were derived from three administrative service use datasets from the"
Annual High Technology Indicators,BC Stats,Open Government Licence - British Columbia,file,CSV PDF XLSX,2026-06-11,https://catalogue.data.gov.bc.ca/dataset/annual-high-technology-indicators,"These resources contain key indicators for the high technology sector in BC and other provinces. Among the indicators are business counts by high technology industry, GDP, revenue, wages and salaries and trade. "
Annual Labour Force Characteristics and Employment from Labour Force Survey (LFS),BC Stats,Statistics Canada Open Licence,file,OTHER XLSX,2026-03-31,https://catalogue.data.gov.bc.ca/dataset/annual-labour-force-characteristics-and-employment-from-labour-force-survey-lfs-,Datasets excerpts from the Labour Force Survey provided by Statistics Canada. The data in these tables have additional details compared to datasets available on the Statistics Canada website. All data provided is on an annual basis. Note: Files require the Beyond 20/20 Professional Browser. Informat
Annual Labour Force Characteristics and Wages by Disability Status from Labour Force Survey (LFS),BC Stats,Statistics Canada Open Licence,file,XLSX,2026-03-13,https://catalogue.data.gov.bc.ca/dataset/annual-labour-force-characteristics-and-wages-by-disability-status-from-labour-force-survey-lfs-,Dataset excerpts from the Labour Force Survey (LFS) provided by Statistics Canada. The data in this table have additional details compared to datasets available on the Statistics Canada website. All data provided is on an annual basis and covers the period 2022 to 2023. If you need help with this da
Annual Labour Force Characteristics and Wages from Labour Force Survey (LFS),BC Stats,Statistics Canada Open Licence,file,OTHER XLSX,2026-06-01,https://catalogue.data.gov.bc.ca/dataset/annual-labour-force-characteristics-and-wages-from-labour-force-survey-lfs-,Datasets excerpts from the Labour Force Survey provided by Statistics Canada. The data in these tables have additional details compared to datasets available on the Statistics Canada Website. All data provided is on an annual basis. Data is available up to 2024 and current as of April 2025. Note: Fi
Annual Tourism Indicators,BC Stats,Open Government Licence - British Columbia,file,CSV XLSX,2026-05-06,https://catalogue.data.gov.bc.ca/dataset/annual-tourism-indicators,"This file summarizes several indicators for the tourism industry. It contains annual information for key economic indicators of the tourism industry such as establishments by development region, size and tourism region. Tourism spending, revenue, GDP, price index, employment and wages. If you need h"
B.C. Housing Affordability,BC Stats,Open Government Licence - British Columbia,file,CSV PDF,2026-08-20,https://catalogue.data.gov.bc.ca/dataset/b-c-housing-affordability,"Note: the best method to download the .csv file is to right click on the ‘Access/Download’ link on the box to the right, and then select ‘Save link as’ to download the .csv file directly. This data provides a quarterly overview of housing affordability for homeowners in B.C. and in its major cities "
B.C. Socioeconomic Index,BC Stats,Open Government Licence - British Columbia,file,CSV HTML,2026-03-10,https://catalogue.data.gov.bc.ca/dataset/b-c-socioeconomic-index,"The British Columbia Socioeconomic, Community, and Health Index (the Index) was developed to measure socioeconomic wellbeing across geographic areas in British Columbia. The Index is one comprehensive measure that summarizes B.C.’s various data sources in an easy to access way, identifying the varia"
BC CIP to NOC Transition,BC Stats,Open Government Licence - British Columbia,file,CSV PDF,2026-03-30,https://catalogue.data.gov.bc.ca/dataset/bc-cip-to-noc-transition,The BC Stats CIP (Classification of Instructional Programs) to NOC (National Occupational Classification) report is a dataset designed to track student transitions from post-secondary institution training into the labour market. It is intended to provide information for post-secondary institutions t
BC College Region Boundaries,BC Stats,Open Government Licence - British Columbia,file,KML MULTIPLE WMS,2023-06-29,https://catalogue.data.gov.bc.ca/dataset/bc-college-region-boundaries,The BC College Region Boundaries are administrative areas for Colleges within the province of BC. They are generally named for the largest university/college in the region.
BC Demographic Survey: DIP Data Linkage Rates,BC Stats,Open Government Licence - British Columbia,file,CSV PDF,2025-06-11,https://catalogue.data.gov.bc.ca/dataset/bc-demographic-survey-dip-data-linkage-rates,"The BC Demographic Survey: DIP Linkage Rates resources provide information on data linkage between the 2023 BC Demographic Survey and other available datasets in the Data Innovation Program (DIP). Overall linkage rates are provided for each DIP administrative dataset, which indicate the percentage o"
BC Economic Accounts (BCEA) and Gross Domestic Product (GDP) Annual Data,BC Stats,Open Government Licence - British Columbia,file,XLSX,2026-06-26,https://catalogue.data.gov.bc.ca/dataset/bc-economic-accounts-bcea-and-gross-domestic-product-gdp-annual-data,"The B.C. Economic Accounts (BCEA) translate information on income, savings and key economic processes – such as production, capital formation and consumption – into a consistent system of statistics that can be used to explain the functioning of the economy. In addition, the BCEA contain important d"
BC Outdoor Recreation Satellite Account (ORSA),BC Stats,Open Government Licence - British Columbia,file,CSV XLSX,2026-09-17,https://catalogue.data.gov.bc.ca/dataset/bc-outdoor-recreation-satellite-account-orsa-,"The BC Stats Outdoor Recreation Satellite Account (ORSA) is based on the BC Stats Input-Output Model. ORSA estimates the macroeconomic impacts of outdoor recreation activities in BC. The macroeconomic indicators include GDP, income, jobs and taxes generated by the outdoor recreation sector in Britis"
BC Population Projections,BC Stats,Open Government Licence - British Columbia,file,XLSX,2026-07-17,https://catalogue.data.gov.bc.ca/dataset/bc-population-projections,"A population projection is a forecast of future population growth. BC Stats applies the Component/Cohort-Survival method to project the population. This method ""grows"" the population from the latest base year estimate by forecasting births, deaths and migration by age. These forecasts are based on p"
BC Public Service - Workforce Profiles,BC Stats,Open Government Licence - British Columbia,file,CSV,2026-09-10,https://catalogue.data.gov.bc.ca/dataset/bc-public-service-workforce-profiles,"The Workforce Profiles datasets provide B.C. Public Service representation statistics on employees who identify themselves as women, Indigenous, persons with disabilities, racialized, and 2SLGBTQ+. Demographic data is gathered through BC Stats' corporate surveys and the resulting statistics are used"
BC Public Service Work Environment Survey: Ministry Results,BC Stats,Open Government Licence - British Columbia,file,CSV XLSX,2026-02-03,https://catalogue.data.gov.bc.ca/dataset/bc-public-service-work-environment-survey-ministry-results,This Excel workbook contains results from the BC Public Service Work Environment Survey dating back to 2013. The survey is administered biennially (every 2 years) to all active employees in the BC Public Service that are under the Public Service Act. All closed-ended survey questions are included in
BC Small Business Profile,BC Stats,Open Government Licence - British Columbia,file,CSV PDF,2026-05-11,https://catalogue.data.gov.bc.ca/dataset/bc-small-business-profile,"The B.C. Small Business Profile gives data and analysis on small businesses and their impact on B.C.’s economy. This information can help policy makers support small businesses to grow in an inclusive, innovative and sustainable way. Small businesses are defined as businesses with fewer than 50 empl"
BC Stats Regional Industry Multipliers,BC Stats,Open Government Licence - British Columbia,file,CSV,2026-08-25,https://catalogue.data.gov.bc.ca/dataset/bc-stats-regional-industry-multipliers,"The BC Stats Regional Industry Multipliers are based on the BC Stats Input-Output Model. They provide a consistent and transparent way to estimate economic impacts of production (output) and investment in B.C. and show how spending moves through the economy via direct, indirect and induced effects. "
BC Student Outcomes Program Data Viewer File,BC Stats,Open Government Licence - British Columbia,file,CSV PDF,2026-04-15,https://catalogue.data.gov.bc.ca/dataset/bc-student-outcomes-program-data-viewer-file,"Each year, tens of thousands of former post-secondary students are asked about their educational experiences, subsequent employment, and further studies. Find out what former students are doing one to two years after their B.C. post-secondary education."
BC Sub-Provincial Household Estimates and Projections,BC Stats,Open Government Licence - British Columbia,file,CSV PDF,2026-05-28,https://catalogue.data.gov.bc.ca/dataset/bc-sub-provincial-household-estimates-and-projections-,"Sub-provincial household estimates and projections for various region types of British Columbia including Development Regions, Regional Districts, incorporated municipalities and other regions. The data set includes the number and average number of persons per household for every sub-provincial regi"
BC Sub-Provincial Population Estimates and Projections,BC Stats,Open Government Licence - British Columbia,file,CSV PDF,2026-05-29,https://catalogue.data.gov.bc.ca/dataset/bc-sub-provincial-population-estimates-and-projections,Sub-provincial population estimates and projections by age and gender for a variety of region types. Customizable breakdowns for counts and additional statistics are available via [BC Stats' Population App](https://bcstats.shinyapps.io/popApp/). Estimates: A population estimate is a measure of the c
Bankruptcies,BC Stats,Open Government Licence - British Columbia,file,CSV PDF XLSX,2026-09-17,https://catalogue.data.gov.bc.ca/dataset/bankruptcies,"Datasets of monthly, quarterly, and annual bankruptcy figures in B.C. and Canada. If you need help with this dataset, you can reach BC Stats at the email below; however, submitting a support request is recommended. Source: Office of the Superintendent of Bankruptcy Canada, accessed various times 202"
Building Permits (BPER),BC Stats,Open Government Licence - British Columbia,file,CSV PDF XLSX,2026-08-21,https://catalogue.data.gov.bc.ca/dataset/building-permits-bper-,"Building permit data and highlights report for Canada and British Columbia, including permit values and number of residential units created. British Columbia data is available at the census division and census subdivision levels. Annual data for British Columbia is available at the economic region l"
Canadian Community Health Survey (CCHS) Pooled Demographic and Income Data,BC Stats,Statistics Canada Open Licence,file,XLSX,2026-09-16,https://catalogue.data.gov.bc.ca/dataset/canadian-community-health-survey-cchs-pooled-demographic-and-income-data,Dataset excerpts from the Canadian Community Health Survey (CCHS) provided by Statistics Canada. The data in these tables have additional details compared to datasets available on the Statistics Canada website. The data is provided as pooled for years 2022 to 2024. Median income data is given by dem
Canadian Survey on Disability (CSD) 2022,BC Stats,Statistics Canada Open Licence,file,XLSX,2026-03-13,https://catalogue.data.gov.bc.ca/dataset/canadian-survey-on-disability-csd-2022,Dataset excerpt from the Canadian Survey on Disability (CSD) provided by Statistics Canada. The data in this table have additional details compared to datasets available on the Statistics Canada website. All data provided is on an annual basis for reference year 2022. If you need help with this data
Census 2021 Commuting flow by Place of Work and Place of Residence by Gender and Occupation,BC Stats,Statistics Canada Open Licence,file,OTHER XLSX,2026-07-31,https://catalogue.data.gov.bc.ca/dataset/census-2021-commuting-flow-by-place-of-work-and-place-of-residence-by-gender-and-occupation,Dataset excerpts from the 2021 Census of Population provided by Statistics Canada. The data in this table have additional details compared to datasets available on the Statistics Canada website. This data file covers 2021 Census of Population data on commuting flows by Place of Work (POW) and Place 
Census Age Characteristic Profiles for Community Health Service Areas - 2016 Census,BC Stats,Statistics Canada Open Licence,file,KML MULTIPLE WMS,2023-11-05,https://catalogue.data.gov.bc.ca/dataset/census-age-characteristic-profiles-for-community-health-service-areas-2016-census,Age characteristics by sex and age groups (100% data). 2016 Census profile data at the Community Health Service Areas (CHSA) level.
Census Age Profiles for Community Health Service Areas - 2016 Census,BC Stats,Statistics Canada Open Licence,file,KML MULTIPLE WMS,2023-11-05,https://catalogue.data.gov.bc.ca/dataset/census-age-profiles-for-community-health-service-areas-2016-census,Age characteristics in private households by sex and age groups (25% sample data). 2016 Census profile data at the Community Health Service Areas (CHSA) level.
Census Agricultural Regions (All Years),BC Stats,Statistics Canada Open Licence,file,KML ORACLE_SDE WMS,2023-06-29,https://catalogue.data.gov.bc.ca/dataset/census-agricultural-regions-all-years-,"Census agricultural regions (CARs) are composed of groups of adjacent census divisions and are used by the Census of Agriculture to disseminate agricultural statistics. This dataset contains the CAR boundaries for all censuses, from the 2021 Canada census onwards. Source: [Dictionary, Census of Popu"
Census Families Profiles for Community Health Service Areas - 2016 Census,BC Stats,Statistics Canada Open Licence,file,KML MULTIPLE WMS,2023-11-05,https://catalogue.data.gov.bc.ca/dataset/census-families-profiles-for-community-health-service-areas-2016-census,"Census families in [private households](https://www12.statcan.gc.ca/census-recensement/2016/ref/dict/households-menage014-eng.cfm) by family size, marital status, number of parents, and number of children. This data comes from the 2016 Canadian Census short form (100% coverage). Summaries are provid"
Census Geographic Attribute File,BC Stats,Statistics Canada Open Licence,file,CSV,2025-05-23,https://catalogue.data.gov.bc.ca/dataset/census-geographic-attribute-file,"The Geographic Attribute File from Statistics Canada contains geographic data at the dissemination block level. The file includes geographic codes, land area, population and dwelling counts, names, unique identifiers, DGUIDs and types, where applicable. The file has been filtered from the original v"
Census Marital Status Profiles by Sex and Relationship Type for CHSA - 2016 Census,BC Stats,Statistics Canada Open Licence,file,KML MULTIPLE WMS,2023-11-05,https://catalogue.data.gov.bc.ca/dataset/census-marital-status-profiles-by-sex-and-relationship-type-for-chsa-2016-census,Marital status for persons aged 15 and over in private households by sex and relationship type (25% sample data). 2016 Census profile data at the Community Health Service Areas (CHSA) level.
Census Marital Status Profiles for Community Health Service Areas - 2016 Census,BC Stats,Statistics Canada Open Licence,file,KML MULTIPLE WMS,2023-11-05,https://catalogue.data.gov.bc.ca/dataset/census-marital-status-profiles-for-community-health-service-areas-2016-census,Marital status for persons aged 15 and over by sex and relationship type (100% data). 2016 Census profile data at the Community Health Service Areas (CHSA) level.
Census Profiles for BC Census Divisions - 2016 Census,BC Stats,Statistics Canada Open Licence,file,CSV HTML KML MULTIPLE PDF WMS,2023-06-29,https://catalogue.data.gov.bc.ca/dataset/census-profiles-for-bc-census-divisions-2016-census1,"Comprehensive set of census profile attributes for census divisions, including attributes describing population age, housing and shelter, spoken languages, occupations and labour, industry, commuting, education, and industry."
Census Profiles for BC Census Divisions - 2021 Census,BC Stats,Statistics Canada Open Licence,file,KML ORACLE_SDE WMS ZIP,2023-06-29,https://catalogue.data.gov.bc.ca/dataset/census-profiles-for-bc-census-divisions-2021-census,"Comprehensive set of census profile attributes for census divisions, including attributes describing population age, housing and shelter, spoken languages, occupations and labour, industry, commuting, education, and industry. Data elements in this view will be populated as data becomes available fro"
Census Profiles for BC Census Subdivisions - 2016 Census,BC Stats,Statistics Canada Open Licence,file,CSV HTML KML MULTIPLE PDF WMS,2023-07-20,https://catalogue.data.gov.bc.ca/dataset/census-profiles-for-bc-census-subdivisions-2016-census,"Comprehensive set of census profile attributes for census subdivisions, including attributes describing population age, housing and shelter, spoken languages, occupations and labour, industry, commuting, education, and industry."
Census Profiles for BC Census Subdivisions - 2021 Census,BC Stats,Statistics Canada Open Licence,file,KML ORACLE_SDE WMS ZIP,2025-05-21,https://catalogue.data.gov.bc.ca/dataset/census-profiles-for-bc-census-subdivisions-2021-census,"Comprehensive set of census profile attributes for census subdivisions, including attributes describing population age, housing and shelter, spoken languages, occupations and labour, industry, commuting, education, and industry. Data elements in this view will be populated as data becomes available "
Census Profiles for BC Provincial Electoral Districts,BC Stats,Statistics Canada Open Licence,file,CSV TXT,2026-03-13,https://catalogue.data.gov.bc.ca/dataset/census-profiles-for-bc-provincial-electoral-districts,"Compilations of descriptive statistics from the Census of Population specific to British Columbia and each of its provincial electoral districts. These semi-custom Census Profiles include statistics describing age and gender, families and household types, housing, labour and income, immigration and "
Census Semi-custom Profile - Health Regions of British Columbia,BC Stats,Statistics Canada Open Licence,file,CSV PDF,2026-03-13,https://catalogue.data.gov.bc.ca/dataset/census-semi-custom-profile-health-regions-of-british-columbia,"Open Data - Census profile data for each of the British Columbia Ministry of Health geographies (HA's, HSDA's, LHA's, CHSA's) for the 2016 and 2021 Census: If you need help with this dataset, you can reach BC Stats at the email below; however, submitting a support request is recommended. * [Health A"
Consumer Price Index (CPI) Data Tables and Highlights (2002=100),BC Stats,Open Government Licence - British Columbia,file,CSV PDF XLSX,2026-09-14,https://catalogue.data.gov.bc.ca/dataset/consumer-price-index-cpi-data-tables-and-highlights-2002-100-,"This dataset includes monthly, fiscal, and annual releases produced by BC Stats using data from the Consumer Price Index (CPI). If you need help with this dataset, you can reach BC Stats at the email below; however, submitting a support request is recommended. Adapted from Statistics Canada, Consume"
Current Census Agricultural Regions,BC Stats,Statistics Canada Open Licence,file,KML ORACLE_SDE WMS,2023-06-29,https://catalogue.data.gov.bc.ca/dataset/current-census-agricultural-regions,"Census agricultural regions (CARs) are composed of groups of adjacent census divisions and are used by the Census of Agriculture to disseminate agricultural statistics. This dataset contains the CAR boundaries for the most recent Canada census. Source: [Dictionary, Census of Population, 2021](https:"
Current Census Consolidated Subdivisions,BC Stats,Statistics Canada Open Licence,file,KML MULTIPLE WMS,2023-06-29,https://catalogue.data.gov.bc.ca/dataset/current-census-consolidated-subdivisions,"A census consolidated subdivision (CCS) is a statistical area of aggregated census subdivisions used by the Census of Agriculture. A census consolidated subdivision is a grouping of adjacent census subdivisions. Generally, the smaller more urban census subdivisions (towns, villages, etc.) are combin"
Current Census Dissemination Areas,BC Stats,Statistics Canada Open Licence,file,KML MULTIPLE WMS,2023-06-29,https://catalogue.data.gov.bc.ca/dataset/current-census-dissemination-areas,Please note this data is only licensed for use by specific government agencies. A dissemination area is a small area composed of one or more neighbouring blocks and is the smallest standard geographic area for which all census data are disseminated. The digital boundary file contains the boundaries 
Current Census Dissemination Blocks,BC Stats,Statistics Canada Open Licence,file,KML MULTIPLE WMS,2023-06-29,https://catalogue.data.gov.bc.ca/dataset/current-census-dissemination-blocks,Please note this data is only licensed for use by specific government agencies. A dissemination block is an area bounded on all sides by roads and/or boundaries of standard geographic areas and is the smallest geographic area for which population and dwelling count data are disseminated. The digital
Current Census Division Boundaries,BC Stats,Statistics Canada Open Licence,file,KML MULTIPLE WMS,2023-06-29,https://catalogue.data.gov.bc.ca/dataset/current-census-division-boundaries,"A census division is an administrative area, which is a component of the Standard Geographical Classification and comprised of census subdivisions. Census division is the general term for provincially legislated areas (such as regional municipality and regional district) or their equivalents. Census"
Current Census Economic Regions,BC Stats,Statistics Canada Open Licence,file,KML MULTIPLE WMS,2023-06-29,https://catalogue.data.gov.bc.ca/dataset/current-census-economic-regions,"An economic region (ER) is a grouping of complete census divisions created as a standard geographic area for analysis of regional economic activity. Source: Statistics Canada, Economic regions, 2016. Reproduced and distributed on an ""as is"" basis with the permission of Statistics Canada."
Current Census Metropolitan Areas,BC Stats,Statistics Canada Open Licence,file,KML MULTIPLE WMS,2023-06-29,https://catalogue.data.gov.bc.ca/dataset/current-census-metropolitan-areas,"A census metropolitan area (CMA) or a census agglomeration (CA) is formed by one or more adjacent municipalities centred on a large urban area (known as the urban core). The census population count of the urban core is at least 10,000 to form a census agglomeration and at least 50,000 to form a cens"
Current Census Subdivision Boundaries,BC Stats,Statistics Canada Open Licence,file,KML MULTIPLE WMS,2024-07-12,https://catalogue.data.gov.bc.ca/dataset/current-census-subdivision-boundaries,"A census subdivision is an administrative area, which is a component of the Standard Geographical Classification. Census subdivision is the general term for municipalities, as determined by provincial legislation, or areas treated as municipal equivalents for statistical purposes, for example, India"
Current Census Tracts,BC Stats,Statistics Canada Open Licence,file,KML MULTIPLE WMS,2023-11-05,https://catalogue.data.gov.bc.ca/dataset/current-census-tracts,"The Census Tract Boundary Files portray the census tract boundaries for which 2006 Census data are disseminated. Census tracts are small, relatively stable geographic areas that usually have a population of 2,500 to 8,000. They are located in census metropolitan areas and in census agglomerations wi"
Data Dictionary for Statistics Canada 2016 Census Profile Dimensions in BCGW,BC Stats,Statistics Canada Open Licence,file,CSV HTML MULTIPLE PDF,2022-02-22,https://catalogue.data.gov.bc.ca/dataset/data-dictionary-for-statistics-canada-2016-census-profile-dimensions-in-bcgw,"The Census Profiles present information from the 2016 Census of Population for various levels of geography, including the Province of BC, BC's Census Divisions and BC's Census Subdivisions. Not all of the dimensions offered in the Census Profiles have been captured in the views stored in the BC Geog"
Data Literacy Program Needs Assessment Survey Results,BC Stats,Open Government Licence - British Columbia,file,CSV PDF TXT,2022-04-06,https://catalogue.data.gov.bc.ca/dataset/data-literacy-program-needs-assessment-survey-results,The data literacy program put out a survey to assess the current level of data literacy across the BC Public Service. The nine survey questions identified perceived and expressed needs to support data skills development. The survey was posted on an internal government web page of the Digital Platfor
Economic Inclusion: Earnings Gaps between White and Racialized BC Workers,BC Stats,Open Government Licence - British Columbia,file,CSV XLSX,2025-10-30,https://catalogue.data.gov.bc.ca/dataset/economic-inclusion-earnings-gaps,"In June 2022, the Province passed the Anti-Racism Data Act, setting a foundation to begin anti-racism research in B.C. This data is part of the 2025 release of statistics on the economic inclusion research priority. The data files accompany the economic inclusion technical report on earnings gaps be"
Economic Indicators Application Data,BC Stats,Open Government Licence - British Columbia,file,CSV,2026-09-04,https://catalogue.data.gov.bc.ca/dataset/economic-indicators-application-data,"This dataset provides monthly international trade exports from British Columbia, broken down by commodity and destination, along with hotel occupancy rates. All data are uploaded monthly to the Economic Indicators App. If you need help with this dataset, you can reach BC Stats at the email below; ho"
Education Level Profiles for Community Health Service Areas - 2016 Census,BC Stats,Statistics Canada Open Licence,file,KML MULTIPLE WMS,2023-11-05,https://catalogue.data.gov.bc.ca/dataset/education-level-profiles-for-community-health-service-areas-2016-census,"Highest certificate, diploma or degree achieved in private households, by age (25% sample data). 2016 Census profile data at the Community Health Service Areas (CHSA) level."
Historical Versions: Annual Estimates of the Homeless Population in B.C.,BC Stats,Open Government Licence - British Columbia,file,CSV,2026-02-26,https://catalogue.data.gov.bc.ca/dataset/historical-versions-annual-estimates-of-the-homeless-population-in-b-c-,This record provides **historical releases** of the *Annual Estimates of the Homeless Population in B.C.* dataset. Each historical version includes the estimates and accompanying methodology as published in its corresponding year. These versions are retained to support reproducibility and historical
Household Spending Characteristics,BC Stats,Statistics Canada Open Licence,file,CSV XLSX,2025-05-28,https://catalogue.data.gov.bc.ca/dataset/household-spending-characteristics-,"Extract for the relevant data for British Columbia and Canada in the Statistics Canada Survey of Household Spending. This data source contains relevant information regarding household characteristics, specifically regarding the household dwelling (such as size and available equipment and services in"
"Housing Starts, Urban Areas and Communities",BC Stats,Open Government Licence - British Columbia,file,CSV PDF XLSX,2026-04-20,https://catalogue.data.gov.bc.ca/dataset/housing-starts-urban-areas-and-communities,"Contains British Columbia Annual Housing Starts for Urban Areas and Communities by Standard Geographic Classification (SGC). Adapted from Canada Mortgage and Housing Corporation, BC Historical Housing Starts. This does not constitute an endorsement by Canada Mortgage and Housing Corporation of this "
Immigrant Population Profiles for Community Health Service Areas - 2016 Census,BC Stats,Statistics Canada Open Licence,file,KML MULTIPLE WMS,2023-11-05,https://catalogue.data.gov.bc.ca/dataset/immigrant-population-profiles-for-community-health-service-areas-2016-census,"Immigrant population by status, age at immigration, period of immigration, place of birth, generation, and application status (25% sample data). 2016 Census profile data at the Community Health Service Areas (CHSA) level."
"Income Quintiles for 2020 Counts, Percent, and Ranges in BC and Canada from the 2021 Census",BC Stats,Statistics Canada Open Licence,file,XLSX,2025-08-07,https://catalogue.data.gov.bc.ca/dataset/income-quintiles-for-2020-counts-percent-and-ranges-in-bc-and-canada-from-the-2021-census,"Dataset excerpts from the 2021 Census of Population provided by Statistics Canada. The data in this table have additional details compared to datasets available on the Statistics Canada website. This data file covers 2020 before-tax household income quintiles for BC and Canada, including counts of h"
Income Statistics Profiles for Community Health Service Areas - 2016 Census,BC Stats,Statistics Canada Open Licence,file,KML MULTIPLE WMS,2023-11-05,https://catalogue.data.gov.bc.ca/dataset/income-statistics-profiles-for-community-health-service-areas-2016-census,Income statistics in 2015 for private households by household size (25% sample data). 2016 Census profile data at the Community Health Service Areas (CHSA) level.
Income Statistics Profiles over age of 15 for Community Health Service Areas - 2016 Census,BC Stats,Statistics Canada Open Licence,file,KML MULTIPLE WMS,2023-11-05,https://catalogue.data.gov.bc.ca/dataset/income-statistics-profiles-over-age-of-15-for-community-health-service-areas-2016-census,Income statistics in 2015 for persons aged 15 and over private households by sex and age (25% sample data). 2016 Census profile data at the Community Health Service Areas (CHSA) level.
Indigenous Population Profiles for Community Health Service Areas - 2016 Census,BC Stats,Statistics Canada Open Licence,file,KML MULTIPLE WMS,2026-09-03,https://catalogue.data.gov.bc.ca/dataset/indigenous-population-profiles-for-community-health-service-areas-2016-census,"Indigenous population in private households, by aboriginal identities, sex, and ancestries (25% sample data). 2016 Census profile data at the Community Health Service Areas (CHSA) level."
Inter-provincial and International Migration,BC Stats,Statistics Canada Open Licence,file,CSV,2026-06-17,https://catalogue.data.gov.bc.ca/dataset/inter-provincial-and-international-migration,Estimated inter-provincial and international migration flows for B.C. updated quarterly. Customizable data tables and data visualizations are provided via [BC Stats' Migration App](https://bcstats.shinyapps.io/interprovincial_migration_bc/). Last quarter update: 2026 Q1 (January - March) For interna
International Commodity Exports Trade Data,BC Stats,Open Government Licence - British Columbia,file,PDF XLSX,2026-09-10,https://catalogue.data.gov.bc.ca/dataset/international-commodity-exports-trade-data,This dataset includes monthly and annual releases produced by BC Stats using data primarily from Statistics Canada’s International Trade Statistics (custom extract). Tables on trade in electrical energy are sourced from the Monthly Electricity Supply and Disposition Survey. If you need help with thi
Interprovincial and International Trade Flows,BC Stats,Open Government Licence - British Columbia,file,CSV PDF XLSX,2026-04-30,https://catalogue.data.gov.bc.ca/dataset/interprovincial-and-international-trade-flows,"These tables provide details on the annual trade flows of goods and services between provinces and internationally. Adapted from Statistics Canada, Supply, Use and Input-Output Tables. This does not constitute an endorsement by Statistics Canada of this product. "
Labour Force Profiles 15 years or older for Community Health Service Areas - 2016 Census,BC Stats,Statistics Canada Open Licence,file,KML MULTIPLE WMS,2023-11-05,https://catalogue.data.gov.bc.ca/dataset/labour-force-profiles-15-years-or-older-for-community-health-service-areas-2016-census,"Labour force status by persons aged 15 and over by sex, labour force status, work activity, and class of worker (25% sample data). 2016 Census profile data at the Community Health Service Areas (CHSA) level."
Labour Force Survey (LFS) Median Wages by Detailed Demographics,BC Stats,Statistics Canada Open Licence,file,XLSX,2026-09-22,https://catalogue.data.gov.bc.ca/dataset/labour-force-survey-lfs-median-wages-by-detailed-demographics,"Dataset excerpts from the Labour Force Survey (LFS) provided by Statistics Canada. The data in this table have additional details compared to datasets available on the Statistics Canada website. All data is provided on an annual basis, with two files covering the period from 2022 to 2025, and one fi"
Labour Force Survey (LFS) Monthly and Annual,BC Stats,Open Government Licence - British Columbia,file,PDF XLSX,2026-09-04,https://catalogue.data.gov.bc.ca/dataset/labour-force-survey-lfs-monthly-and-annual,"This dataset includes monthly and annual releases produced by BC Stats using data primarily from the Labour Force Survey (LFS). Tables on earnings and employment trends also reference the Consumer Price Index (CPI). If you need help with this dataset, you can reach BC Stats at the email below; howev"
Local Area Economic Profiles Dataset,BC Stats,Open Government Licence - British Columbia,file,CSV HTML OTHER,2025-07-15,https://catalogue.data.gov.bc.ca/dataset/local-area-economic-profiles-dataset,"This is the complete dataset of the 2025 Local Area Economic Profiles (LAEP) project by BC Stats, which provides detailed information on 103+ sub-provincial areas. For more information on data concepts and methodology, follow the link to BC Stats' website. It is the data in CSV format that is also c"
Longitudinal Administrative Databank (LAD) Median Total Income of Canadian-Born Tax Filers,BC Stats,Statistics Canada Open Licence,file,XLSX,2026-09-22,https://catalogue.data.gov.bc.ca/dataset/longitudinal-administrative-databank-lad-median-total-income-of-canadian-born-tax-filers,"Median total income data from the Longitudinal Administrative Databank (LAD) for Canadian-born tax filers, including the number of observations and median income. Results are provided for those with employment earnings, those without employment earnings, and all Canadian-born tax filers. Data are av"
"Longitudinal Immigration Database (IMDB) Median Wages, Salaries, and Commissions",BC Stats,Statistics Canada Open Licence,file,XLSX,2026-09-22,https://catalogue.data.gov.bc.ca/dataset/longitudinal-immigration-database-imdb-median-wages-salaries-and-commissions,"Median wages, salaries, and commissions of international students and temporary foreign workers from the Longitudinal Immigration Database (IMDB), including the number of tax filers and incidence rates. Results are available by geography (Canada, British Columbia, and Canada excluding British Columb"
Manufacturing Industry Data,BC Stats,Open Government Licence - British Columbia,file,CSV XLSX,2026-06-08,https://catalogue.data.gov.bc.ca/dataset/manufacturing-industry-data,These resources contain annual data about manufacturing shipments (manufacturing activity) in British Columbia by industry. Thousands of dollars.
Migration by Development Region and Regional District,BC Stats,Statistics Canada Open Licence,file,CSV,2026-07-14,https://catalogue.data.gov.bc.ca/dataset/migration-by-development-region-and-regional-district,"Mobility refers to the movement of individuals on a geographic basis, whether it’s international migration between B.C. and the rest of the world or inter-provincial migration between B.C. and other Canadian jurisdictions. The term mobility encompasses those statistics that show the number of migran"
Monthly Tourism Indicators,BC Stats,Open Government Licence - British Columbia,file,CSV XLSX,2026-08-31,https://catalogue.data.gov.bc.ca/dataset/monthly-tourism-indicators,"This file summarizes several indicators for the tourism industry. The data is monthly and seasonally adjusted, so that month-over-month comparisons are meaningful. Data includes food and drinking, accommodations, prices, employment, tourism transit and visitors information. "
Number of Businesses,BC Stats,Open Government Licence - British Columbia,file,CSV XLSX,2026-06-02,https://catalogue.data.gov.bc.ca/dataset/number-of-businesses,"This dataset contains the business counts in British Columbia. Business location counts details are available by size and industry, as well as sub-provincial geographies. Geographic delimitations available are Regional District (RD) and Economic Region (DR), Census Metropolitan Area (CMA) and Census"
Owner and Tenant Shelter-Cost-to-Income Profiles for Community Health Service Areas - 2016 Census,BC Stats,Statistics Canada Open Licence,file,KML MULTIPLE WMS,2023-11-05,https://catalogue.data.gov.bc.ca/dataset/owner-and-tenant-shelter-cost-to-income-profiles-for-community-health-service-areas-2016-census,Owner and tenant household in private dwellings by shelter-cost-to-income ratio (25% sample data). 2016 Census profile data at the Community Health Service Areas (CHSA) level.
Statistics Canada 2016 Census - Selected Fields Stored in the BC Geographic Warehouse,BC Stats,Statistics Canada Open Licence,file,CSV HTML MULTIPLE PDF,2022-02-22,https://catalogue.data.gov.bc.ca/dataset/statistics-canada-2016-census-selected-fields-stored-in-the-bc-geographic-warehouse,"The Census Profiles present information from the 2016 Census of Population for various levels of geography, including the Province of BC, the BC's Census Divisions and BC's Census Subdivisions. This dataset contains a complete set of the Census Profile data for those levels of geography."
Sub-provincial Estimates and Projection for the Indigenous Population of B.C.,BC Stats,Open Government Licence - British Columbia,file,CSV PDF,2026-08-19,https://catalogue.data.gov.bc.ca/dataset/sub-provincial-estimates-and-projection-for-the-indigenous-population-of-b-c-,"Estimated and projected population counts of the Indigenous population in the province by year, indigenous identity, age, gender for sub-provincial areas of B.C. according to the boundaries defined by the Ministry of Health, the Ministry of Children and Family Development and the Ministry of Educati"
Tourism Room Revenue and Property Counts subject to MRDT by Jurisdiction,BC Stats,Open Government Licence - British Columbia,file,XLSX,2026-09-18,https://catalogue.data.gov.bc.ca/dataset/tourism-room-revenue-and-property-counts-subject-to-mrdt-by-jurisdiction,"Room revenues and number of active properties subject to MRDT by jurisdiction. The most recent data available is for June 2026. If you need help with this dataset, you can reach BC Stats at the email below; however, submitting a support request is recommended."
Trade in Services,BC Stats,Open Government Licence - British Columbia,file,CSV XLSX,2026-03-12,https://catalogue.data.gov.bc.ca/dataset/trade-in-services,This data uses Statistics Canada estimates of international trade in services as a foundation. It estimates B.C.’s portion using a custom BC Stats methodology and presents the results in the same classification used by Statistics Canada’s annual international trade in services data release. Data is 
BC Wildfire Fire Incident Locations - Historical,BC Wildfire Service,Open Government Licence - British Columbia,file,KML KMZ MULTIPLE WMS,2026-09-02,https://catalogue.data.gov.bc.ca/dataset/bc-wildfire-fire-incident-locations-historical,"Wildfire historic incident point locations for all fire seasons before the current season. Supplied through various sources. Not to be used for legal purposes. This data includes all incidents tracked by BC Wildfire Service, ie. actual fires, suspected fires, nusiance fires, smoke chases, etc. On Ap"
BC Wildfire Fire Locations - Current,BC Wildfire Service,Open Government Licence - British Columbia,file,ARCGIS_REST KML MULTIPLE ORACLE_SDE SHP WMS,2026-09-24,https://catalogue.data.gov.bc.ca/dataset/bc-wildfire-fire-locations-current,Wildfire location points for the current fire season. This includes both active and inactive fires. Data is supplied through various sources and is updated from the operational systems every 15 minutes. These points are rolled over to Historical Fire Points on April 1 of each year. Wildfire data may
BC Wildfire Fire Perimeters - Current,BC Wildfire Service,Open Government Licence - British Columbia,file,ARCGIS_REST KML MULTIPLE ORACLE_SDE SHP WMS,2026-09-24,https://catalogue.data.gov.bc.ca/dataset/bc-wildfire-fire-perimeters-current,"Wildfire perimeters for the current fire season, including both active and inactive fires, supplied from various sources. The data is refreshed from operational systems every 15 min. These perimeters are rolled over to Historical Fire Polygons on April 1 of each year Wildfire data may not reflect th"
BC Wildfire Fire Perimeters - Historical,BC Wildfire Service,Open Government Licence - British Columbia,file,KML KMZ MULTIPLE ORACLE_SDE WMS,2026-09-01,https://catalogue.data.gov.bc.ca/dataset/bc-wildfire-fire-perimeters-historical,Wildfire perimeters for all fire seasons before the current year. Supplied through various sources. Not to be used for legal purposes. These perimeters may be updated periodically during the year. On April 1 of each year the previous year's fire perimeters are merged into this dataset
Oil and Gas Associated and Ancillary Permits,British Columbia Energy Regulator,Open Government Licence - British Columbia,file,KML MULTIPLE WMS,2026-09-24,https://catalogue.data.gov.bc.ca/dataset/oil-and-gas-commission-associated-and-ancillary-permits,"Spatial data for approved and post construction features for Canada Energy Regulator (CER) related ancillary features and Energy Resources Activities Act (ERAA) associated oil and gas activities collected on or after October 30, 2006. Associated oil and gas activities are related activities which re"
Oil and Gas Construction Corridors,British Columbia Energy Regulator,Open Government Licence - British Columbia,file,KML MULTIPLE WMS,2026-09-24,https://catalogue.data.gov.bc.ca/dataset/oil-and-gas-commission-construction-corridors,"Applications for spatial areas occurring on Crown land in which oil and gas activities will take place. Construction corridors allow for flexibility in the movement, placement and construction of oil and gas activity. This dataset is updated nightly."
Oil and Gas Facility Location Applications,British Columbia Energy Regulator,BC Energy Regulator Open Data License,file,ARCGIS_REST KML MULTIPLE WMS,2026-09-24,https://catalogue.data.gov.bc.ca/dataset/oil-and-gas-facility-location-applications,"Facilities are an oil and gas activity, defined in the Energy Resources Activities Act as a system of vessels, piping, valves, tanks and other equipment used to gather, process, measure, store or dispose of petroleum, natural gas, water or a substance referred to in paragraph (d) or (e) of the defin"
Oil and Gas Ministry of Transportation and Infrastructure Applications,British Columbia Energy Regulator,Open Government Licence - British Columbia,file,KML MULTIPLE WMS,2026-09-24,https://catalogue.data.gov.bc.ca/dataset/oil-and-gas-commission-ministry-of-transportation-and-infrastructure-applications,The area of Crown land disturbance for applications falling within a Ministry of Transportation and Infrastructure (MOTI) road allowance. The BC Energy Regulator issues cutting permits for any new Crown land disturbance within MOTI unconstructed road allowances. The Regulator does not issue land ten
Oil and Gas Pipeline Installation Applications,British Columbia Energy Regulator,BC Energy Regulator Open Data License,file,ARCGIS_REST KML ORACLE_SDE WMS,2026-09-24,https://catalogue.data.gov.bc.ca/dataset/oil-and-gas-pipeline-installation-applications,"Pipeline installations associated with an oil and gas pipeline activity. Installations include such features as flare stacks, generators, line heaters, pumps, risers, tanks and valves. This dataset contains point features for proposed applications collected through the BC Energy Regulator's Applicat"
Oil and Gas Pipeline Installation Permits,British Columbia Energy Regulator,Open Government Licence - British Columbia,file,KML MULTIPLE WMS,2026-09-24,https://catalogue.data.gov.bc.ca/dataset/oil-and-gas-commission-pipeline-installation-permits,"Pipeline installations associated with an oil and gas pipeline activity. Installations include such features as flare stacks, generators, line heaters, pumps, risers, tanks and valves. This dataset contains point features collected on or after July 11, 2016 for approved installation locations. This "
Oil and Gas Pipeline Segment Applications,British Columbia Energy Regulator,BC Energy Regulator Open Data License,file,ARCGIS_REST KML ORACLE_SDE WMS,2026-09-24,https://catalogue.data.gov.bc.ca/dataset/oil-and-gas-pipeline-segment-applications,Pipeline centre-lines associated with oil and gas pipeline activity and falling within the area representing the pipeline right of way. This dataset contains line features for proposed applications collected through the BC Energy Regulator's Application Management System (AMS). The dataset is update
Oil and Gas Pipeline Segment Permits,British Columbia Energy Regulator,Open Government Licence - British Columbia,file,KML MULTIPLE WMS,2026-09-24,https://catalogue.data.gov.bc.ca/dataset/oil-and-gas-commission-pipeline-segment-permits,"Pipeline centre-lines associated with oil and gas pipeline activity and falling within the area representing the pipeline right of way. This dataset contains line features collected on or after July 11, 2016 for approved pipeline centre-line locations. The dataset is updated nightly."
Oil and Gas Road Right of Way Applications,British Columbia Energy Regulator,Open Government Licence - British Columbia,file,KML MULTIPLE WMS,2026-09-24,https://catalogue.data.gov.bc.ca/dataset/oil-and-gas-commission-road-right-of-way-applications,Applications for land authorizations representing the road right of way for road activities. This dataset contains polygon features for proposed applications collected through the BC Energy Regulator's Application Management System (AMS). This dataset is updated nightly.
Oil and Gas Road Right of Way Permits,British Columbia Energy Regulator,Open Government Licence - British Columbia,file,KML MULTIPLE WMS,2026-09-24,https://catalogue.data.gov.bc.ca/dataset/oil-and-gas-commission-road-right-of-way-permits,"Land authorizations representing the road right of way for road activities. The spatial data includes polygon data for approved and post-construction road rights of way collected on or after October 30, 2006. This dataset is updated nightly."
Oil and Gas Road Segment Applications,British Columbia Energy Regulator,BC Energy Regulator Open Data License,file,ARCGIS_REST KML MULTIPLE WMS,2026-09-24,https://catalogue.data.gov.bc.ca/dataset/oil-and-gas-road-segment-applications,Road centre-lines associated with oil and gas road activity and falling within the area representing the road right of way. This dataset contains line features for proposed applications collected through the BC Energy Regulator's Application Management System (AMS). This dataset is updated nightly. 
Oil and Gas Road Segment Permits,British Columbia Energy Regulator,Open Government Licence - British Columbia,file,KML MULTIPLE WMS,2026-09-24,https://catalogue.data.gov.bc.ca/dataset/oil-and-gas-commission-road-segment-permits,"Road centre-lines associated with oil and gas road activity and falling within the area representing the road right of way. This dataset contains line features for approved road centre-line locations collected on or after October 30, 2006. This dataset is updated nightly."
Oil and Gas Well Surface Hole Location Applications,British Columbia Energy Regulator,BC Energy Regulator Open Data License,file,ARCGIS_REST KML MULTIPLE WMS,2026-09-24,https://catalogue.data.gov.bc.ca/dataset/oil-and-gas-well-surface-hole-location-applications,Applications for the surface location of a well associated with oil and gas activity. This dataset contains point features for proposed applications collected through the BC Energy Regulator's Application Management System (AMS). This dataset is updated nightly
Oil and Gas Well/Facility Area Permits,British Columbia Energy Regulator,Open Government Licence - British Columbia,file,KML MULTIPLE WMS,2026-09-24,https://catalogue.data.gov.bc.ca/dataset/oil-and-gas-commission-well-facility-area-permits,"Land authorizations for areas on which well or facility activities can occur. This dataset contains spatial data collected on or after October 30, 2006. The spatial data includes approved and post-construction land areas associated with well or facility activities. This dataset is updated nightly."
Most Popular Boys Names for the Past 100 Years,British Columbia Vital Statistics Agency,Open Government Licence - British Columbia,file,CSV,2022-04-06,https://catalogue.data.gov.bc.ca/dataset/most-popular-boys-names-for-the-past-100-years,History of the most popular first names given to boys born in BC over the past 100 years. The list includes every given name that was chosen five or more times.
Most Popular Girl Names for the Past 100 Years,British Columbia Vital Statistics Agency,Open Government Licence - British Columbia,file,CSV,2022-04-06,https://catalogue.data.gov.bc.ca/dataset/most-popular-girl-names-for-the-past-100-years,History of the most popular first names given to girls born in BC over the past 100 years. The list includes every given name that was chosen five or more times.
BC Government Owned and Leased Properties,Business Intelligence & Project Support,Open Government Licence - British Columbia,file,CSV XLSX,2026-07-03,https://catalogue.data.gov.bc.ca/dataset/bc-government-owned-and-leased-properties,"On behalf of the Province of BC and as legislated by the Public Agency Accommodation Act, Real Property Division owns and leases approximately 1,040 buildings and 215 lands in 140 communities across BC. This list of properties (buildings and lands) includes properties outside of BC but does not incl"
Affordable Child Care Benefit - Number of Children and Family Recipients,Child Care Modelling and Analysis,Open Government Licence - British Columbia,file,CSV PDF XLSX,2026-07-29,https://catalogue.data.gov.bc.ca/dataset/affordable-child-care-benefit-number-of-children-and-family-recipients,Monthly data of seasonally adjusted number of families and children who are recipients of the Affordable Child Care Benefit. Data dictionary defines the variables in the table. ‘Working with Affordable Child Care Benefit data’ offers examples of how to work with the data. 
Child Care Facilities and Spaces Over Time,Child Care Modelling and Analysis,Open Government Licence - British Columbia,file,CSV PDF XLSX,2026-07-29,https://catalogue.data.gov.bc.ca/dataset/child-care-facilities-and-spaces-over-time,"Monthly count of facilities and spaces for licensed child care providers that have opted in to participate in Ministry of Education and Child Care programs - either the Child Care Operating Funding (CCOF) Program, or the $10 a Day ChildCareBC Program. Data dictionary defines the variables in the tab"
Child Care Fee Reduction Initiative Approved Facilities and Spaces,Child Care Modelling and Analysis,Open Government Licence - British Columbia,file,CSV PDF XLSX,2026-07-29,https://catalogue.data.gov.bc.ca/dataset/child-care-fee-reduction-initiative-approved-facilities-and-spaces,Monthly data on the number of licensed child care spaces and facilities approved to receive the Child Care Fee Reduction Initiative (CCFRI). Data dictionary defines the variables in the table. ‘Working with CCFRI data’ offers examples of how to work with the data. 
Early Childhood Educators and Facilities under Wage Enhancement,Child Care Modelling and Analysis,Open Government Licence - British Columbia,file,CSV PDF XLSX,2026-07-29,https://catalogue.data.gov.bc.ca/dataset/early-childhood-educators-and-facilities-under-wage-enhancement,Monthly data of seasonally adjusted number of Early Childhood Educators (ECEs) receiving the wage enhancement and the number of child care facilities participating in the Early Childhood Educator Wage Enhancement (ECE-WE) program with eligible ECEs. Data dictionary defines the variables in the table
Child Care Map Data,Child Care Programs and Services,Open Government Licence - British Columbia,file,CSV KML MULTIPLE WMS,2026-09-24,https://catalogue.data.gov.bc.ca/dataset/child-care-map-data,"This dataset provides information which is currently displayed on the Child Care Programs Map. The intent of the Child Care Programs Map is to provide an online resource to assist families searching for ministry-funded licensed child care listed by city, address, licence type and services offered. N"
Fatalities of Children and Youth in Care,Child Welfare Branch,Open Government Licence - British Columbia,file,CSV,2023-04-06,https://catalogue.data.gov.bc.ca/dataset/fatalities-of-children-and-youth-in-care,Fatality statistics for children in care as categorized by the Chief Coroner of British Columbia
"Fatalities of children - services received under Child, Family & Community Service Act (past 12 M)",Child Welfare Branch,Open Government Licence - British Columbia,file,CSV,2023-04-06,https://catalogue.data.gov.bc.ca/dataset/fatalities-of-children-services-received-under-child-family-community-service-act-past-12-m-,Fatality statistics for children receiving services as categorized by the Chief Coroner of British Columbia
Active Administrative Forfeiture Files Dataset,Civil Forfeiture Office,Open Government Licence - British Columbia,file,CSV,2023-05-30,https://catalogue.data.gov.bc.ca/dataset/active-administrative-forfeiture-files-dataset,"A list of Active Administrative Forfeiture Files including property type, unlawful activity, and seizing agency.Under the Civil Forfeiture Act, the director (Minister or delegate) may apply to the court for an order forfeiting to the government, (a) the whole of an interest in property that is proce"
Community Safety and Crime Prevention Grants,Civil Forfeiture Office,Open Government Licence - British Columbia,file,CSV,2020-06-09,https://catalogue.data.gov.bc.ca/dataset/community-safety-and-crime-prevention-grants,"This dataset contains a listing of grant category streams, recipients, project descriptions and the amount awarded. "
Count of Civil Suits Initiated by Fiscal Year,Civil Forfeiture Office,Open Government Licence - British Columbia,file,XLSX,2024-03-26,https://catalogue.data.gov.bc.ca/dataset/count-of-civil-suits-initiated-by-fiscal-year,"Under the Civil Forfeiture Act, the director (Minister or delegate) may apply to the court for an order forfeiting to the government, (a) the whole of an interest in property that is proceeds of unlawful activity, or (b) the portion of an interest in property that is proceeds of unlawful activity. T"
Count of Forfeiture Cases Before the Courts,Civil Forfeiture Office,Open Government Licence - British Columbia,file,CSV XLSX,2022-04-06,https://catalogue.data.gov.bc.ca/dataset/count-of-forfeiture-cases-before-the-courts,"A count of civil forfeiture cases before the courts including the Primary Asset or asset type. Under the Civil Forfeiture Act, the director (Minister or delegate) may apply to the court for an order forfeiting to the government, (a) the whole of an interest in property that is proceeds of unlawful a"
Sum of Unlawful Activities by Region - All Police Referrals,Civil Forfeiture Office,Open Government Licence - British Columbia,file,CSV XLSX,2022-04-06,https://catalogue.data.gov.bc.ca/dataset/sum-of-unlawful-activities-by-region-all-police-referrals,"A count of civil forfeiture actions by unlawful activity and provincial region initiated by police referals. The totals represent activity from June 2007 to the present.Under the Civil Forfeiture Act, the director (Minister or delegate) may apply to the court for an order forfeiting to the governmen"
BC Greenhouse Gas Emissions Electricity Import Summary,Climate Action Secretariat,Open Government Licence - British Columbia,file,CSV,2022-04-06,https://catalogue.data.gov.bc.ca/dataset/bc-greenhouse-gas-emissions-electricity-import-summary,"Summaries of emission reports for electricity import operations. Part of the set of data for Industrial Facility Greenhouse Gas Emission Summaries as currently published for 2010, 2011, 2012 and 2013 by the Director under authority of s.29 of the Reporting Regulation (under authority of the Greenhou"
BC Greenhouse Gas Emissions Individual Facilities Summary,Climate Action Secretariat,Open Government Licence - British Columbia,file,CSV,2022-04-06,https://catalogue.data.gov.bc.ca/dataset/bc-greenhouse-gas-emissions-individual-facilities-summary,"Individual Facilities Summary - summaries of emission reports for all facilities with emissions >10,000 tonnes CO2e. Part of the set of data for Industrial Facility Greenhouse Gas Emission Summaries as currently published for 2010, 2011, 2012 and 2013 by the Director under authority of s.29 of the R"
BC Greenhouse Gas Emissions Individual Facility Locations,Climate Action Secretariat,Open Government Licence - British Columbia,file,KMZ,2022-04-06,https://catalogue.data.gov.bc.ca/dataset/bc-greenhouse-gas-emissions-individual-facility-locations,"Individual facilities with a specific geographic location for each reporting BC Greenhouse Gas Emissions. Part of the set of data for Industrial Facility Greenhouse Gas Emission Summaries as currently published for 2010, 2011, 2012 and 2013 by the Director under authority of s.29 of the Reporting Re"
BC Greenhouse Gas Emissions Linear Facilities Summary,Climate Action Secretariat,Open Government Licence - British Columbia,file,CSV,2022-04-06,https://catalogue.data.gov.bc.ca/dataset/bc-greenhouse-gas-emissions-linear-facilities-summary,"Summaries of emissions reports for linear facilities operations (per regulation, is aggregate of individual facilities for oil and gas companies and electricity transmission). Part of the set of data for Industrial Facility Greenhouse Gas Emission Summaries as currently published for 2010, 2011, 201"
British Columbia Greenhouse Gas Emissions,Climate Action Secretariat,Open Government Licence - British Columbia,file,CSV TXT,2024-09-23,https://catalogue.data.gov.bc.ca/dataset/british-columbia-greenhouse-gas-emissions,The Province of British Columbia prepares the [British Columbia Greenhouse Gas Emission Inventory](http://www2.gov.bc.ca/gov/content?id=50B908BE85E0446EB6D3C434B4C8C106). British Columbia Greenhouse Gas (GHG) emissions are attributed to five defined sectors following the International Panel on Clima
British Columbia Greenhouse Gas Emissions ARCHIVE,Climate Action Secretariat,Open Government Licence - British Columbia,file,CSV TXT,2022-04-06,https://catalogue.data.gov.bc.ca/dataset/british-columbia-greenhouse-gas-emissions-archive,British Columbia Greenhouse Gas Emissions (GHG) are published annually by the Province of British Columbia. CURRENT estimates of GHG emissions since 1990 are available [here](https://catalogue.data.gov.bc.ca/dataset/24c899ee-ef73-44a2-8569-a0d6b094e60c). These data files are the ARCHIVED estimates o
Indicator Summary Data: Change in Sea Level in BC (1910-2014),Climate Action Secretariat,Open Government Licence - British Columbia,file,CSV,2018-07-12,https://catalogue.data.gov.bc.ca/dataset/indicator-summary-data-change-in-sea-level-in-bc-1910-2014-,This tabular dataset is the result of an analysis supporting the indicator 'Change in Sea Level in B.C. (1910-2014)' published in [Indicators of Climate Change for British Columbia (2015-16 Update)](http://www2.gov.bc.ca/assets/download/216DBDF5B9504E6B9B29D8E6C0CD2849) and on [Environmental Reporti
Indicator Summary Data: Change in Sea Surface Temperature in BC (1935-2014),Climate Action Secretariat,Open Government Licence - British Columbia,file,CSV,2018-07-12,https://catalogue.data.gov.bc.ca/dataset/indicator-summary-data-change-in-sea-surface-temperature-in-bc-1935-2014-,This tabular dataset is the result of an analysis supporting the indicator 'Change in Sea Surface Temperature in BC (1935-2014)' published in [Indicators of Climate Change for British Columbia (2015-16 Update)](http://www2.gov.bc.ca/assets/download/216DBDF5B9504E6B9B29D8E6C0CD2849) and on [Environme
Indicator Summary Data: Change in Size of Glaciers in BC (1985-2005),Climate Action Secretariat,Open Government Licence - British Columbia,file,CSV,2018-07-12,https://catalogue.data.gov.bc.ca/dataset/indicator-summary-data-change-in-size-of-glaciers-in-bc-1985-2005-,This tabular data set contains the result of an analysis supporting the indicator 'Change in Size of Glaciers in B.C. (1985-2005)' published in [Indicators of Climate Change in British Columbia (2015-16 Update)](http://www2.gov.bc.ca/assets/download/216DBDF5B9504E6B9B29D8E6C0CD2849) and by [Environm
Indicator Summary Data: Change in Snow Depth and Snow Water Content in BC (1950-2014),Climate Action Secretariat,Open Government Licence - British Columbia,file,CSV,2018-07-12,https://catalogue.data.gov.bc.ca/dataset/indicator-summary-data-change-in-snow-depth-and-snow-water-content-in-bc-1950-2014-,This tabular dataset is the result of an analysis supporting the indicator 'Change in Snow Depth and Snow Water Content in BC (1950-2014)' published in [Indicators of Climate Change for British Columbia (2015-16 Update)](http://www2.gov.bc.ca/assets/download/216DBDF5B9504E6B9B29D8E6C0CD2849) and on 
Indicator Summary Data: Change in Timing and Volume of River Flow in BC (1912-2012),Climate Action Secretariat,Open Government Licence - British Columbia,file,CSV,2018-07-12,https://catalogue.data.gov.bc.ca/dataset/indicator-summary-data-change-in-timing-and-volume-of-river-flow-in-bc-1912-2012-,This tabular dataset is the result of an analysis supporting the indicator 'Change in Timing and Volume of River Flow in BC' published in [Indicators of Climate Change for British Columbia (2015-16 Update)](http://www2.gov.bc.ca/assets/download/216DBDF5B9504E6B9B29D8E6C0CD2849) and on [Environmental
Indicator Summary Data: Long-term Change in Air Temperature and Precipitation in BC,Climate Action Secretariat,Open Government Licence - British Columbia,file,CSV,2018-07-12,https://catalogue.data.gov.bc.ca/dataset/indicator-summary-data-long-term-change-in-air-temperature-and-precipitation-in-bc,These tabular datasets contain the results reported in a set of climate change indicators published in [Indicators of Climate Change in British Columbia (2015-16 Update)](http://www2.gov.bc.ca/assets/download/216DBDF5B9504E6B9B29D8E6C0CD2849) and by [Environmental Reporting BC](http://www2.gov.bc.ca
Summary Data: Long-term Change in Growing Degree Days and Heating and Cooling Degree Days in BC,Climate Action Secretariat,Open Government Licence - British Columbia,file,CSV,2021-06-07,https://catalogue.data.gov.bc.ca/dataset/summary-data-long-term-change-in-growing-degree-days-and-heating-and-cooling-degree-days-in-bc,This tabular dataset contains the results reported in the indicators 'Long-term Change in Heat Energy Available for Plant Growth in B.C. (1900-2013)' and 'Long-term Change in Energy Requirements for Heating & Cooling Buildings in B.C. (1900-2013)' published in [Indicators of Climate Change in Britis
CEEI Primary Indicators Per Capita 2007 Communities,Climate Partnerships and Engagement Branch,Open Government Licence - British Columbia,file,KML MULTIPLE WMS,2023-06-29,https://catalogue.data.gov.bc.ca/dataset/ceei-primary-indicators-per-capita-2007-communities,Community Energy and Emissions Inventory (CEEI) Primary Indicators Per Capita 2007 Reporting Year by Community
CEEI Primary Indicators Per Capita 2007 Regional Districts,Climate Partnerships and Engagement Branch,Open Government Licence - British Columbia,file,KML MULTIPLE WMS,2023-06-29,https://catalogue.data.gov.bc.ca/dataset/ceei-primary-indicators-per-capita-2007-regional-districts,Community Energy and Emissions Inventory (CEEI) Primary Indicators Per Capita 2007 Reporting Year by Regional District
CEEI Primary Indicators Total 2007 Communities,Climate Partnerships and Engagement Branch,Open Government Licence - British Columbia,file,KML MULTIPLE WMS,2023-06-29,https://catalogue.data.gov.bc.ca/dataset/ceei-primary-indicators-total-2007-communities,Community Energy and Emissions Inventory (CEEI) Primary Indicators Total 2007 Reporting Year by Community
CEEI Primary Indicators Total 2007 Regional Districts,Climate Partnerships and Engagement Branch,Open Government Licence - British Columbia,file,KML MULTIPLE WMS,2023-06-29,https://catalogue.data.gov.bc.ca/dataset/ceei-primary-indicators-total-2007-regional-districts,Community Energy and Emissions Inventory (CEEI) Primary Indicators Total 2007 Reporting Year by Regional District
Consolidated Community Energy and Emissions Inventory Reports,Climate Partnerships and Engagement Branch,Open Government Licence - British Columbia,file,CSV,2023-04-04,https://catalogue.data.gov.bc.ca/dataset/consolidated-community-energy-and-emissions-inventory-reports,"A consolidation of British Columbia Community Energy and Emissions Inventory Reports for 2007 and 2010 delivered as a comma separated variable (.csv) file. These reports represent high level estimated community energy consumption and greenhouse gas emissions from on-road transportation, buildings, s"
Central Group Caribou Partnership Agreement Zones,Collaborative Stewardship and Cumulative Effects Management,Open Government Licence - British Columbia,file,KMZ PDF SHP,2024-09-04,https://catalogue.data.gov.bc.ca/dataset/central-group-caribou-partnership-agreement-zones,"The Central Group Caribou Partnership Agreement Zones are the spatial data associated with the *Intergovernmental Partnership Agreement for the Conservation of the Central Group of the Southern Mountain Caribou* (February 21, 2020). This most current version of the data was produced in July 2024."
Landscape Units of British Columbia - Current,Collaborative Stewardship and Cumulative Effects Management,Open Government Licence - British Columbia,file,KML MULTIPLE WMS,2025-12-10,https://catalogue.data.gov.bc.ca/dataset/landscape-units-of-british-columbia-current,Landscape Units are spatially identified areas of land and/or water used for long-term planning of resource management activities. Landscape units are important for designing strategies and objectives to maintain landscape level biodiversity and for managing other forest resources. Landscape units a
Legal Planning Objectives - Current - Line,Collaborative Stewardship and Cumulative Effects Management,Open Government Licence - British Columbia,file,KML MULTIPLE OTHER WMS,2026-04-10,https://catalogue.data.gov.bc.ca/dataset/legal-planning-objectives-current-line,Spatially identified and mapped legal objective lines as determined from strategic land and resource planning processes in the province of British Columbia. Legal objectives can encompass objectives developed and grandfathered under now repealed Forest Practices Code legislation (including Higher le
Legal Planning Objectives - Current - Point,Collaborative Stewardship and Cumulative Effects Management,Open Government Licence - British Columbia,file,KML MULTIPLE OTHER WMS,2026-04-10,https://catalogue.data.gov.bc.ca/dataset/legal-planning-objectives-current-point,Spatially identified and mapped legal objective points as determined from Strategic Land and Resource Planning (SLRP) processes in the province of British Columbia. Legal objectives can encompass objectives developed and grandfathered under now repealed Forest Practices Code legislation (including H
Legal Planning Objectives - Current - Polygon,Collaborative Stewardship and Cumulative Effects Management,Open Government Licence - British Columbia,file,KML MULTIPLE OTHER WMS,2026-04-10,https://catalogue.data.gov.bc.ca/dataset/legal-planning-objectives-current-polygon,Spatially identified and mapped legal objective polygons as determined from Strategic Land and Resource Planning (SLRP) processes in the province of British Columbia. Legal objectives can encompass objectives developed and grandfathered under now repealed Forest Practices Code legislation (including
Non Legal Planning Features - Current - Line,Collaborative Stewardship and Cumulative Effects Management,Open Government Licence - British Columbia,file,KML MULTIPLE OTHER WMS,2026-04-10,https://catalogue.data.gov.bc.ca/dataset/non-legal-planning-features-current-line,"A spatially identified line on land and/or water that has been mapped for specific land and/or resource uses as determined through a strategic land and resource planning process. This layer represents non-legalized planning lines only, thus the direction given within the planning designation is poli"
Non Legal Planning Features - Current - Point,Collaborative Stewardship and Cumulative Effects Management,Open Government Licence - British Columbia,file,KML MULTIPLE OTHER WMS,2026-04-10,https://catalogue.data.gov.bc.ca/dataset/non-legal-planning-features-current-point,"A spatially identified point on land and/or water that has been mapped for specific land and/or resource uses as determined through a strategic land and resource planning process. This layer represents non-legalized planning lines only, thus the direction given within the planning designation is pol"
Non Legal Planning Features - Current - Polygon,Collaborative Stewardship and Cumulative Effects Management,Open Government Licence - British Columbia,file,KML MULTIPLE OTHER WMS,2026-04-10,https://catalogue.data.gov.bc.ca/dataset/non-legal-planning-features-current-polygon,"A spatially identified polygon on land and/or water that has been mapped for specific land and/or resource uses as determined through a strategic land and resource planning process. This layer represents non-legalized planning lines only, thus the direction given within the planning designation is p"
Old Growth Management Areas - Legal - Current,Collaborative Stewardship and Cumulative Effects Management,Open Government Licence - British Columbia,file,CSV KML MULTIPLE WMS,2026-09-24,https://catalogue.data.gov.bc.ca/dataset/old-growth-management-areas-legal-current,"This 'Current' spatial data layer is publicly viewable and downloadable, contains the most current Legal Old Growth Management Area (OGMA) polygons and excludes any sensitive information. This data represents legally established and spatially defined areas of old growth forest that are identified du"
Old Growth Management Areas - Non Legal - Current,Collaborative Stewardship and Cumulative Effects Management,Open Government Licence - British Columbia,file,CSV KML MULTIPLE WMS,2026-09-24,https://catalogue.data.gov.bc.ca/dataset/old-growth-management-areas-non-legal-current,"This 'Current' spatial data layer is publicly accessible, contains the most current Non-Legal Old Growth Management Area (OGMA) polygons and excludes any sensitive information. This data represents spatially defined areas of old growth forest that are identified during landscape unit planning or an "
Strategic Land and Resource Plans - Current,Collaborative Stewardship and Cumulative Effects Management,Open Government Licence - British Columbia,file,KML MULTIPLE ORACLE_SDE OTHER WMS,2026-09-24,https://catalogue.data.gov.bc.ca/dataset/strategic-land-and-resource-plans-current,Contains the boundaries of current British Columbia Strategic Land and Resource Plans (SLRPs). The plans can be accessed [here](https://www2.gov.bc.ca/gov/content/industry/crown-land-water/land-use-planning/regions). SLRPs provide direction for Crown land use through the establishment of broad land 
CVSE Recently Permitted Extraordinary Loads,Commercial Vehicle Safety and Enforcement,Open Government Licence - British Columbia,file,CSV,2022-04-06,https://catalogue.data.gov.bc.ca/dataset/cvse-recently-permitted-extraordinary-loads,"This Recently Permitted Extraordinary Loads Spreadsheet shows the permits that were issued in a 60-day window, at weights and dimensions that would include Extraordinary Load Approvals. Loads that had one or more of these characteristics: > 85000 kg Gross Combined Vehicle Weight (GCVW), > 4.4 m Over"
Gaming Grants Paid to Community Organizations,Community Gaming Grants,Open Government Licence - British Columbia,file,PDF XLSX,2026-08-26,https://catalogue.data.gov.bc.ca/dataset/gaming-grants-paid-to-community-organizations,"Community organizations may be eligible for government community gaming grants to support their programs and services. Payments for approved grants are made throughout each government fiscal year, and the timing of the payments depends on the grant category / sector. This dataset includes informatio"
"BC Health - Comparison of PharmaCare Claims, 2006-11",Community and Cross Sector,Open Government Licence - British Columbia,file,CSV,2022-04-06,https://catalogue.data.gov.bc.ca/dataset/bc-health-comparison-of-pharmacare-claims-2006-11,"A comparative tabular presentaion of PharmaCare claims expenditures for selected years in the period April 01, 2004 through March 31, 2011"
"BC Health - Number of DINs Covered by PharmaCare, 2010-11",Community and Cross Sector,Open Government Licence - British Columbia,file,CSV,2022-04-06,https://catalogue.data.gov.bc.ca/dataset/bc-health-number-of-dins-covered-by-pharmacare-2010-11,A tabular representation of the number of Distinct Identification Numbers (DINs) assigned by Health Canada and indicating the variety of individual products eligible for some degree of PharmaCare coverage in 2010-11
"BC Health - PharmaCare Beneficiaries by Age Group, 2010-11",Community and Cross Sector,Open Government Licence - British Columbia,file,CSV,2022-04-06,https://catalogue.data.gov.bc.ca/dataset/bc-health-pharmacare-beneficiaries-by-age-group-2010-11,"A tabular documentation for 2010-11, organized by five-year age groups, showing that the percentage of British Columbia residents receiving PharmaCare assistance increased with age"
"BC Health - PharmaCare Trends by Plan and Year, 2004- 2011",Community and Cross Sector,Open Government Licence - British Columbia,file,CSV,2022-04-06,https://catalogue.data.gov.bc.ca/dataset/bc-health-pharmacare-trends-by-plan-and-year-2004-2011,"These data cover April 01, 2004 through March 31, 2011 and represent a consolidation of the Plan Claim Expenditures information provided in Tables B through H of the document 'PharmaCare Trends 2010-11'. "
"BC Health - Top Ten Prescribed Drugs by Number of PharmaCare Beneficiaries, 2010-11",Community and Cross Sector,Open Government Licence - British Columbia,file,CSV,2022-04-06,https://catalogue.data.gov.bc.ca/dataset/bc-health-top-ten-prescribed-drugs-by-number-of-pharmacare-beneficiaries-2010-11,A tabular presentation of the drugs most commonly prescribed in British Columbia in 2010-11 arranged in descending order of distince beneficiaries
"BC Health - Top Ten Prescribed Drugs by PharmaCare Reimbursement, 2010-11",Community and Cross Sector,Open Government Licence - British Columbia,file,CSV,2022-04-06,https://catalogue.data.gov.bc.ca/dataset/bc-health-top-ten-prescribed-drugs-by-pharmacare-reimbursement-2010-11,A tabular presentation of the drugs most commonly prescribed in British Columbia where PharmaCare paid a portion of the cost
"BC Health - Unique Chemicals Covered by PharmaCare, 2010-11",Community and Cross Sector,Open Government Licence - British Columbia,file,CSV,2022-04-06,https://catalogue.data.gov.bc.ca/dataset/bc-health-unique-chemicals-covered-by-pharmacare-2010-11,A tabular representation of the number of distinct active chemical ingredients indicating the variety of treatments eligible for some degree of PharmaCare coverage in 2010-11
MSP Blue Book,Compensation Policy and Programs,Open Government Licence - British Columbia,file,CSV,2025-09-16,https://catalogue.data.gov.bc.ca/dataset/msp-blue-book,BC Medical Services Plan's (MSP) annual financial statements include a detailed listing of total annual payments to all practitioners and organizations. Payments for 2014-15 to 2024-25 are provided here and statements for the last 10 years are currently posted on the Ministry website.
Avalanche and Weather Programs - Weather Station Network,Construction and Maintenance,Open Government Licence - British Columbia,file,KML KMZ MULTIPLE WMS,2026-05-28,https://catalogue.data.gov.bc.ca/dataset/avalanche-and-weather-programs-weather-station-network,Locations of active electronic weather stations maintained by the Ministry of Transportation to support Avalanche and Winter Road maintenance operations.
Ministry of Transportation (MOT) Culverts,Construction and Maintenance,Open Government Licence - British Columbia,file,KML MULTIPLE WMS,2026-03-11,https://catalogue.data.gov.bc.ca/dataset/ministry-of-transportation-mot-culverts,A Culvert is a pipe (less than 3m in diameter) or half-round flume used to transport or drain water under or away from the road and/or right of way. Culverts that are greater than or equal to 3m in diameter are stored in the MoT Bridge Structure Road Dataset. It is a Point feature
Ministry of Transportation (MOT) District Boundary,Construction and Maintenance,Open Government Licence - British Columbia,file,KML MULTIPLE WMS,2025-03-06,https://catalogue.data.gov.bc.ca/dataset/ministry-of-transportation-mot-district-boundary,Ministry of Transportation District Boundary is an exclusive area within a region that the Ministry organizational unit is responsible for. Each Ministry District is partitioned into one or more non-overlapping Contract Areas that cover the entire Ministry District
Ministry of Transportation (MOT) Drainage Appliance,Construction and Maintenance,Open Government Licence - British Columbia,file,KML MULTIPLE WMS,2026-08-03,https://catalogue.data.gov.bc.ca/dataset/ministry-of-transportation-mot-drainage-appliance,"A Drainage Appliance is an apparatus (that has not been described as a culvert), or earth works, designed to facilitate the movement of water in a controlled manner. Drainage Appliance include some appliances/earth works that work in conjunction with culverts. It is a Point feature"
Ministry of Transportation (MOT) Guardrail,Construction and Maintenance,Open Government Licence - British Columbia,file,KML MULTIPLE WMS,2026-09-24,https://catalogue.data.gov.bc.ca/dataset/ministry-of-transportation-mot-guardrail,"A Guardrail is a barrier fastened to the end of a bridge abutment, along the shoulder of a road or between travel lanes of opposing traffic. It is a Linear feature"
Ministry of Transportation (MOT) Highway Maintenance Class,Construction and Maintenance,Open Government Licence - British Columbia,file,KML MULTIPLE WMS,2026-09-22,https://catalogue.data.gov.bc.ca/dataset/ministry-of-transportation-mot-highway-maintenance-class,"Highway Maintenance Class defines the level of service for maintenance of the highway, normally, a function of the traffic usage type and traffic volume. This layer contains polylines"
Ministry of Transportation (MOT) Highway Profile,Construction and Maintenance,Open Government Licence - British Columbia,file,KML MULTIPLE WMS,2026-09-04,https://catalogue.data.gov.bc.ca/dataset/ministry-of-transportation-mot-highway-profile,"A Highway Profile defines the number of through travel lanes, including passing and truck lanes, and whether the road is divided or not. It is a Linear feature"
Ministry of Transportation (MOT) Highway Reference Points (HRP),Construction and Maintenance,Open Government Licence - British Columbia,file,KML MULTIPLE WMS,2026-09-14,https://catalogue.data.gov.bc.ca/dataset/ministry-of-transportation-mot-highway-reference-points-hrp,"Highway Reference Point is a visibly recognizable feature used to describe and identify a point on the Highway (i.e., a reference point abstracted on the Highway and defined by a physical landmark such as an intersection). HRP Landmarks are used in order to provide reference points relating to inven"
Ministry of Transportation (MOT) Landmark Kilometre Inventory (LKI),Construction and Maintenance,Open Government Licence - British Columbia,file,KML MULTIPLE WMS,2026-09-21,https://catalogue.data.gov.bc.ca/dataset/ministry-of-transportation-mot-landmark-kilometre-inventory-lki,The Landmark Kilometre Inventory spatial layer is used primarily by the Ministry of Transportation and Infrastructure (MOT) to represent routes against which accident data and traffic counts are collected. This method describes roads by a four number designation referred to as a segment (i.e. 0375) 
Ministry of Transportation (MOT) Linear Safety Feature,Construction and Maintenance,Open Government Licence - British Columbia,file,KML MULTIPLE WMS,2026-05-20,https://catalogue.data.gov.bc.ca/dataset/ministry-of-transportation-mot-linear-safety-feature,A Linear Safety Feature is one of a number of various appliances/appurtenances that have been installed or constructed either alongside or as an integral part of the road infrastructure to reduce the severity or potential of accidents. It is a Linear feature
Ministry of Transportation (MOT) Railroad Crossing,Construction and Maintenance,Open Government Licence - British Columbia,file,KML MULTIPLE WMS,2026-09-17,https://catalogue.data.gov.bc.ca/dataset/ministry-of-transportation-mot-railroad-crossing,A Railroad Crossing is where the road surface is common to both the Railway Authority and the Ministry of Transportation Road Network; also includes overhead and under passes. It is a Point feature
Ministry of Transportation (MOT) Regional Boundary,Construction and Maintenance,Open Government Licence - British Columbia,file,KML MULTIPLE WMS,2025-03-06,https://catalogue.data.gov.bc.ca/dataset/ministry-of-transportation-mot-regional-boundary,Ministry of Transportation Regional Boundary is an exclusive geographic area within the province that the Ministry organizational unit is responsible for. Each Ministry Region is partitioned into one or more non-overlapping Ministry Districts that cover the entire Ministry Region
Ministry of Transportation (MOT) Rest Area,Construction and Maintenance,Open Government Licence - British Columbia,file,KML MULTIPLE WMS,2026-09-21,https://catalogue.data.gov.bc.ca/dataset/ministry-of-transportation-mot-rest-area,"A Rest Area is a developed roadside area for the use of the traveling public which must contain a washroom, and often has litter receptacles, picnic tables and other facilities. It is a Point feature"
Ministry of Transportation (MOT) Retaining Wall,Construction and Maintenance,Open Government Licence - British Columbia,file,KML MULTIPLE WMS,2026-09-22,https://catalogue.data.gov.bc.ca/dataset/ministry-of-transportation-mot-retaining-wall,A Retaining Wall is a structure designed to protect the road infrastructure by retaining materials on the fill side to prevent road bed slips and by retaining materials on the cut side to prevent the road surface from being covered by debris. Retaining walls that are greater than or equal to 2m in h
Ministry of Transportation (MOT) Road Features Inventory (RFI),Construction and Maintenance,Open Government Licence - British Columbia,file,KML MULTIPLE WMS,2026-06-08,https://catalogue.data.gov.bc.ca/dataset/ministry-of-transportation-mot-road-features-inventory-rfi,The Road Features Inventory spatial layer shows all highways under the administration and control of BC MoT for which the Ministry has maintenance responsibility
Ministry of Transportation (MOT) Road Structures,Construction and Maintenance,Open Government Licence - British Columbia,file,KML MULTIPLE WMS,2026-09-22,https://catalogue.data.gov.bc.ca/dataset/ministry-of-transportation-mot-road-structures,"The Road Structures on the highway that are maintained by the Ministry. Highway structures include bridges, culverts (greater than or equal to 3m diameter), retaining walls (perpendicular height greater than or equal to 2m), sign bridges, tunnels/snowsheds. Information is recorded in the Bridge Mana"
Ministry of Transportation (MOT) Safety Feature,Construction and Maintenance,Open Government Licence - British Columbia,file,KML MULTIPLE WMS,2026-09-14,https://catalogue.data.gov.bc.ca/dataset/ministry-of-transportation-mot-safety-feature,A Safety Feature is one of a number of various appliances/appurtenances that have been installed or constructed either alongside or as an integral part of the road infrastructure to reduce the severity or potential of accidents. It is a Point feature
Ministry of Transportation (MOT) Sign,Construction and Maintenance,Open Government Licence - British Columbia,file,KML MULTIPLE WMS,2026-09-24,https://catalogue.data.gov.bc.ca/dataset/ministry-of-transportation-mot-sign,"A Sign is a lettered board, message or other display which includes all regulatory, warning, guide, informational, advisory, construction and maintenance and route markers, but excluding electronically controlled messages/displays. It is a Point feature"
Ministry of Transportation (MOT) Special Lane,Construction and Maintenance,Open Government Licence - British Columbia,file,KML MULTIPLE WMS,2026-07-10,https://catalogue.data.gov.bc.ca/dataset/ministry-of-transportation-mot-special-lane,"A Special Lane defines the number of special lanes that are not defined as through travel lanes, passing lanes, or truck lanes which are described in the Highway Profile dataset. It is a Linear feature"
Ministry of Transportation (MOT) Storm Sewer,Construction and Maintenance,Open Government Licence - British Columbia,file,KML MULTIPLE WMS,2026-09-17,https://catalogue.data.gov.bc.ca/dataset/ministry-of-transportation-mot-storm-sewer,A Storm Sewer is an enclosed system of pipes or drains that divert water away from the road and/or right of way. Also includes culverts that run under enclosed ditches. It is a Linear feature
Ministry of Transportation (MOT) Surface Type,Construction and Maintenance,Open Government Licence - British Columbia,file,KML MULTIPLE WMS,2026-03-12,https://catalogue.data.gov.bc.ca/dataset/ministry-of-transportation-mot-surface-type,Surface Type describes the type of surface material used on road
BC Farm Counts by Size Type and Revenue,Corporate Policy and Priorities,Open Government Licence - British Columbia,file,CSV,2023-09-25,https://catalogue.data.gov.bc.ca/dataset/bc-farm-counts-by-size-type-and-revenue,"The number of farms in British Columbia. Includes type of farm, size of farm in hectares, and revenue groupings. Farm types classification is based on the North American Industry Classification System (NAICS). For more on NAICS please visit: http://www.statcan.gc.ca/pub/12-501-x/12-501-x2012001-eng."
BC Primary Agriculture Establishments and Food and Beverage Manufacturing Establishments by Region,Corporate Policy and Priorities,Open Government Licence - British Columbia,file,CSV,2024-05-28,https://catalogue.data.gov.bc.ca/dataset/bc-primary-agriculture-establishments-and-food-and-beverage-manufacturing-establishments-by-region,The dataset includes the number of primary agricultural establishments and food and beverage manufacturing establishments in British Columbia by product category and Regional District for 2022. Category classification is based on the North American Industry Classification System (NAICS). To learn mo
"BC Seafood Production, 2023 - 2024",Corporate Policy and Priorities,Open Government Licence - British Columbia,file,XLSX,2026-06-05,https://catalogue.data.gov.bc.ca/dataset/bc-seafood-production-2023-2024,"Annual BC seafood harvest, landed value of harvest, and wholesale value of processed products, by species/product, source (wild commercial fisheries or aquaculture), and year."
Bee survey and production statistics,Corporate Policy and Priorities,Open Government Licence - British Columbia,file,CSV,2024-02-07,https://catalogue.data.gov.bc.ca/dataset/bee-survey-and-production-statistics,"The B.C. Government releases annual summary reports after surveying beekeepers for the farm gate value for the crop year of their sales of wax, pollen, bee stock, pollination and honey."
Census Region Hierarchy,Corporate Policy and Priorities,Statistics Canada Open Licence,file,CSV HTML MULTIPLE PDF XLSX,2023-09-25,https://catalogue.data.gov.bc.ca/dataset/census-region-hierarchy,This dataset describes the topological relationship between [Census Subdivisions](https://catalogue.data.gov.bc.ca/dataset/c50ef5f8-2140-4ee6-8bf6-881b7bd6ebd4) and the census regions in which they are contained: * [Census Consolidated Subdivisions](https://catalogue.data.gov.bc.ca/dataset/ab9b4253-
Population counts by age by Census Agricultural Region (Economic Development Region) - 2016 Census,Corporate Policy and Priorities,Statistics Canada Open Licence,file,KML MULTIPLE WMS,2023-09-25,https://catalogue.data.gov.bc.ca/dataset/population-counts-by-age-by-census-agricultural-region-economic-development-region-2016-census,"This dataset contains counts of population by single year of age and broader age groupings, by census agricultural region (which is coincident with B.C.’s economic development regions)."
Population counts by age by Census Consolidated Subdivision - 2016 Census,Corporate Policy and Priorities,Statistics Canada Open Licence,file,KML MULTIPLE WMS,2023-09-25,https://catalogue.data.gov.bc.ca/dataset/population-counts-by-age-by-census-consolidated-subdivision-2016-census,"This dataset contains counts of population by single year of age (year) and broader age groupings, by census consolidated subdivision."
Population counts by age by Census Division (Regional District)- 2016,Corporate Policy and Priorities,Statistics Canada Open Licence,file,KML MULTIPLE WMS,2023-09-25,https://catalogue.data.gov.bc.ca/dataset/population-counts-by-age-by-census-division-regional-district-2016,"This dataset contains counts of population by single year of age (year) and broader age groupings, by census division (which are coincident with B.C.’s regional districts)."
BC Personal Information Directory (PID),Corporate Privacy Office,Open Government Licence - British Columbia,file,CSV,2026-08-12,https://catalogue.data.gov.bc.ca/dataset/bc-personal-information-directory-pid,The purpose of the BC Personal Information Directory (PID) is to document the management of personal information holdings of government and to assist the public in identifying the location of personal information about them held by government.
Court Locations,Court Services,Open Government Licence - British Columbia,file,CSV KML MULTIPLE WMS XLS,2024-08-23,https://catalogue.data.gov.bc.ca/dataset/court-locations,"The Court Locations is comprised of all court locations in BC, and includes basic information about each location such as address, phone number, region and court level. To see current locations visit the following webpage https://www2.gov.bc.ca/gov/content?id=5AD9441AEBD9428FA6EF86D6B1E39E96"
Courts - Annual Report - 10 Yr Comparison,Court Services,Open Government Licence - British Columbia,file,CSV HTML XLSX,2026-08-05,https://catalogue.data.gov.bc.ca/dataset/courts-annual-report-10-yr-comparison-,"--- This is a **10 Year Report** by court level, division and class, as represented by the Court Services Branch. • “Session Hours” refers to the amount of time a matter is heard in court. • “Scheduled Court Appearances” refers to the number of occasions when cases are scheduled to be before the cou"
Courts - Appearances - 5 Yr Location Report - Dashboard,Court Services,Open Government Licence - British Columbia,file,CSV HTML XLSX,2026-08-05,https://catalogue.data.gov.bc.ca/dataset/courts-appearances-5-yr-location-report-dashboard-,"--- This is a **5 Year Location Report** by court level, division and class, as represented in the Courts Dashboard. • “Scheduled Court Appearances” refers to the number of occasions when cases are scheduled to be before the court for a specific reason, such as the first appearance, case conference,"
Courts - Appearances - 5 Yr Provincial Report - Dashboard,Court Services,Open Government Licence - British Columbia,file,CSV HTML XLSX,2026-08-05,https://catalogue.data.gov.bc.ca/dataset/courts-appearances-5-yr-provincial-report-dashboard-,"--- This is a **5 Year Provincial Report** by court level, division and class, as represented in the Courts Dashboard. • “Scheduled Court Appearances” refers to the number of occasions when cases are scheduled to be before the court for a specific reason, such as the first appearance, case conferenc"
Courts - Appearances - 5 Yr Regional Report - CSB Summarised Data,Court Services,Open Government Licence - British Columbia,file,CSV HTML XLSX,2026-08-05,https://catalogue.data.gov.bc.ca/dataset/courts-appearances-5-yr-regional-report-csb-summarised-data,"--- This is a **5 Year Regional Report** by court level, division and class, as represented by the Court Services Branch. • “Scheduled Court Appearances” refers to the number of occasions when cases are scheduled to be before the court for a specific reason, such as the first appearance, case confer"
Courts - Appearances - 5 Yr Regional Report - Dashboard,Court Services,Open Government Licence - British Columbia,file,CSV HTML XLSX,2026-08-05,https://catalogue.data.gov.bc.ca/dataset/courts-appearances-5-yr-regional-report-dashboard,"--- This is a **5 Year Regional Report** by court level, division and class, as represented in the Courts Dashboard. • “Scheduled Court Appearances” refers to the number of occasions when cases are scheduled to be before the court for a specific reason, such as the first appearance, case conference,"
Courts - Completed Case Timeliness - Length of Time to Conclude - 5 Yr Location Report - Dashboard,Court Services,Open Government Licence - British Columbia,file,CSV HTML XLSX,2026-08-05,https://catalogue.data.gov.bc.ca/dataset/courts-completed-case-timeliness-length-of-time-to-conclude-5-yr-location-report-dashboard,"This is a **5 Year Location** Report by court level, division and class, as represented in the Courts Dashboard. • ""Provincial Court Criminal Cases by Length of Time to Conclude"" is a timeliness measure for the percentage of concluded criminal court cases by age category in Provincial Court. • This "
Courts - Completed Case Timeliness - Length of Time to Conclude - 5 Yr Regional Report - Dashboard,Court Services,Open Government Licence - British Columbia,file,CSV HTML XLSX,2026-08-05,https://catalogue.data.gov.bc.ca/dataset/courts-completed-case-timeliness-length-of-time-to-conclude-5-yr-regional-report-dashboard,"This is a **5 Year Regional Report** by court level, division and class, as represented in the Courts Dashboard. • ""Provincial Court Criminal Cases by Length of Time to Conclude"" is a timeliness measure for the percentage of concluded criminal court cases by age category in Provincial Court. • This "
Courts - Completed Case Timeliness - Median Time to Conclude - 5 Yr Location Report - Dashboard,Court Services,Open Government Licence - British Columbia,file,CSV HTML XLSX,2026-08-05,https://catalogue.data.gov.bc.ca/dataset/courts-completed-case-timeliness-median-time-to-conclude-5-yr-location-report-dashboard-,"--- This is a **5 Year Location Report** by court level, division and class, as represented in the Courts Dashboard. • ""Provincial Court Criminal Cases Median Time to Conclude"" refers to the median time to conclude criminal cases in Provincial Court based on the number of days between the first sche"
Courts - Completed Case Timeliness - Median Time to Conclude - 5 Yr Provincial Report - Dashboard,Court Services,Open Government Licence - British Columbia,file,CSV HTML XLSX,2026-08-05,https://catalogue.data.gov.bc.ca/dataset/courts-completed-case-timeliness-median-time-to-conclude-5-yr-provincial-report-dashboard,"--- This is a **5 Year Provincial Report** by court level, division and class, as represented in the Courts Dashboard. • ""Provincial Court Criminal Cases Median Time to Conclude"" refers to the median time to conclude criminal cases in Provincial Court based on the number of days between the first sc"
Courts - Completed Case Timeliness - Median Time to Conclude - 5 Yr Regional Report - Dashboard,Court Services,Open Government Licence - British Columbia,file,CSV HTML XLSX,2026-08-05,https://catalogue.data.gov.bc.ca/dataset/courts-completed-case-timeliness-median-time-to-conclude-5-yr-regional-report-dashboard-,"--- This is a **5 Year Regional Report** by court level, division and class, as represented in the Courts Dashboard. • ""Provincial Court Criminal Cases Median Time to Conclude"" refers to the median time to conclude criminal cases in Provincial Court based on the number of days between the first sche"
Courts - Concluded Cases - 5 Yr Location Report - Dashboard,Court Services,Open Government Licence - British Columbia,file,CSV HTML XLSX,2026-08-05,https://catalogue.data.gov.bc.ca/dataset/courts-concluded-cases-5-yr-location-report-dashboard,"--- This is a **5 Year Location Report** by court level, division and class, as represented in the Courts Dashboard. • “Concluded Cases” indicates the number of Provincial Court criminal cases with a final disposition recorded against all charges on an Information or ticket. • Cases that are on outs"
Courts - Concluded Cases - 5 Yr Provincial Report - Dashboard,Court Services,Open Government Licence - British Columbia,file,CSV HTML XLSX,2026-08-05,https://catalogue.data.gov.bc.ca/dataset/courts-concluded-cases-5-yr-provincial-report-dashboard-,"---This is a **5 Year Provincial Report** by court level, division and class, as represented in the Courts Dashboard. • “Concluded Cases” indicates the number of Provincial Court criminal cases with a final disposition recorded against all of the charges on an Information or ticket. • Cases that are"
Courts - Concluded Cases - 5 Yr Regional Report - CSB Summarised Data,Court Services,Open Government Licence - British Columbia,file,CSV HTML XLSX,2026-08-05,https://catalogue.data.gov.bc.ca/dataset/courts-concluded-cases-5-yr-regional-report-csb-summarised-data,"--- This is a **5 Year Regional Report** by court level, division and class as presented by the Courts Services Branch. • “Concluded Cases” indicates the number of Provincial Court criminal cases with a final disposition recorded against all of the charges on an Information or ticket. • Cases that a"
Courts - Concluded Cases - 5 Yr Regional Report - Dashboard,Court Services,Open Government Licence - British Columbia,file,CSV HTML XLSX,2026-08-05,https://catalogue.data.gov.bc.ca/dataset/courts-concluded-cases-5-yr-regional-report-dashboard,"--- This is a **5 Year Regional Report** by court level, division and class, as represented by the Courts Dashboard. • “Concluded Cases” indicates the number of Provincial Court criminal cases with a final disposition recorded against all of the charges on an Information or ticket. • Cases that are "
Courts - Documents Filed - 5 Yr Location Report - Dashboard,Court Services,Open Government Licence - British Columbia,file,CSV HTML XLSX,2026-08-05,https://catalogue.data.gov.bc.ca/dataset/courts-documents-filed-5-yr-location-report-dashboard,"--- This is a **5 Year Location Report** by court level, division and class, as represented in the Courts Dashboard. • Civil court documents filed counts all Supreme and Provincial Court documents filed at a registry or received electronically. • The extracts report the total number of civil documen"
Courts - Documents Filed - 5 Yr Provincial Report - Dashboard,Court Services,Open Government Licence - British Columbia,file,CSV HTML XLSX,2026-08-05,https://catalogue.data.gov.bc.ca/dataset/courts-documents-filed-5-yr-provincial-report-dashboard,"--- This is a **5 Year Provincial Report** by court level, division and class, as represented in the Courts Dashboard. • ""Civil Court Documents Filed"" counts all Supreme and Provincial Court documents filed at a registry or received electronically. • The extracts report the total number of civil doc"
Courts - Documents Filed - 5 Yr Regional Report - CSB Summarised Data,Court Services,Open Government Licence - British Columbia,file,CSV HTML XLSX,2026-08-05,https://catalogue.data.gov.bc.ca/dataset/courts-documents-filed-5-yr-regional-report-csb-summarised-data,"This is a 5 Year Regional Report by court level, division and class, as represented by the Court Services Branch. • Civil court documents filed counts all Supreme and Provincial Court documents filed at a registry or received electronically. • The extracts report the total number of civil documents "
Courts - Documents Filed - 5 Yr Regional Report - Dashboard,Court Services,Open Government Licence - British Columbia,file,CSV HTML XLSX,2026-08-05,https://catalogue.data.gov.bc.ca/dataset/courts-documents-filed-5-yr-regional-report-dashboard,"--- This is a **5 Year Regional Report** by court level, division and class, as represented in the Courts Dashboard. • Civil court documents filed counts all Supreme and Provincial Court documents filed at a registry or received electronically. • The extracts report the total number of civil documen"
Courts - New Cases - 5 Yr Location Report - Dashboard,Court Services,Open Government Licence - British Columbia,file,CSV HTML XLSX,2026-08-05,https://catalogue.data.gov.bc.ca/dataset/courts-new-cases-5-yr-location-report-dashboard,"--- This is a **5 Year Location Report** by court level, division and class, as represented in the Courts Dashboard. • “New Court Cases” generally refers to the number of new filings received in a court location that initiate a case, including files transferred from another registry for disposition."
Courts - New Cases - 5 Yr Provincial Report - Dashboard,Court Services,Open Government Licence - British Columbia,file,CSV HTML XLSX,2026-08-05,https://catalogue.data.gov.bc.ca/dataset/courts-new-cases-5-yr-provincial-report-dashboard,"--- This is a **5 Year Provincial Report** by court level, division and class, as represented in the Courts Dashboard. • “New Court Cases” generally refers to the number of new filings received in a court location that initiate a case, including files transferred from another registry for dispositio"
Courts - New Cases - 5 Yr Regional Report - CSB Summarised Data,Court Services,Open Government Licence - British Columbia,file,CSV HTML XLSX,2026-08-05,https://catalogue.data.gov.bc.ca/dataset/courts-new-cases-5-yr-regional-report-csb-summarised-data,"--- This is a **5 Year Regional Report** by court level, division and class, as presented by the Courts Services Branch. • “New Court Cases” generally refers to the number of new filings received in a court location that initiate a case, including files transferred from another registry for disposit"
Courts - New Cases - 5 Yr Regional Report - Dashboard,Court Services,Open Government Licence - British Columbia,file,CSV HTML XLSX,2026-08-05,https://catalogue.data.gov.bc.ca/dataset/courts-new-cases-5-yr-regional-report-dashboard,"--- This is a **5 Year Regional Report** by court level, division and class, as represented in the Courts Dashboard. • “New Court Cases” generally refers to the number of new filings received in a court location that initiate a case, including files transferred from another registry for disposition."
Courts - Session Hours - 5 Yr Location Report - Dashboard,Court Services,Open Government Licence - British Columbia,file,CSV HTML XLSX,2026-08-05,https://catalogue.data.gov.bc.ca/dataset/courts-session-hours-5-yr-location-report-dashboard,"--- This is a **5 Year Location Report** by court level, division and class, as represented in the Courts Dashboard. • ""Session Hours” refers to the amount of time a matter is heard in court. • Time is reported to the nearest five minutes and includes the time when court is adjourned for any reason "
Courts - Session Hours - 5 Yr Provincial Report - Dashboard,Court Services,Open Government Licence - British Columbia,file,CSV HTML XLSX,2026-08-05,https://catalogue.data.gov.bc.ca/dataset/courts-session-hours-5-yr-provincial-report-dashboard-,"--- This is a **5 Year Provincial Report** by court level, division and class, as represented in the Courts Dashboard. • “Session Hours” refers to the amount of time a matter is heard in court. • Time is reported to the nearest five minutes and includes the time when court is adjourned for any reaso"
Courts - Session Hours - 5 Yr Regional Report - CSB Summarised Data,Court Services,Open Government Licence - British Columbia,file,CSV HTML XLSX,2026-08-05,https://catalogue.data.gov.bc.ca/dataset/courts-session-hours-5-yr-regional-report-csb-summarised-data,"--- This is a **5 Year Regional Report** by court level, division and class, as represented by the Court Services Branch. • “Session Hours” refers to the amount of time a matter is heard in court. • Time is reported to the nearest five minutes and includes the time when court is adjourned for any re"
Courts - Session Hours - 5 Yr Regional Report - Dashboard,Court Services,Open Government Licence - British Columbia,file,CSV HTML XLSX,2026-08-05,https://catalogue.data.gov.bc.ca/dataset/courts-session-hours-5-yr-regional-report-dashboard-,"--- This is a **5 Year Regional Report** by court level, division and class, as represented in the Courts Dashboard. • “Session Hours” refers to the amount of time a matter is heard in court. • Time is reported to the nearest five minutes and includes the time when court is adjourned for any reason "
Courts -Completed Case Timeliness - Length of Time to Conclude - 5 Yr Provincial Report - Dashboard,Court Services,Open Government Licence - British Columbia,file,CSV HTML XLSX,2026-08-05,https://catalogue.data.gov.bc.ca/dataset/courts-completed-case-timeliness-length-of-time-to-conclude-5-yr-provincial-report-dashboard-,"This is a **5 Year Provincial Report** by court level, division and class, as represented in the Courts Dashboard. • ""Provincial Court Criminal Cases by Length of Time to Conclude"" is a timeliness measure for the percentage of concluded criminal court cases by age category in Provincial Court. • Thi"
British Columbia Film Commission Production Statistics,Creative Sector,Open Government Licence - British Columbia,file,XLS,2022-03-17,https://catalogue.data.gov.bc.ca/dataset/british-columbia-film-commission-production-statistics,"Established in 1978, the British Columbia Film Commission was a branch of the provincial government working to ensure that the business of film and television production thrives as a value proposition for our domestic and international clientele. The British Columbia Film Commission Production Stati"
BC Data Catalogue API,Data Systems and Services (DataBC),Open Government Licence - British Columbia,file,HTML JSON OPENAPI-JSON,2023-03-30,https://catalogue.data.gov.bc.ca/dataset/bc-data-catalogue-api,"The BC Data Catalogue is the place to find B.C. Government data, applications and web services. Government ministries and many broader public sector agencies publish their data resources in the Catalogue. This data can be used to make informed decisions and create opportunities for the benefit of al"
BC Data Catalogue Content,Data Systems and Services (DataBC),Open Government Licence - British Columbia,file,CSV OTHER XLSX,2026-09-24,https://catalogue.data.gov.bc.ca/dataset/bc-data-catalogue-content,"The BC Data Catalogue is the place to find B.C. Government data, applications and web services. Government ministries and many broader public sector agencies publish their data resources in the Catalogue. This data can be used to make informed decisions and create opportunities for the benefit of al"
Census Profile Key Facts for BC Census Divisions - Current Census,Data Systems and Services (DataBC),Statistics Canada Open Licence,file,KML MULTIPLE WMS,2023-07-26,https://catalogue.data.gov.bc.ca/dataset/census-profile-key-facts-for-bc-census-divisions-current-census,"Uncategorized information for census divisions, including population totals, land area, shelter/dwelling costs/values, and aboriginal identity."
Census Profile Key Facts for BC Census Subdivisions - Current Census,Data Systems and Services (DataBC),Statistics Canada Open Licence,file,KML MULTIPLE WMS,2023-07-26,https://catalogue.data.gov.bc.ca/dataset/census-profile-key-facts-for-bc-census-subdivisions-current-census,"Uncategorized information for the census subdivision, including population totals, land area, shelter/dwelling costs/values, and aboriginal identity."
Commuting Duration and Mode Summaries for BC Census Divisions - Current Census,Data Systems and Services (DataBC),Statistics Canada Open Licence,file,KML MULTIPLE WMS,2023-07-26,https://catalogue.data.gov.bc.ca/dataset/commuting-duration-and-mode-summaries-for-bc-census-divisions-current-census,Counts by the mode of commuting and the duration of commuting for the employed labour force aged 15 years and over in private households with a usual place of work or no fixed workplace address - 25% sample data.
Commuting Duration and Mode Summaries for BC Census Subdivisions - Current Census,Data Systems and Services (DataBC),Statistics Canada Open Licence,file,KML MULTIPLE WMS,2023-09-15,https://catalogue.data.gov.bc.ca/dataset/commuting-duration-and-mode-summaries-for-bc-census-subdivisions-current-census,Counts by the mode of commuting and the duration of commuting for the employed labour force aged 15 years and over in private households with a usual place of work or no fixed workplace address - 25% sample data.
DataBC Download Statistics,Data Systems and Services (DataBC),Open Government Licence - British Columbia,file,CSV,2023-03-30,https://catalogue.data.gov.bc.ca/dataset/databc-download-statistics,"Statistics of downloads of data from www.data.gov.bc.ca licensed under the B.C. Open Government Licence from July 19, 2011 onwards. Fields include record unique identifier, record name, and the number of downloads."
Education Level Summaries for BC Census Divisions - Current Census,Data Systems and Services (DataBC),Statistics Canada Open Licence,file,KML MULTIPLE WMS,2023-07-26,https://catalogue.data.gov.bc.ca/dataset/education-level-summaries-for-bc-census-divisions-current-census,"Highest certificate, diploma or degree for the population aged 15 years and over in private households - 25% sample data. "
Education Level Summaries for BC Census Subdivisions - Current Census,Data Systems and Services (DataBC),Statistics Canada Open Licence,file,KML MULTIPLE WMS,2023-07-26,https://catalogue.data.gov.bc.ca/dataset/education-level-summaries-for-bc-census-subdivisions-current-census,"Highest certificate, diploma or degree for the population aged 15 years and over in private households - 25% sample data."
Geographic Feature Code Catalogue,Data Systems and Services (DataBC),Open Government Licence - British Columbia,file,CSV MULTIPLE,2023-03-14,https://catalogue.data.gov.bc.ca/dataset/geographic-feature-code-catalogue,"The Geographic Feature Code Catalogue contains codes and definitions for geographic features captured and mapped by various BC Government Ministries, which are responsible for their definitions. These codes (fcodes) are embedded into geographic data to mark them, as an aid to integrating data from m"
GovTogetherBC Health and Safety-related Engagement Opportunities RSS Feed,Data Systems and Services (DataBC),Open Government Licence - British Columbia,file,XML,2022-04-06,https://catalogue.data.gov.bc.ca/dataset/govtogetherbc-health-and-safety-related-engagement-opportunities-rss-feed,"This is an RSS feed of all engagement opportunities listed in the Health and Safety category on www.gov.bc.ca/govtogetherbc, the B.C. government's directory of public engagement opportunities. It includes topics such as healthy living, justice and the health care sytem."
Household Income Summaries for BC Census Divisions - Current Census,Data Systems and Services (DataBC),Statistics Canada Open Licence,file,KML MULTIPLE WMS,2023-10-23,https://catalogue.data.gov.bc.ca/dataset/household-income-summaries-for-bc-census-divisions-current-census,Percentage population aged 15 years and over in private households with employment income (%) - 100% data . Median income for private households by household size - 100% data. Household total income groups for private households - 100% data.
Household Income Summaries for BC Census Subdivisions - Current Census,Data Systems and Services (DataBC),Statistics Canada Open Licence,file,KML MULTIPLE WMS,2023-10-23,https://catalogue.data.gov.bc.ca/dataset/household-income-summaries-for-bc-census-subdivisions-current-census,Percentage population aged 15 years and over in private households with employment income (%) - 100% data. Median income for private households by household size - 100% data. Household total income groups for private households - 100% data
Labour Force Occupations (NOC) Summaries for BC Census Divisions - Current Census,Data Systems and Services (DataBC),Statistics Canada Open Licence,file,KML MULTIPLE WMS,2023-07-26,https://catalogue.data.gov.bc.ca/dataset/labour-force-occupations-noc-summaries-for-bc-census-divisions-current-census,Labour force population aged 15 years and over by occupation - National Occupational Classification (NOC) 2016 - 25% sample data.
Labour Force Occupations (NOC) Summaries for BC Census Subdivisions - Current Census,Data Systems and Services (DataBC),Statistics Canada Open Licence,file,KML MULTIPLE WMS,2023-07-26,https://catalogue.data.gov.bc.ca/dataset/labour-force-occupations-noc-summaries-for-bc-census-subdivisions-current-census,Labour force population aged 15 years and over by occupation - National Occupational Classification (NOC) 2016 - 25% sample data.
Labour Force Status Summaries for BC Census Divisions - Current Census,Data Systems and Services (DataBC),Statistics Canada Open Licence,file,KML MULTIPLE WMS,2023-07-26,https://catalogue.data.gov.bc.ca/dataset/labour-force-status-summaries-for-bc-census-divisions-current-census,Population aged 15 years and over by Labour force status - 25% sample data.
Labour Force Status Summaries for BC Census Subdivisions - Current Census,Data Systems and Services (DataBC),Statistics Canada Open Licence,file,KML MULTIPLE WMS,2023-07-26,https://catalogue.data.gov.bc.ca/dataset/labour-force-status-summaries-for-bc-census-subdivisions-current-census,Population aged 15 years and over by Labour force status - 25% sample data.
Labour Force by Industry (NAICS) Summaries for BC Census Divisions - Current Census,Data Systems and Services (DataBC),Statistics Canada Open Licence,file,KML MULTIPLE WMS,2023-07-26,https://catalogue.data.gov.bc.ca/dataset/labour-force-by-industry-naics-summaries-for-bc-census-divisions-current-census,Labour force population aged 15 years and over by Industry - North American Industry Classification System (NAICS) 2012 - 25% sample data.
Labour Force by Industry Summaries for BC Census Subdivisions - Current Census,Data Systems and Services (DataBC),Statistics Canada Open Licence,file,KML MULTIPLE WMS,2023-07-26,https://catalogue.data.gov.bc.ca/dataset/labour-force-by-industry-summaries-for-bc-census-subdivisions-current-census,Labour force population aged 15 years and over by Industry - North American Industry Classification System (NAICS) 2012 - 25% sample data.
Languages Spoken at Home Summaries for BC Census Divisions - Current Census,Data Systems and Services (DataBC),Statistics Canada Open Licence,file,KML MULTIPLE WMS,2023-07-26,https://catalogue.data.gov.bc.ca/dataset/languages-spoken-at-home-summaries-for-bc-census-divisions-current-census,Language spoken most often at home for the total population excluding institutional residents - 100% data.
Languages Spoken at Home Summaries for BC Census Subdivisions - Current Census,Data Systems and Services (DataBC),Statistics Canada Open Licence,file,KML MULTIPLE WMS,2023-07-26,https://catalogue.data.gov.bc.ca/dataset/languages-spoken-at-home-summaries-for-bc-census-subdivisions-current-census,Language spoken most often at home for the total population excluding institutional residents - 100% data.
ParcelMap BC Parcel Fabric,Data Systems and Services (DataBC),Open Government Licence - British Columbia,file,ARCGIS_REST FGDB KML MULTIPLE WMS,2026-09-21,https://catalogue.data.gov.bc.ca/dataset/parcelmap-bc-parcel-fabric,"ParcelMap BC is the current, complete and trusted mapped representation of titled and Crown land parcels across British Columbia, considered to be the point of truth for the graphical representation of property boundaries. It is not the authoritative source for the legal property boundary or related"
ParcelMap BC Parcel Polygons,Data Systems and Services (DataBC),Open Government Licence - British Columbia,file,FGDB KML ORACLE_SDE WMS,2026-09-21,https://catalogue.data.gov.bc.ca/dataset/parcelmap-bc-parcel-polygons-ogl,"ParcelMap BC is the current, complete and trusted mapped representation of titled and Crown land parcels across British Columbia, considered to be the point of truth for the graphical representation of property boundaries. It is not the authoritative source for the legal property boundary or related"
Population Age Distribution Summaries for BC Census Divisions - Current Census,Data Systems and Services (DataBC),Statistics Canada Open Licence,file,KML MULTIPLE WMS,2023-07-26,https://catalogue.data.gov.bc.ca/dataset/population-age-distribution-summaries-for-bc-census-divisions-current-census,Age groups and average age of the population - 100% data.
Population Age Distribution Summaries for BC Census Subdivisions - Current Census,Data Systems and Services (DataBC),Statistics Canada Open Licence,file,KML MULTIPLE WMS,2023-07-26,https://catalogue.data.gov.bc.ca/dataset/population-age-distribution-summaries-for-bc-census-subdivisions-current-census,Age groups and average age of the population - 100% data.
Sites Registry (Open Government Licence),Data Systems and Services (DataBC),Open Government Licence - British Columbia,file,KML MULTIPLE WMS,2024-10-15,https://catalogue.data.gov.bc.ca/dataset/sites-registry-open-government-licence-,"This dataset is a subset of the Sites Registry dataset. The Sites Registry is a collection of locations that are important to government carrying out its business, including sharing information with citizens. Most locations have civic addresses and are government offices or facilities, e.g. hospital"
British Columbia Debt Issues Outstanding,Debt Management,Open Government Licence - British Columbia,file,CSV,2026-09-23,https://catalogue.data.gov.bc.ca/dataset/british-columbia-debt-issues-outstanding,British Columbia Debt Issues Outstanding
HelloBC Accommodations Listing,Destination BC,Open Government Licence - Destination BC,file,CSV KML MULTIPLE WMS,2025-06-17,https://catalogue.data.gov.bc.ca/dataset/hellobc-accommodations-listing,This dataset is a listing of the locations of B.C. accommodations that are registered with the HelloBC Listings Program.
HelloBC Activities and Attractions Listing,Destination BC,Open Government Licence - Destination BC,file,CSV KML MULTIPLE WMS,2026-09-22,https://catalogue.data.gov.bc.ca/dataset/hellobc-activities-and-attractions-listing,This dataset is a listing of products that are registered with the HelloBC Listings Program.
HelloBC Visitor Centres Listing,Destination BC,Open Government Licence - Destination BC,file,CSV KML MULTIPLE WMS,2026-09-22,https://catalogue.data.gov.bc.ca/dataset/hellobc-visitor-centres-listing,This dataset is a listing of B.C.'s Visitor Centres (including their locations) that are registered with the HelloBC Listings Program.
BC Regulatory Requirements Count,Economic and Regulatory Analysis,Open Government Licence - British Columbia,file,CSV XLSX,2022-04-06,https://catalogue.data.gov.bc.ca/dataset/bc-regulatory-requirements-count,"List of provincial regulatory requirements including the number of requirements under a particular statute, regulation, policy, form, or ministry. See: http://pub.data.gov.bc.ca/datasets/177484/regulatory_requirements_count_field_descriptions.xlsx for field descriptions."
Aquatic Invasive Species of British Columbia,Ecosystems,Open Government Licence - British Columbia,file,KML MULTIPLE WMS,2025-05-10,https://catalogue.data.gov.bc.ca/dataset/aquatic-invasive-species-of-british-columbia,"Site locations of aquatic invasive species occurrences throughout the province. The aquatic invasive species include species of amphibians, fishes, invertebrates, plants, alga and turtles. This spatial dataset was compiled from a number of data sources including The Invasive Plant Council of BC; the"
BC Grizzly Bear Habitat Classification and Rating,Ecosystems,Open Government Licence - British Columbia,file,OTHER PDF XLS XLSX ZIP,2022-09-12,https://catalogue.data.gov.bc.ca/dataset/bc-grizzly-bear-habitat-classification-and-rating,This project includes: • 2 sets of raw data which are specific ratings for each ecosystem unit for 1) Ecosections with Biogeoclimatic zones/subzones/variants and 2) Broad Ecosystem Units. These data are available as spatial files and spreadsheets. • an accompanying report which describes the context
BC Species and Ecosystems Previous Years' Conservation Status Rank - Compilation,Ecosystems,Open Government Licence - British Columbia,file,CSV XLSX,2026-04-09,https://catalogue.data.gov.bc.ca/dataset/bc-species-and-ecosystems-previous-years-conservation-status-rank-compilation,These tabular data files (available in csv or xlsx) contain the **previous years'** conservation status information for plants and animals and ecological communities in British Columbia. **Current year** conservation status data are available through the [BC Species and Ecosystems Explorer](http://c
Grizzly Bear Conservation Ranking Results,Ecosystems,Open Government Licence - British Columbia,file,CSV,2023-06-12,https://catalogue.data.gov.bc.ca/dataset/grizzly-bear-conservation-ranking-results,"Table of results from the 2019 Grizzly Bear Conservation Ranking by Grizzly Bear Population Unit (GBPU). Includes population estimate, trend, population isolation code, conservation rank, overall threat and individual threat results for each threat indicator. More detail is available in the report -"
Species and Ecosystems at Risk - (Masked Secured) Publicly Available Occurrences - CDC,Ecosystems,Open Government Licence - British Columbia,file,KML MULTIPLE WMS,2026-09-24,https://catalogue.data.gov.bc.ca/dataset/species-and-ecosystems-at-risk-masked-secured-publicly-available-occurrences-cdc,The B.C. Conservation Data Centre spatial layer that displays a generalised area that masks the precise locations of secured occurrences of species and ecosystems at risk. These are masked for public viewing and download. The occurrences may be secured due to the species or ecosystems being suscepti
Species and Ecosystems at Risk - Publicly Available Occurrences - CDC,Ecosystems,Open Government Licence - British Columbia,file,ARCGIS_REST KML MULTIPLE WMS,2026-09-24,https://catalogue.data.gov.bc.ca/dataset/species-and-ecosystems-at-risk-publicly-available-occurrences-cdc,"The B.C. Conservation Data Centre’s spatial view of publicly available, known locations of species and ecological communities at risk. This spatial view is split into the ""Publicly Available Occurrences"" layer and ""(Extirpated and Historical) Publicly Available Occurrences"" layer. The Extirpated and"
BC Schools - Class Size,Education Analytics Office,Open Government Licence - British Columbia,file,CSV PDF XLSX,2026-04-16,https://catalogue.data.gov.bc.ca/dataset/bc-schools-class-size,"Class size information from 2006/2007 to 2025/2026. Statistics on the composition of British Columbia public school classes by Province, District, and School level; includes Average Class Size for K, 1-3, 4-7, 8-12; with the number of reported classes with assigned Education Assistants, the number o"
BC Schools - District & Provincial Scholarships,Education Analytics Office,Open Government Licence - British Columbia,file,TXT XLSX,2022-06-10,https://catalogue.data.gov.bc.ca/dataset/bc-schools-district-provincial-scholarships,"Disbursement of District and Provincial Scholarships to 2011/2012, including counts by male and female students."
BC Schools - Eligible to Graduate Rate,Education Analytics Office,Open Government Licence - British Columbia,file,CSV PDF XLSX,2026-03-19,https://catalogue.data.gov.bc.ca/dataset/bc-schools-eligible-to-graduate-rate,Proportions of eligible-to-graduate Grade 12 students who graduated from 1991/1992 to 2023/2024. Students may only appear once in this dataset. This data shows the first record where a student is marked as being eligible to graduate. The GRADUATION_COUNT column details whether a student graduated wi
BC Schools - Examinations Results,Education Analytics Office,Open Government Licence - British Columbia,file,CSV PDF XLS XLSX,2025-08-19,https://catalogue.data.gov.bc.ca/dataset/bc-schools-examinations-results,"BC schools grade 10, 11, 12 examinations results 1996/1997 to 2019/2020."
BC Schools - First Time Grade 12 Graduation Rate,Education Analytics Office,Open Government Licence - British Columbia,file,CSV PDF XLSX,2026-03-19,https://catalogue.data.gov.bc.ca/dataset/bc-schools-first-time-grade-12-graduation-rate,First Time in Grade 12 Graduation Rate statistics from 1996/1997 - 2023/2024.
BC Schools - Foundation Skills Assessment (FSA),Education Analytics Office,Open Government Licence - British Columbia,file,CSV PDF XLSX,2026-06-01,https://catalogue.data.gov.bc.ca/dataset/bc-schools-foundation-skills-assessment-fsa-,"The results of the Grades 4 and 7 BC Foundation Skills Assessments in Numeracy, Reading and Writing from 2007/2008 to 2020/2021, and in Numeracy and Literacy for 2021/2022 onward. The results are considered a new dataset for 2021/2022 since the assessment combines reading and writing skills to form "
BC Schools - Grade to Grade Transition,Education Analytics Office,Open Government Licence - British Columbia,file,CSV PDF XLSX,2026-03-19,https://catalogue.data.gov.bc.ca/dataset/bc-schools-grade-to-grade-transition,"Rate of transition of students from grade to grade from 1992/1993 to 2025/2026, includes counts by gender and Indigenous identity. Data extracts are split into 5 year increments to maintain manageable files sizes."
BC Schools - K-12 with Francophone Indicators,Education Analytics Office,Open Government Licence - British Columbia,file,CSV KML MULTIPLE TXT WMS,2026-09-24,https://catalogue.data.gov.bc.ca/dataset/bc-schools-k-12-with-francophone-indicators,"This dataset is comprised of locations and current information for all schools for Kindergarten to Grade 12 in British Columbia. Indicators are included for schools that offer French programs including: Core French, Early French Immersion, Late French Immersion and Francophone Program."
BC Schools - Passport to Education Awards,Education Analytics Office,Open Government Licence - British Columbia,file,TXT XLSX,2022-06-10,https://catalogue.data.gov.bc.ca/dataset/bc-schools-passport-to-education-awards,"The distribution of Passport to Education awards by district and grades 10, 11 and 12 up to 2011/2012."
BC Schools - Programs Offered in Schools,Education Analytics Office,Open Government Licence - British Columbia,file,TXT XLSX,2022-04-06,https://catalogue.data.gov.bc.ca/dataset/bc-schools-programs-offered-in-schools,"BC Schools English Language Learners, French Immersion, Francophone, Career Preparation, Aboriginal Support Services, Aboriginal Language and Culture, Continuing Education and Career Technical Programs offered in BC schools up to 2013/2014."
BC Schools - Satisfaction Survey - Consolidated,Education Analytics Office,Open Government Licence - British Columbia,file,CSV XLSX,2022-04-06,https://catalogue.data.gov.bc.ca/dataset/bc-schools-satisfaction-survey-consolidated,"Consolidated Satisfaction Survey questions and responses from 2001/2002 - 2015/2016 for all topics, grades and audiences (students, parents, teachers). Questions and responses that do not fit the Likert Scale model can be found here: http://catalogue.data.gov.bc.ca/dataset/bc-schools-satisfaction-su"
BC Schools - Satisfaction Survey - Consolidated (Alternate Responses),Education Analytics Office,Open Government Licence - British Columbia,file,CSV XLSX,2024-02-28,https://catalogue.data.gov.bc.ca/dataset/bc-schools-satisfaction-survey-consolidated-alternate-responses-,"Consolidated Satisfaction Survey dataset for alternate response items from 2001/2002 - 2015/2016. Includes all topics, grades and audiences (students, parents, teachers). These questions are formatted differently than the standard Likert model so cannot be integrated into the same dataset. Likert re"
BC Schools - School District Funding Allocation 2002-2003,Education Analytics Office,Open Government Licence - British Columbia,file,XLSX,2022-04-06,https://catalogue.data.gov.bc.ca/dataset/bc-schools-school-district-funding-allocation-2002-2003,"Operating grants fund allocations for public school districts only for Fiscal Year 2002-2003. Includes data about grants to support students with unique needs (special education, English as a Second Language (ESL), aboriginal), enrolment decline and teacher salaries."
BC Schools - School District Funding Allocation 2003-2004,Education Analytics Office,Open Government Licence - British Columbia,file,XLSX,2022-04-06,https://catalogue.data.gov.bc.ca/dataset/bc-schools-school-district-funding-allocation-2003-2004,"Operating grants fund allocations for public school districts only for Fiscal Year 2003-2004.Includes data about supplemental grants to support students with unique needs (special education, English as a Second Language (ESL), aboriginal), enrolment decline and teacher salary differentials."
BC Schools - School District Funding Allocation 2004-2005,Education Analytics Office,Open Government Licence - British Columbia,file,XLSX,2022-04-06,https://catalogue.data.gov.bc.ca/dataset/bc-schools-school-district-funding-allocation-2004-2005,"Operating grants fund allocations for public school districts only for Fiscal Year 2004-2005. Includes data about grants to support students with unique needs (special education, English as a Second Language (ESL), aboriginal), enrolment decline and teacher salaries."
BC Schools - School District Funding Allocation 2005-2006,Education Analytics Office,Open Government Licence - British Columbia,file,XLSX,2022-04-06,https://catalogue.data.gov.bc.ca/dataset/bc-schools-school-district-funding-allocation-2005-2006,"Operating grants fund allocations for public school districts only for Fiscal Year 2005-2006. Includes data about grants to support students with unique needs (special education, English as a Second Language (ESL), aboriginal), enrolment decline and teacher salaries"
BC Schools - School District Funding Allocation 2006-2007,Education Analytics Office,Open Government Licence - British Columbia,file,XLSX,2022-04-06,https://catalogue.data.gov.bc.ca/dataset/bc-schools-school-district-funding-allocation-2006-2007,"Operating grants fund allocations for public school districts only for Fiscal Year 2006-2007. Includes data about grants to support students with unique needs (special education, English as a Second Language (ESL), aboriginal), enrolment decline and teacher salaries, labour settlement funding, schoo"
BC Schools - School District Funding Allocation 2007-2008,Education Analytics Office,Open Government Licence - British Columbia,file,XLSX,2022-04-06,https://catalogue.data.gov.bc.ca/dataset/bc-schools-school-district-funding-allocation-2007-2008,"Operating grants fund allocations for public school districts only for Fiscal Year 2007-2008. Includes data about grants to support students with unique needs (special education, English as a Second Language (ESL), aboriginal), enrolment decline and teacher salary differential, additional costs asso"
BC Schools - School District Funding Allocation 2008-2009,Education Analytics Office,Open Government Licence - British Columbia,file,XLSX,2022-04-06,https://catalogue.data.gov.bc.ca/dataset/bc-schools-school-district-funding-allocation-2008-2009,"Operating grants fund allocations for public school districts only for Fiscal Year 2008-2009. Includes data about grants to support students with unique needs (special education, English as a Second Language (ESL), aboriginal), enrolment decline and teacher salaries, labour settlement funding, summe"
BC Schools - School District Funding Allocation 2009-2010,Education Analytics Office,Open Government Licence - British Columbia,file,XLSX,2022-04-06,https://catalogue.data.gov.bc.ca/dataset/bc-schools-school-district-funding-allocation-2009-2010,"Operating grants fund allocations for public school districts only for Fiscal Year 2009-2010. Includes data about grants to support students with unique needs (special education, English as a Second Language (ESL), aboriginal), enrolment decline and teacher salaries, labour settlement funding, and s"
BC Schools - School District Funding Allocation 2010-2011,Education Analytics Office,Open Government Licence - British Columbia,file,XLSX,2022-04-06,https://catalogue.data.gov.bc.ca/dataset/bc-schools-school-district-funding-allocation-2010-2011,"Operating grants fund allocations for public school districts only for Fiscal Year 2010-2011. Includes data about grants to support students with unique needs (special education, English as a Second Language (ESL), aboriginal), newcomer refugees, enrolment decline and teacher salary differential, ad"
BC Schools - School District Funding Allocation 2011/2012,Education Analytics Office,Open Government Licence - British Columbia,file,XLSX,2022-04-06,https://catalogue.data.gov.bc.ca/dataset/bc-schools-school-district-funding-allocation-2011-2012,"Operating grants fund allocations for public school districts only for Fiscal Year 2011/2012. Includes data about grants to support students with unique needs (special education, English as a Second Language (ESL), aboriginal), enrolment decline and teacher salaries."
BC Schools - School District Information,Education Analytics Office,Open Government Licence - British Columbia,file,CSV TXT,2022-04-06,https://catalogue.data.gov.bc.ca/dataset/bc-schools-school-district-information,School Districts - Boards of Education current and historical location and contact information to 2018/2019.
BC Schools - Six Year Completion Rate,Education Analytics Office,Open Government Licence - British Columbia,file,CSV PDF XLSX,2026-05-19,https://catalogue.data.gov.bc.ca/dataset/bc-schools-six-year-completion-rate,"Six-Year Dogwood Completion Rate 1999/2000 to 2024/25, for residents only."
BC Schools - Student Enrolment and FTE by Grade,Education Analytics Office,Open Government Licence - British Columbia,file,CSV PDF XLSX,2026-03-19,https://catalogue.data.gov.bc.ca/dataset/bc-schools-student-enrolment-and-fte-by-grade,"Student enrolment and FTE by Grade to 2023/2024, including facility type and counts by indigeneity. Due to size, the data have been separated into three documents in each format (Excel and CSV): 1991/91 to 2003/04; 2004/2005 to 2019/2020; 2020/21 to 2025/2026"
BC Schools - Student Headcount by Grade,Education Analytics Office,Open Government Licence - British Columbia,file,CSV PDF XLSX,2026-03-19,https://catalogue.data.gov.bc.ca/dataset/bc-schools-student-headcount-by-grade,"Headcount of students by grade for all years up to 2025/2026, including student counts by all students, Indigenous, and non-Indigenous. "
BC Schools - Teacher Statistics,Education Analytics Office,Open Government Licence - British Columbia,file,CSV PDF XLSX,2026-06-09,https://catalogue.data.gov.bc.ca/dataset/bc-schools-teacher-statistics,"British Columbia Public School Teacher Statistics, includes all data used in public reports up to 2025/2026. See lineage statement for more details. "
Class Size by Grade,Education Analytics Office,Open Government Licence - British Columbia,file,CSV PDF XLSX,2026-04-16,https://catalogue.data.gov.bc.ca/dataset/class-size-by-grade,Class size by grade information from 2006/2007 to 2025/2026 (split into 4 files due to size constraints). Statistics by School level; counts reflect the class organization as of the time specified in that year’s collection instructions (typically between September 30 and October 15th).
Class size by Composition,Education Analytics Office,Open Government Licence - British Columbia,file,CSV PDF XLSX,2026-04-16,https://catalogue.data.gov.bc.ca/dataset/class-size-by-composition,"Class size by composition information from 2006/2007 to 2025/2026. Statistics on the class size composition of British Columbia public school classes by Province and District level; includes counts of classes for groupings of all grades, K-3, and 4-12; by number of students who have Individual Educa"
Course Enrolment and Completion,Education Analytics Office,Open Government Licence - British Columbia,file,CSV PDF XLSX,2024-02-28,https://catalogue.data.gov.bc.ca/dataset/course-enrolment-and-completion,Course enrolment and completion (Residents only) for all Distributed Learning schools and public schools in school years 2009/2010 to 2021/2022. Data is available here at the province and district levels. https://www2.gov.bc.ca/gov/content/education-training/k-12/administration/program-management/da
Enrolments in Student Programs,Education Analytics Office,Open Government Licence - British Columbia,file,CSV PDF XLSX,2026-03-19,https://catalogue.data.gov.bc.ca/dataset/enrolments-in-student-programs,Enrolments of students in various programs: * Aboriginal language and culture * Aboriginal support services * Other approved aboriginal program * English language learning * Core french * Early french immersion * Late french immersion * Programme francophone * Career preparation * Career technical c
Graduation Assessments,Education Analytics Office,Open Government Licence - British Columbia,file,CSV PDF XLSX,2026-03-24,https://catalogue.data.gov.bc.ca/dataset/graduation-assessments,This extract contains information on the results of the Graduation Assessment (Numeracy 10 and Literacy 10/12) for first time Grade 10 or 12 students taking the assessments for the first time in the correct grade. Results include the number of scores in the performance levels. The Grade 10 Numeracy 
Headcount of Homeschooled Children,Education Analytics Office,Open Government Licence - British Columbia,file,CSV PDF XLSX,2026-03-19,https://catalogue.data.gov.bc.ca/dataset/headcount-of-homeschooled-children,A headcount of school aged children that are registered as homeschooled.
School Districts of BC,Education Analytics Office,Open Government Licence - British Columbia,file,KML MULTIPLE WMS,2023-06-29,https://catalogue.data.gov.bc.ca/dataset/school-districts-of-bc,The School Districts dataset contains the spatial representation (polygon) of the current extent of the administrative areas defined under section 176(1) of the School Act for the purposes of preservation and promotion of the fundamental principle of local autonomy and control of public education at
StrongStart BC Centre Locations,Education Analytics Office,Open Government Licence - British Columbia,file,CSV KML MULTIPLE WMS,2026-09-24,https://catalogue.data.gov.bc.ca/dataset/strongstart-bc-centre-locations,"Contact and location information for StrongStart BC Centres. For dynamic contact information for schools, see http://www.bced.gov.bc.ca/apps/imcl/imclWeb/Home.do or view a map of BC districts and schools at http://www.bced.gov.bc.ca/reporting/maps/welcome.php"
Student Headcount by Disabilities or Diverse Abilities Category,Education Analytics Office,Open Government Licence - British Columbia,file,CSV PDF XLS,2026-04-27,https://catalogue.data.gov.bc.ca/dataset/student-headcount-by-disabilities-or-diverse-abilities-category,Headcount of students by disabilities or diverse abilities (special needs) funding code: *Category A – Physically Dependent *Category B – Deafblind *Category C – Moderate to Profound Intellectual Disability *Category D – Physical Disability / Chronic Health Impairment *Category E – Visual Impairment
Student Headcount by Grade Range,Education Analytics Office,Open Government Licence - British Columbia,file,CSV PDF XLSX,2024-02-28,https://catalogue.data.gov.bc.ca/dataset/student-headcount-by-grade-range,"Headcounts of students by grade range. **NOTE:** This dataset is no longer being updated by the Education Analytics Office. Please refer to the <a href=""https://catalogue.data.gov.bc.ca/dataset/bc-schools-student-headcount-by-grade""> BC Schools - Student Headcount by Grade</a> dataset."
Student Headcount by Home Language,Education Analytics Office,Open Government Licence - British Columbia,file,CSV PDF XLSX,2026-03-19,https://catalogue.data.gov.bc.ca/dataset/student-headcount-by-home-language,"Top ten home languages at the provincial, district, and school level by number of students"
Student Headcount by School Calendar Type,Education Analytics Office,Open Government Licence - British Columbia,file,CSV PDF XLSX,2026-03-19,https://catalogue.data.gov.bc.ca/dataset/student-headcount-by-school-calendar-type,A headcount of students by different school calendar types.
Student Learning Survey (SLS),Education Analytics Office,Open Government Licence - British Columbia,file,CSV PDF XLSX,2025-11-21,https://catalogue.data.gov.bc.ca/dataset/student-learning-survey-sls-,"The Student Learning Survey (SLS) is an annual province-wide census of Grade 4, 7, 10 and 12 students, their parents, and staff in public schools regarding their school experience. This extract contains data on the SLS questions and responses from 2016/2017 to 2024/2025 for public school students. T"
2018 Referendum Voting Results,Elections BC,Elections BC Open Data Licence,file,CSV PDF,2024-07-30,https://catalogue.data.gov.bc.ca/dataset/2018-referendum-voting-results,This file contains data from cast vote records (CVRs) used to determine the voting results for the 2018 Referendum on Electoral Reform. It provides a breakdown of total ballots cast by electoral district and ballot marking pattern. It also includes categorical information on how ballot marking patte
Current Provincial Electoral Districts of British Columbia,Elections BC,Elections BC Open Data Licence,file,KML MULTIPLE WMS,2024-07-30,https://catalogue.data.gov.bc.ca/dataset/current-provincial-electoral-districts-of-british-columbia,"A geographic area defined in the Electoral Districts Act that is represented in the Legislative Assembly by a single MLA. Electoral districts are also known as constituencies or ridings. (Constitution Act, s. 18; Electoral Districts Act, s. 1-4) This dataset contains the electoral districts that wil"
EDVA Conversion Tables,Elections BC,Elections BC Open Data Licence,file,XLSX,2024-09-20,https://catalogue.data.gov.bc.ca/dataset/edva-conversion-tables,These tables provide the conversion of voting areas (VAs) updated as a result of a provincial redistribution. Each voting area is shown with the three character electoral district code followed by the numeric voting area code (e.g. CHC009 is voting area 009 in the Chilliwack electoral district). The
Electoral district voting area to municipal boundary conversion table,Elections BC,Elections BC Open Data Licence,file,CSV,2024-09-20,https://catalogue.data.gov.bc.ca/dataset/electoral-district-voting-area-to-municipal-boundary-conversion-table,This dataset contains a conversion table of provincial electoral district voting areas and local government administrative areas in British Columbia. A voting area is a defined geographic area within an electoral district. Voting areas are assigned to voting places in order to facilitate the adminis
Provincial Electoral District Voting Areas - Gazetted 02/23/2017,Elections BC,Elections BC Open Data Licence,file,KML KMZ MULTIPLE SHP WMS,2024-09-21,https://catalogue.data.gov.bc.ca/dataset/provincial-electoral-district-voting-areas-gazetted-02-23-2017,"An area containing up to 700 registered voters. Each electoral district is divided into voting areas that are used to assign voters to voting places. (Election Act, s. 1, 80) These voting areas were used in the 2017 Provincial General Election, the 2018 Kelowna West By-Election, the 2019 Nanaimo By-"
Provincial Electoral District Voting Areas - Gazetted 09/19/2024,Elections BC,Elections BC Open Data Licence,file,KML MULTIPLE ORACLE_SDE WMS,2024-10-16,https://catalogue.data.gov.bc.ca/dataset/provincial-electoral-district-voting-areas-gazetted-09-19-2024,"A voting area is a defined geographic area within an electoral district. Voting areas are assigned to voting places in order to facilitate the administration of elections. . (Election Act, s. 1, 80) The voting areas in this dataset will be used for the 2024 Provincial General Election scheduled for "
Provincial Electoral District Voting Areas - Gazetted 09/27/2012,Elections BC,Elections BC Open Data Licence,file,KML MULTIPLE WMS,2024-09-21,https://catalogue.data.gov.bc.ca/dataset/provincial-electoral-district-voting-areas-gazetted-09-27-2012,"An area containing up to 400 registered voters. Each electoral district is divided into voting areas that are used to assign voters to voting places. (Election Act, s. 1, 80) These voting areas were used in the 2013 General Election. To adapt to changing demographics, pursuant to section 80 of the E"
Provincial Electoral District Voting Areas - Gazetted 12/23/2015,Elections BC,Elections BC Open Data Licence,file,KML MULTIPLE SHP WMS,2024-09-21,https://catalogue.data.gov.bc.ca/dataset/provincial-electoral-district-voting-areas-gazetted-12-23-2015,"An area containing up to 700 registered voters. Each electoral district is divided into voting areas that are used to assign voters to voting places. (Election Act, s. 1, 80) These voting areas have been used in the following electoral events: 2016 Coquitlam-Burke Mountain by-election, 2016 Vancouve"
"Provincial Electoral Districts - Electoral Boundaries Redistribution, 2008",Elections BC,Elections BC Open Data Licence,file,KML MULTIPLE SHP WMS,2025-12-04,https://catalogue.data.gov.bc.ca/dataset/provincial-electoral-districts-electoral-boundaries-redistribution-2008,"A geographic area defined in the Electoral Districts Act that is represented in the Legislative Assembly by a single MLA. Electoral districts are also known as constituencies or ridings. (Constitution Act, s. 18; Electoral Districts Act, s. 1-4) The 2008 Electoral Boundaries Commission divided B.C. "
"Provincial Electoral Districts - Electoral Boundaries Redistribution, 2015",Elections BC,Elections BC Open Data Licence,file,KML KMZ MULTIPLE SHP WMS,2025-12-04,https://catalogue.data.gov.bc.ca/dataset/provincial-electoral-districts-electoral-boundaries-redistribution-2015,"A geographic area defined in the Electoral Districts Act that is represented in the Legislative Assembly by a single MLA. Electoral districts are also known as constituencies or ridings. (Constitution Act, s. 18; Electoral Districts Act, s. 1-4) The 2015 Electoral Boundaries Commission divided B.C. "
"Provincial Electoral Districts - Electoral Boundaries Redistribution, 2023",Elections BC,Elections BC Open Data Licence,file,KML MULTIPLE ORACLE_SDE WMS,2025-12-04,https://catalogue.data.gov.bc.ca/dataset/provincial-electoral-districts-electoral-boundaries-redistribution-2023,"A geographic area defined in the Electoral Districts Act that is represented in the Legislative Assembly by a single MLA. Electoral districts are also known as constituencies or ridings. (Constitution Act, s. 18) The 2023 Electoral Boundaries Commission divided B.C. into 93 electoral districts. Thes"
Provincial Registered Voter Counts,Elections BC,Elections BC Open Data Licence,file,CSV PDF,2025-04-24,https://catalogue.data.gov.bc.ca/dataset/provincial-registered-voter-counts,"This table provides information on the number of individuals registered on the voters list for provincial electoral events. A breakdown of registered voter counts is provided by electoral event, electoral district, and voting area. Registered voter counts for provincial general elections since 2005 "
Provincial Site-based Voting Areas - Gazetted 02/23/2017,Elections BC,Elections BC Open Data Licence,file,KML KMZ MULTIPLE SHP WMS,2025-04-07,https://catalogue.data.gov.bc.ca/dataset/provincial-site-based-voting-areas-gazetted-02-23-2017,"Site-based Voting Areas are a distinct type of voting area used to designate commercial, not-for-profit, or public residential care facilities that provide long-term care to voters where: • the voters are residents; • the residents have medical or physical limitations that hinder their ability to tr"
Provincial Site-based Voting Areas - Gazetted 09/19/2024,Elections BC,Elections BC Open Data Licence,file,KML MULTIPLE ORACLE_SDE WMS,2025-04-07,https://catalogue.data.gov.bc.ca/dataset/provincial-site-based-voting-areas-gazetted-09-19-2024,"Site-based Voting Areas are a distinct type of voting area used to designate commercial, not-for-profit, or public residential care facilities that provide long-term care to voters where: the voters are residents; the residents have medical or physical limitations that hinder their ability to travel"
Provincial Voter Participation by Age Group,Elections BC,Elections BC Open Data Licence,file,CSV PDF,2025-04-24,https://catalogue.data.gov.bc.ca/dataset/provincial-voter-participation-by-age-group,"This table provides information on the number of voters who participated in provincial electoral events. A breakdown of participation counts is provided by electoral event, electoral district, and age group. The age groups consist of 18-24, ten-year intervals from 25-34 to 65-74, and 75+. "
Provincial Voting Places,Elections BC,Elections BC Open Data Licence,file,CSV KML MULTIPLE WMS,2026-09-23,https://catalogue.data.gov.bc.ca/dataset/provincial-voting-places,"A voting place is the building or facility where voters of one or more voting areas are assigned to vote. (Election Act, s. 1, 81) This dataset contains spatial points representative of voting opportunities for use in provincial electoral events. Each voting place is identified by a three character "
Provincial Voting Results,Elections BC,Elections BC Open Data Licence,file,CSV PDF,2025-11-25,https://catalogue.data.gov.bc.ca/dataset/provincial-voting-results,Note: **2024 Provincial General Election** voting results are tabulated in the **provincial_voting_results_by_voting_place.csv** file. This dataset contains two tables that consolidate voting results information for provincial electoral events including information on the number of voters considered
BC Emergency Alert Archive,Emergency Management and Climate Readiness,Open Government Licence - British Columbia,file,CSV,2026-04-28,https://catalogue.data.gov.bc.ca/dataset/bc-emergency-alert-archive,"This archive contains details of all BC Emergency Alerts, issued by the Province of British Columbia and beginning in 2021. Details include date issued, issuing authority, hazard type, region, alert type and complete message sent. "
Emergency Management and Climate Readiness Boundaries,Emergency Management and Climate Readiness,Open Government Licence - British Columbia,file,KML MULTIPLE WMS,2024-04-18,https://catalogue.data.gov.bc.ca/dataset/emergency-management-and-climate-readiness-boundaries,Jurisdictional boundaries for the Ministry of Emergency Management and Climate Readiness (EMCR). This dataset represents the regional operational boundaries for the former Provincial Emergency Program (PEP).
Tsunami Notification Zones for BC,Emergency Management and Climate Readiness,Open Government Licence - British Columbia,file,KML MULTIPLE WMS,2025-03-05,https://catalogue.data.gov.bc.ca/dataset/tsunami-notification-zones-for-bc,The Tsunami Notification Zone classifications are used to differentiate the notification areas along the coast of BC. These Zones are used to add BC specific information to tsunami alerts issued from West Coast Alaska Tsunami Warning Center. BC tsunami alerts are disseminated via the Provincial Emer
Employment Program of British Columbia Regional Boundaries,Employment and Labour Market Services Division,Open Government Licence - British Columbia,file,KML MULTIPLE WMS,2023-06-29,https://catalogue.data.gov.bc.ca/dataset/employment-program-of-british-columbia-regional-boundaries,This layer represents the regional boundaries that the Employment and Labour Market Services Division of the Ministry of Social Development and Social Innovation maintains.
Employment and Labour Market Services Division Employment Program Catchment Areas,Employment and Labour Market Services Division,Open Government Licence - British Columbia,file,KML MULTIPLE WMS,2023-06-29,https://catalogue.data.gov.bc.ca/dataset/employment-and-labour-market-services-division-employment-program-catchment-areas,This layer represents the Employment Program Catchment Areas that the Employment and Labour Market Services Division of the Ministry of Social Development and Social Innovation maintains.
Ministry of Social Development and Poverty Reduction WorkBC Employment Services Boundaries (former),Employment and Labour Market Services Division,Open Government Licence - British Columbia,file,KML MULTIPLE WMS,2025-01-21,https://catalogue.data.gov.bc.ca/dataset/ministry-of-social-development-and-poverty-reduction-workbc-employment-services-boundaries-former-,This layer represents the regional boundaries that the Ministry of Social Development and Poverty Reduction maintains. All service and regional offices belong to one of the regions. This layer is a multipart polygon feature. Please note that this dataset refers to WorkBC boundaries before April 2019
WorkBC Centres (former),Employment and Labour Market Services Division,Open Government Licence - British Columbia,file,CSV KML MULTIPLE WMS,2025-01-21,https://catalogue.data.gov.bc.ca/dataset/workbc-centres-former-,"Please note this dataset is no longer valid as of April 2019. To find the current WorkBC Centre locations, please visit https://www.workbc.ca/discover-employment-services/workbc-centres/workbc-centre-locations. WorkBC Centres are Employment Service offices that offer assistance to job seekers in Bri"
WorkBC Employment Services by Region,Employment and Labour Market Services Division,Open Government Licence - British Columbia,file,CSV,2026-09-09,https://catalogue.data.gov.bc.ca/dataset/workbc-employment-services-by-region,The Ministry of Social Development and Poverty Reduction reports the breakdown of the WorkBC Employment Services data each month by economic development region. This data is from April 2019 onwards and includes counts for monthly case managed and self service client starts and the number of case man
Critical Habitat for federally-listed species at risk (posted),Environment Canada,Open Government Licence - Canada,file,KML MULTIPLE WMS XLSX,2026-06-22,https://catalogue.data.gov.bc.ca/dataset/critical-habitat-for-federally-listed-species-at-risk-posted-,"This dataset displays the geographic areas within which critical habitat for species at risk listed on Schedule 1 of the federal Species at Risk Act (SARA) occurs in British Columbia. However, not all of the area within these boundaries is necessarily critical habitat. To precisely define what const"
Environmental Assessment Office (EAO) - Points (SVW),Environmental Assessment Office,Open Government Licence - British Columbia,file,KML MULTIPLE WMS,2026-09-24,https://catalogue.data.gov.bc.ca/dataset/environmental-assessment-office-eao-points-svw,"The dataset contains projects that are currently, or have been, subject to environmental assessment review. Attributes include the project description, project phase, decision, and proponent name. This layer consists of points themed two ways: a. Project Phase- This theme consists of layers showing "
Air Quality and Climate Monitoring: Unverified Hourly Air Quality and Meteorological Data,Environmental Monitoring and Analysis Branch,Open Government Licence - British Columbia,file,CSV KML,2026-08-08,https://catalogue.data.gov.bc.ca/dataset/air-quality-and-climate-monitoring-unverified-hourly-air-quality-and-meteorological-data,Unverified raw hourly air pollutant monitoring and meteorological data collected by the Ministry of Environment and Climate Change Strategy. These data sets contain **air quality data from 2026 to the most recent hourly readings** and **meteorological data from 2025 to the most recent hourly reading
Air Quality and Climate Monitoring: Verified Hourly Air Quality and Meteorological Data,Environmental Monitoring and Analysis Branch,Open Government Licence - British Columbia,file,CSV XLSX,2026-08-15,https://catalogue.data.gov.bc.ca/dataset/air-quality-and-climate-monitoring-verified-hourly-air-quality-and-meteorological-data,Verified hourly air pollutant monitoring data and meteorological data prepared and published annually by the Ministry of Environment. These data sets contain **quality-assured air quality hourly readings from 1980 up to the end of 2025 and quality-assured meteorological hourly readings from 1980 up 
Archive Automated Snow Weather Station Data,Environmental Monitoring and Analysis Branch,Open Government Licence - British Columbia,file,CSV,2022-04-06,https://catalogue.data.gov.bc.ca/dataset/archive-automated-snow-weather-station-data,"The [British Columbia Automated Snow Weather Station Network](http://bcrfc.env.gov.bc.ca/data/asp/index.htm) comprises monitoring stations operated by the Ministry of Environment, BC Hydro, Rio Tinto Alcan, the Greater Vancouver Water District and many other partner organizations. There are [Automat"
Archive Manual Snow Survey Data,Environmental Monitoring and Analysis Branch,Open Government Licence - British Columbia,file,CSV,2022-04-06,https://catalogue.data.gov.bc.ca/dataset/archive-manual-snow-survey-data,This data file contains the archived snow pack level manual observations from across British Columbia. Manual snow survey sites are actively surveyed as part of the [BC Snow Survey program](http://bcrfc.env.gov.bc.ca/). Manual snow surveys are conducted up to eight times per year around the beginnin
Automated Snow Weather Station Locations,Environmental Monitoring and Analysis Branch,Open Government Licence - British Columbia,file,KML MULTIPLE WMS,2026-09-24,https://catalogue.data.gov.bc.ca/dataset/automated-snow-weather-station-locations,"Locations of automated snow weather stations, active and inactive. Automated snow weather stations are components of the BC snow survey network. "
BC Canadian Aquatic Biomonitoring Network (CABIN) Model Polygons,Environmental Monitoring and Analysis Branch,Open Government Licence - Canada,file,KML MULTIPLE WMS,2026-03-20,https://catalogue.data.gov.bc.ca/dataset/bc-canadian-aquatic-biomonitoring-network-cabin-model-polygons,The Canadian Aquatic Biomonitoring Network (CABIN) program is used to assess the ecological health of wadeable streams by using data from a wide range of sites that are minimally impacted by humans to establish the natural variability of healthy benthic invertebrate communities within a large waters
BC Environmental Monitoring Data System (EnMoDS) Results,Environmental Monitoring and Analysis Branch,Open Government Licence - British Columbia,file,CSV,2026-05-28,https://catalogue.data.gov.bc.ca/dataset/bc-environmental-monitoring-data-system-results,"Environmental test results, including physical, chemical and biological analyses of samples taken from water, air, solid waste discharges and ambient monitoring sites throughout the province. Samples are collected by either ministry staff or permittees under the Environmental Management Act and then"
BC Environmental Monitoring Location Groups,Environmental Monitoring and Analysis Branch,Open Government Licence - British Columbia,file,KML MULTIPLE WMS,2026-04-17,https://catalogue.data.gov.bc.ca/dataset/bc-environmental-monitoring-location-groups,"**PLEASE NOTE:** The Environmental Monitoring System will be replaced by the EnMoDS system on March 5th, 2026. The EMS results objects will not contain new data after Feb 26th, 2026. For recent data please refer to [EnMoDS spatial locations and location groups](https://catalogue.data.gov.bc.ca/datas"
BC Environmental Monitoring Locations,Environmental Monitoring and Analysis Branch,Open Government Licence - British Columbia,file,KML MULTIPLE WMS,2026-05-04,https://catalogue.data.gov.bc.ca/dataset/bc-environmental-monitoring-locations,"**PLEASE NOTE:** The Environmental Monitoring System will be replaced by the EnMoDS system on March 5th, 2026. The EMS results objects will not contain new data after Feb 26th, 2026. For recent data please refer to [EnMoDS spatial locations and location groups](https://catalogue.data.gov.bc.ca/datas"
BC Environmental Monitoring System Results,Environmental Monitoring and Analysis Branch,Open Government Licence - British Columbia,file,CSV,2026-04-17,https://catalogue.data.gov.bc.ca/dataset/bc-environmental-monitoring-system-results,"**PLEASE NOTE:** The Environmental Monitoring System will be replaced by the EnMoDS system on March 5th, 2026. The EMS results objects will not contain new data after Feb 26th, 2026. For recent data please refer to EnMoDS results. Environmental test results, including physical, chemical and biologic"
BC FIRST Tire Recycling Data 1991-2006,Environmental Monitoring and Analysis Branch,Open Government Licence - British Columbia,file,CSV,2018-07-12,https://catalogue.data.gov.bc.ca/dataset/bc-first-tire-recycling-data-1991-2006,"Financial Incentives for Recycling Scrap Tires (FIRST) collection and recycling data (tonnes) from 1991 to 2006. In 2007 [Tire Stewardship BC](http://www.tsbc.ca/), a not for profit society, launched the new scrap tire recycling program replacing the government-run program that had been in place sin"
BC Municipal Solid Waste Disposal Rates,Environmental Monitoring and Analysis Branch,Open Government Licence - British Columbia,file,CSV,2026-09-01,https://catalogue.data.gov.bc.ca/dataset/bc-municipal-solid-waste-disposal-rates,"This dataset contains estimates of the per-capita amount, in kilograms, of municipal solid waste disposed of in B.C., by regional district, from 1990 to 2024. The data from 1990-2006 data were collected from the regional districts by the Ministry of Environment, and were previously published in annu"
British Columbia Air Zones,Environmental Monitoring and Analysis Branch,Open Government Licence - British Columbia,file,GEOJSON KML SHP,2021-05-12,https://catalogue.data.gov.bc.ca/dataset/british-columbia-air-zones,"A spatial file of polygons representing the seven ""air zones"" of British Columbia. Air zones are the basis for monitoring, reporting and taking action on air quality. Air zones are areas that typically exhibit similar air quality characteristics, issues and trends. It is the responsibility of each p"
Current Season Automated Snow Weather Station Data,Environmental Monitoring and Analysis Branch,Open Government Licence - British Columbia,file,CSV,2023-09-14,https://catalogue.data.gov.bc.ca/dataset/current-season-automated-snow-weather-station-data,"The [British Columbia Automated Snow Weather Station Network](http://bcrfc.env.gov.bc.ca/data/asp/index.htm) comprises monitoring stations operated by the Ministry of Environment, BC Hydro, Rio Tinto Alcan, the Greater Vancouver Water District and many other partner organizations. There are [Automat"
Current Season Manual Snow Survey Data,Environmental Monitoring and Analysis Branch,Open Government Licence - British Columbia,file,CSV,2022-04-06,https://catalogue.data.gov.bc.ca/dataset/current-season-manual-snow-survey-data,This data file contains the current year (December to April) snow pack level manual observations from across British Columbia. Manual snow survey sites are actively surveyed as part of the [BC Snow Survey program](http://bcrfc.env.gov.bc.ca/). Manual snow surveys are conducted up to eight times per 
Environmental Monitoring Data System (EnMoDS) Spatial Sampling Locations,Environmental Monitoring and Analysis Branch,Open Government Licence - British Columbia,file,CSV GPKG,2026-05-28,https://catalogue.data.gov.bc.ca/dataset/environmental-monitoring-data-system-enmods-spatial-sampling-locations,Environmental monitoring locations from the [Environmental Monitoring Data System (EnMoDS)](https://www2.gov.bc.ca/gov/content?id=BDE7F9F4BC4546629582CEBC4ABC8101). These point location records show where discrete environmental monitoring may have taken place. Locations are generally in naturalized 
Hydrology: 10 Year Peak Flow Isolines (Historical),Environmental Monitoring and Analysis Branch,Open Government Licence - British Columbia,file,KML MULTIPLE WMS,2023-06-29,https://catalogue.data.gov.bc.ca/dataset/hydrology-10-year-peak-flow-isolines-historical,10 year peak flow isolines in cubic metres per second (m3/s) for 100 square kilometre watersheds and 10 year return period
Hydrology: 100 Year Peak Flow Isolines (Historical),Environmental Monitoring and Analysis Branch,Open Government Licence - British Columbia,file,KML MULTIPLE WMS,2023-06-29,https://catalogue.data.gov.bc.ca/dataset/hydrology-100-year-peak-flow-isolines-historical,100 year peak flow isolines in cubic metres per second (m3/s) for 100 square kilometre watersheds and 100 year return period
Hydrology: Hydrologic Zone Boundaries of British Columbia,Environmental Monitoring and Analysis Branch,Open Government Licence - British Columbia,file,KML MULTIPLE WMS,2023-06-29,https://catalogue.data.gov.bc.ca/dataset/hydrology-hydrologic-zone-boundaries-of-british-columbia,Zones that represent areas of homogeneous hydrologic and geomorphological characteristics
Hydrology: Hydrometric Watershed Boundaries (Historical),Environmental Monitoring and Analysis Branch,Open Government Licence - British Columbia,file,KML MULTIPLE WMS,2023-06-29,https://catalogue.data.gov.bc.ca/dataset/hydrology-hydrometric-watershed-boundaries-historical-,"Watershed boundary delineated for Canada-BC hydrometric stations. Currently, watersheds were delineated using 1:50,000 scale boundaries in 1996, and many watersheds encompass entire drainages, instead of just the upstream watersheds. Note - Not yet available, but we are in the process of generating "
Hydrology: Low Flow Zones,Environmental Monitoring and Analysis Branch,Open Government Licence - British Columbia,file,KML MULTIPLE WMS,2023-06-29,https://catalogue.data.gov.bc.ca/dataset/hydrology-low-flow-zones,Zones of homogeneous low flow characteristics
Hydrology: Normal Annual Runoff Isolines (1961 - 1990) - Historical,Environmental Monitoring and Analysis Branch,Open Government Licence - British Columbia,file,KML MULTIPLE WMS,2023-06-29,https://catalogue.data.gov.bc.ca/dataset/hydrology-normal-annual-runoff-isolines-1961-1990-historical,"Normal Annual Runoff for 1961 - 1990, in mm"
Hydrometric Stations - Active and Discontinued,Environmental Monitoring and Analysis Branch,Open Government Licence - British Columbia,file,KML MULTIPLE WMS,2025-03-07,https://catalogue.data.gov.bc.ca/dataset/hydrometric-stations-active-and-discontinued,BC active and discontinued hydrometric stations (surface water level and flow data) that are part of the provincial hydrometric network managed under a national program jointly administered under a federal-provincial cost-sharing agreement with Environment and Climate Change Canada (ECCC). 
Hydrometric data,Environmental Monitoring and Analysis Branch,Open Government Licence - British Columbia,file,CSV,2026-02-20,https://catalogue.data.gov.bc.ca/dataset/hydrometric_data,Height of Gauge (Stage): The height of the water above a set reference level measured in metres (m). The river stage is related to discharge but not equivalent and more information (i.e. a ratings curve) is required to calculate discharge from river stage. Discharge: The amount of water flowing thro
Indicator Summary Data: Amount of Roaded & Roadless Area by Ecoregion in BC,Environmental Monitoring and Analysis Branch,Open Government Licence - British Columbia,file,CSV,2023-06-12,https://catalogue.data.gov.bc.ca/dataset/indicator-summary-data-amount-of-roaded-roadless-area-by-ecoregion-in-bc,This tabular dataset is the result of an analysis completed for the [Roads & Roadless Areas in B.C. indicator published on Environmental Reporting BC](http://www.env.gov.bc.ca/soe/indicators/land/roads.html). Roaded and roadless areas were determined using the B.C. [Digital Road Atlas](https://catal
Indicator Summary Data: BC Fine Particulate Matter Canadian Ambient Air Quality Standards,Environmental Monitoring and Analysis Branch,Open Government Licence - British Columbia,file,CSV,2026-06-18,https://catalogue.data.gov.bc.ca/dataset/indicator-summary-data-bc-fine-particulate-matter-canadian-ambient-air-quality-standards,This tabular dataset is the result of an analysis supporting the '[Status of Fine Particulate Matter in B.C.](http://www.env.gov.bc.ca/soe/indicators/air/fine-pm.html)' indicator produced by [Environmental Reporting BC](http://www2.gov.bc.ca/gov/content?id=FF80E0B985F245CEA62808414D78C41B). The resu
Indicator Summary Data: BC Ground-Level Ozone Canadian Ambient Air Quality Standards,Environmental Monitoring and Analysis Branch,Open Government Licence - British Columbia,file,CSV,2026-06-18,https://catalogue.data.gov.bc.ca/dataset/indicator-summary-data-bc-ground-level-ozone-canadian-ambient-air-quality-standards,This tabular dataset is the result of an analysis supporting the '[Status of Ground-Level Ozone in B.C.](http://www.env.gov.bc.ca/soe/indicators/air/ozone.html)' indicator produced by [Environmental Reporting BC](http://www2.gov.bc.ca/gov/content?id=FF80E0B985F245CEA62808414D78C41B). The results con
Indicator Summary Data: Conservation Status Index Values for BC Vertebrates,Environmental Monitoring and Analysis Branch,Open Government Licence - British Columbia,file,CSV,2018-07-13,https://catalogue.data.gov.bc.ca/dataset/indicator-summary-data-conservation-status-index-values-for-bc-vertebrates,This tabular dataset is the result of an analysis supporting the '[Trends in the Status of Native Vertebrate Species in B.C. (1992-2012)](http://www.env.gov.bc.ca/soe/indicators/plants-and-animals/native-vertebrate-species.html)' indicator published by [Environmental Reporting BC](http://www2.gov.bc
Indicator Summary Data: Land Designations that Contribute to Conservation in B.C.,Environmental Monitoring and Analysis Branch,Open Government Licence - British Columbia,file,CSV,2018-07-12,https://catalogue.data.gov.bc.ca/dataset/indicator-summary-data-land-designations-that-contribute-to-conservation-in-b-c-,These tabular datasets are the result of an analysis completed for the '[Land Designations that Contribute to Conservation in B.C.' indicator](http://www.env.gov.bc.ca/soe/indicators/land/land-designations.html) published on Environmental Reporting BC. Land designations that contribute to conservati
Indicator Summary Data: Long Term Trends in Groundwater Levels in B.C.,Environmental Monitoring and Analysis Branch,Open Government Licence - British Columbia,file,CSV,2024-11-06,https://catalogue.data.gov.bc.ca/dataset/indicator-summary-data-long-term-trends-in-groundwater-levels-in-b-c-,The three tabular datasets are the results of an analysis supporting the indicator '[Long-term Trends in Groundwater Levels in B.C.](http://www.env.gov.bc.ca/soe/indicators/water/groundwater-levels.html)' updated by [Environmental Reporting BC](http://www2.gov.bc.ca/gov/content?id=FF80E0B985F245CEA6
Indicator Summary Data: Protected Lands and Waters in B.C.,Environmental Monitoring and Analysis Branch,Open Government Licence - British Columbia,file,CSV,2018-07-12,https://catalogue.data.gov.bc.ca/dataset/indicator-summary-data-protected-lands-and-waters-in-b-c-,These tabular datasets are the result of an analysis completed for the '[Protected Lands & Waters in B.C.' indicator published on Environmental Reporting BC](http://www.env.gov.bc.ca/soe/indicators/land/protected-lands-and-waters.html) in June 2016. The data include: 1. The number and total area (he
Indicator Summary Data: Trends in BC Biogeoclimatic Zones in Parks and Protected Areas,Environmental Monitoring and Analysis Branch,Open Government Licence - British Columbia,file,CSV,2022-04-06,https://catalogue.data.gov.bc.ca/dataset/indicator-summary-data-trends-in-bc-biogeoclimatic-zones-in-parks-and-protected-areas,This tabular dataset contains the results reported in the '[Trends in Ecosystem Protection through Establishment of BC Parks and Protected Areas (2012)](http://www2.gov.bc.ca/assets/gov/environment/research-monitoring-and-reporting/reporting/envreportbc/archived-indicators/land/2012_trends_eco_prote
Inventory of Air Quality Bylaws in British Columbia,Environmental Monitoring and Analysis Branch,Open Government Licence - British Columbia,file,CSV,2022-04-06,https://catalogue.data.gov.bc.ca/dataset/inventory-of-air-quality-bylaws-in-british-columbia,"This tabular data contains a summary of three air quality bylaws - vehicle idling, open burning, and solid fuel (wood) burning appliances - in place within municipalities and regional districts across British Columbia in 2016. The Population 2015 estimates were sourced from [BC Stats](http://bcstats"
Land Designations that Contribute to Conservation in BC - Spatial Data,Environmental Monitoring and Analysis Branch,Open Government Licence - British Columbia,file,GPKG SHP,2022-01-13,https://catalogue.data.gov.bc.ca/dataset/land-designations-that-contribute-to-conservation-in-bc-spatial-data,"**NOTE: Not for operational use. This dataset is the result of an analysis (Aug 2018) of many input layers and as such the accuracy, currency, and completeness of the dataset cannot be relied upon for operational or management decision making.** Land designations that contribute to conservation are "
Manual Snow Survey Site Locations,Environmental Monitoring and Analysis Branch,Open Government Licence - British Columbia,file,KML MULTIPLE WMS,2026-09-24,https://catalogue.data.gov.bc.ca/dataset/manual-snow-survey-locations,Manual snow survey (active & inactive) locations as part of the BC Snow Survey program. 
Mapped Floodplains in BC (Historical),Environmental Monitoring and Analysis Branch,Open Government Licence - British Columbia,file,KML MULTIPLE WMS,2023-06-29,https://catalogue.data.gov.bc.ca/dataset/mapped-floodplains-in-bc-historical,"Historical floodplain boundaries in BC with a descriptive feature name for each floodplain area (i.e., 200-year floodplain, alluvial fan, or nothing/out-of-floodplain). Digitized from hardcopy 1:5,000 Floodplain Mapsheets for each project area"
Mapped Floodplains in BC (Historical) - Mapsheets Index with Links to Reports in EcoCat,Environmental Monitoring and Analysis Branch,Open Government Licence - British Columbia,file,KML MULTIPLE WMS,2023-06-29,https://catalogue.data.gov.bc.ca/dataset/mapped-floodplains-in-bc-historical-mapsheets-index-with-links-to-reports-in-ecocat,Index outlining historical floodplain mapping areas. Contains links to Floodplain Mapping Reports stored in Ecological Reports Catalogue (EcoCat)
Mapped Floodplains in BC (Historical) - Study Area Limits,Environmental Monitoring and Analysis Branch,Open Government Licence - British Columbia,file,KML MULTIPLE WMS,2023-06-29,https://catalogue.data.gov.bc.ca/dataset/mapped-floodplains-in-bc-historical-study-area-limits,"Lines indicating the limits of the historical floodplain boundary study areas in BC. Digitized from hardcopy 1:5,000 Floodplain Mapsheets for each project area"
Provincial Groundwater Observation Well Network - Groundwater Levels data,Environmental Monitoring and Analysis Branch,Open Government Licence - British Columbia,file,CSV,2024-03-27,https://catalogue.data.gov.bc.ca/dataset/provincial-groundwater-observation-well-network-groundwater-levels-data,"The British Columbia Provincial Groundwater Observation Well Network (PGOWN) is comprised of groundwater level and chemistry monitoring stations which are cooperatively operated by the Ministry of Forests, Lands and Natural Resource Operations and the Ministry of Environment. There are 220 PGOWN mon"
Snow Survey Administrative Basin Areas,Environmental Monitoring and Analysis Branch,Open Government Licence - British Columbia,file,KML MULTIPLE WMS,2023-06-29,https://catalogue.data.gov.bc.ca/dataset/snow-survey-administrative-basin-areas,"Snow survey administrative basin areas, which are components of the BC snow survey network. Basin codes are used as basis of snow survey station names, and for some reporting purposes."
Water Quality Objectives Reports - Index,Environmental Monitoring and Analysis Branch,Open Government Licence - British Columbia,file,KML MULTIPLE WMS,2026-09-24,https://catalogue.data.gov.bc.ca/dataset/water-quality-objectives-reports-index,"Index containing links to Water Quality Objectives Reports , Summary and Technical, available through Internet"
Water Survey of Canada Sub-Sub-Drainage Areas,Environmental Monitoring and Analysis Branch,Open Government Licence - Canada,file,KML MULTIPLE WMS,2023-06-29,https://catalogue.data.gov.bc.ca/dataset/water-survey-of-canada-sub-sub-drainage-areas,"Atlas of Canada 1,000,000 National Frameworks Data, Hydrology - Drainage Areas (WSC sub-sub drainage areas) from the Natural Resources Canada GeoGratis website. The dataset has been clipped to drainage areas within or adjacent to B.C. "
Agriculture Capability Mapping,Extension and Support Services,Open Government Licence - British Columbia,file,CSV FGDB KMZ OTHER SHP,2018-11-27,https://catalogue.data.gov.bc.ca/dataset/agriculture-capability-mapping,"The Agriculture Capability mapping dataset is the digitized equivalent of the legacy [Agriculture Capability Scanned Maps](https://catalogue.data.gov.bc.ca/dataset/agriculture-capability-scanned-maps), which date from the 1960's to the 1990s. Agriculture Capability mapping is also known as 'Soil Cap"
BC Finance - Standard Object of Expense,Financial Reporting and Advisory Services,Open Government Licence - British Columbia,file,CSV XLSX,2022-04-06,https://catalogue.data.gov.bc.ca/dataset/bc-finance-standard-object-of-expense,"A descriptive, informational listing of expenses and capital expenditures by sub-vote, group account, and standard object of expense."
CRF Detailed Schedules of Payments - Employee Travel Expenses,Financial Reporting and Advisory Services,Open Government Licence - British Columbia,file,CSV,2026-08-20,https://catalogue.data.gov.bc.ca/dataset/crf-detailed-schedules-of-payments-employee-travel-expenses,Public Service Employee Travel Expenses exceeding $5000 per financial year.
"CRF Detailed Schedules of Payments - Employees with a gross salary of $75,000 or more",Financial Reporting and Advisory Services,Open Government Licence - British Columbia,file,CSV,2026-08-20,https://catalogue.data.gov.bc.ca/dataset/crf-detailed-schedules-of-payments-employees-with-a-gross-salary-of-75-000-or-more,"The list of salaries for public service employees who earned more than $75,000 per year published in the Province of British Columbia Public Accounts."
CRF Detailed Schedules of Payments - Government Transfers,Financial Reporting and Advisory Services,Open Government Licence - British Columbia,file,CSV,2026-08-20,https://catalogue.data.gov.bc.ca/dataset/crf-detailed-schedules-of-payments-government-transfers,"The details of payees receiving $25,000 or more. Published in the Province of British Columbia Public Accounts."
CRF Detailed Schedules of Payments - Other Supplier Payments,Financial Reporting and Advisory Services,Open Government Licence - British Columbia,file,CSV,2026-08-20,https://catalogue.data.gov.bc.ca/dataset/crf-detailed-schedules-of-payments-other-supplier-payments,"The details of payees receiving $25,000 or more. Published in the Province of British Columbia Public Accounts."
"CRF Schedules of Payments - OIC, Other Appointees & Employees (not under PS Act)",Financial Reporting and Advisory Services,Open Government Licence - British Columbia,file,CSV,2026-08-20,https://catalogue.data.gov.bc.ca/dataset/crf-schedules-of-payments-oic-other-appointees-employees-not-under-ps-act-,"The salaries and travel expenses for Order-In-Council, other appointees and employees not appointed by the government published in the Province of British Columbia Public Accounts."
Deputy Ministers and Associate Deputy Ministers Salary and Travel Expenses,Financial Reporting and Advisory Services,Open Government Licence - British Columbia,file,CSV,2026-08-20,https://catalogue.data.gov.bc.ca/dataset/deputy-ministers-and-associate-deputy-ministers-salary-and-travel-expenses,Deputy Ministers and Associate Deputy Ministers Salary and Travel Expenses.
Members of the Legislative Assembly Compensation,Financial Reporting and Advisory Services,Open Government Licence - British Columbia,file,CSV,2026-08-20,https://catalogue.data.gov.bc.ca/dataset/members-of-the-legislative-assembly-compensation,Members of the Legislative Assembly Compensation
Premier and Ministers Salary and Travel Expenses,Financial Reporting and Advisory Services,Open Government Licence - British Columbia,file,CSV,2026-08-20,https://catalogue.data.gov.bc.ca/dataset/premier-and-ministers-salary-and-travel-expenses,Premier and Ministers Salary and Travel
Purchasing Card Expenditures - Elections BC - FYE11,Financial Reporting and Advisory Services,Open Government Licence - British Columbia,file,CSV,2022-04-06,https://catalogue.data.gov.bc.ca/dataset/purchasing-card-expenditures-elections-bc-fye11,"A list of all Elections BC purchasing card transactions for the fiscal year. During fiscal 2011, reorganization took place in October and March, and as a result, the Purchasing Card expenditures have been displayed in the original ministry or agency in which they occurred."
Purchasing Card Expenditures - Forest Practices Board - FYE11,Financial Reporting and Advisory Services,Open Government Licence - British Columbia,file,CSV,2022-04-06,https://catalogue.data.gov.bc.ca/dataset/purchasing-card-expenditures-forest-practices-board-fye11,"A list of all Forest Practices Board purchasing card transactions for the fiscal year. During fiscal 2011, reorganization took place in October and March, and as a result, the Purchasing Card expenditures have been displayed in the original ministry in which they occurred."
"Purchasing Card Expenditures - Ministry Labour, Citizens Services and Open Government - FYE11",Financial Reporting and Advisory Services,Open Government Licence - British Columbia,file,CSV,2022-04-06,https://catalogue.data.gov.bc.ca/dataset/purchasing-card-expenditures-ministry-labour-citizens-services-and-open-government-fye11,"A list of all Ministry Labour, Citizens Services and Open Government purchasing card transactions for the fiscal year. During fiscal 2011, reorganization took place in October and March, and as a result, the Purchasing Card expenditures have been displayed in the original ministry in which they occu"
Purchasing Card Expenditures - Ministry of Aboriginal Relations - FYE11,Financial Reporting and Advisory Services,Open Government Licence - British Columbia,file,CSV,2022-04-06,https://catalogue.data.gov.bc.ca/dataset/purchasing-card-expenditures-ministry-of-aboriginal-relations-fye11,"A list of all Ministry of Aboriginal Relations purchasing card transactions for the fiscal year. During fiscal 2011, reorganization took place in October and March, and as a result, the Purchasing Card expenditures have been displayed in the original ministry in which they occurred."
Purchasing Card Expenditures - Ministry of Advanced Education - FYE11,Financial Reporting and Advisory Services,Open Government Licence - British Columbia,file,CSV,2022-04-06,https://catalogue.data.gov.bc.ca/dataset/purchasing-card-expenditures-ministry-of-advanced-education-fye11,"A list of all Ministry of Advanced Education purchasing card transactions for the fiscal year. During fiscal 2011, reorganization took place in October and March, and as a result, the Purchasing Card expenditures have been displayed in the original ministry in which they occurred."
Purchasing Card Expenditures - Ministry of Agriculture - FYE11,Financial Reporting and Advisory Services,Open Government Licence - British Columbia,file,CSV,2022-04-06,https://catalogue.data.gov.bc.ca/dataset/purchasing-card-expenditures-ministry-of-agriculture-fye11,"A list of all Ministry of Agriculture purchasing card transactions for the fiscal year. During fiscal 2011, reorganization took place in October and March, and as a result, the Purchasing Card expenditures have been displayed in the original ministry in which they occurred."
Purchasing Card Expenditures - Ministry of Attorney General - FYE11,Financial Reporting and Advisory Services,Open Government Licence - British Columbia,file,CSV,2022-04-06,https://catalogue.data.gov.bc.ca/dataset/purchasing-card-expenditures-ministry-of-attorney-general-fye11,"A list of all Ministry of Attorney General purchasing card transactions for the fiscal year. During fiscal 2011, reorganization took place in October and March, and as a result, the Purchasing Card expenditures have been displayed in the original ministry in which they occurred."
Purchasing Card Expenditures - Ministry of Children and Family Development - FYE11,Financial Reporting and Advisory Services,Open Government Licence - British Columbia,file,CSV,2022-04-06,https://catalogue.data.gov.bc.ca/dataset/purchasing-card-expenditures-ministry-of-children-and-family-development-fye11,"A list of all Ministry of Children and Family Development purchasing card transactions for the fiscal year. During fiscal 2011, reorganization took place in October and March, and as a result, the Purchasing Card expenditures have been displayed in the original ministry in which they occurred."
"Purchasing Card Expenditures - Ministry of Community, Sport and Cultural Development - FYE11",Financial Reporting and Advisory Services,Open Government Licence - British Columbia,file,CSV,2022-04-06,https://catalogue.data.gov.bc.ca/dataset/purchasing-card-expenditures-ministry-of-community-sport-and-cultural-development-fye11,"A list of all Ministry of Community, Sport and Cultural Development purchasing card transactions for the fiscal year. During fiscal 2011, reorganization took place in October and March, and as a result, the Purchasing Card expenditures have been displayed in the original ministry in which they occur"
Purchasing Card Expenditures - Ministry of Education - FYE11,Financial Reporting and Advisory Services,Open Government Licence - British Columbia,file,CSV,2022-04-06,https://catalogue.data.gov.bc.ca/dataset/purchasing-card-expenditures-ministry-of-education-fye11,"A list of all Ministry of Education purchasing card transactions for the fiscal year. During fiscal 2011, reorganization took place in October and March, and as a result, the Purchasing Card expenditures have been displayed in the original ministry in which they occurred."
Purchasing Card Expenditures - Ministry of Energy and Mines - FYE11,Financial Reporting and Advisory Services,Open Government Licence - British Columbia,file,CSV,2022-04-06,https://catalogue.data.gov.bc.ca/dataset/purchasing-card-expenditures-ministry-of-energy-and-mines-fye11,"A list of all Ministry of Energy and Mines purchasing card transactions for the fiscal year. During fiscal 2011, reorganization took place in October and March, and as a result, the Purchasing Card expenditures have been displayed in the original ministry in which they occurred."
Purchasing Card Expenditures - Ministry of Environment - FYE11,Financial Reporting and Advisory Services,Open Government Licence - British Columbia,file,CSV,2022-04-06,https://catalogue.data.gov.bc.ca/dataset/purchasing-card-expenditures-ministry-of-environment-fye11,"A list of all Ministry of Environment purchasing card transactions for the fiscal year. During fiscal 2011, reorganization took place in October and March, and as a result, the Purchasing Card expenditures have been displayed in the original ministry in which they occurred."
Purchasing Card Expenditures - Ministry of Finance - FYE11,Financial Reporting and Advisory Services,Open Government Licence - British Columbia,file,CSV,2022-04-06,https://catalogue.data.gov.bc.ca/dataset/purchasing-card-expenditures-ministry-of-finance-fye11,"A list of all Ministry of Finance purchasing card transactions for the fiscal year. During fiscal 2011, reorganization took place in October and March, and as a result, the Purchasing Card expenditures have been displayed in the original ministry in which they occurred."
Purchasing Card Expenditures - Ministry of Finance - Public Service Agency - FYE11,Financial Reporting and Advisory Services,Open Government Licence - British Columbia,file,CSV,2022-04-06,https://catalogue.data.gov.bc.ca/dataset/purchasing-card-expenditures-ministry-of-finance-public-service-agency-fye11,"A list of all Ministry of Finance - Public Service Agency purchasing card transactions for the fiscal year. During fiscal 2011, reorganization took place in October and March, and as a result, the Purchasing Card expenditures have been displayed in the original ministry in which they occurred."
Purchasing Card Expenditures - Ministry of Forests and Range - FYE11,Financial Reporting and Advisory Services,Open Government Licence - British Columbia,file,CSV,2022-04-06,https://catalogue.data.gov.bc.ca/dataset/purchasing-card-expenditures-ministry-of-forests-and-range-fye11,"A list of all Ministry of Forests and Range purchasing card transactions for the fiscal year. During fiscal 2011, reorganization took place in October and March, and as a result, the Purchasing Card expenditures have been displayed in the original ministry in which they occurred."
"Purchasing Card Expenditures - Ministry of Forests, Land and Natural Resource Operations - FYE11",Financial Reporting and Advisory Services,Open Government Licence - British Columbia,file,CSV,2022-04-06,https://catalogue.data.gov.bc.ca/dataset/purchasing-card-expenditures-ministry-of-forests-land-and-natural-resource-operations-fye11,"A list of all Ministry of Forests, Land and Natural Resource Operations purchasing card transactions for the fiscal year. During fiscal 2011, reorganization took place in October and March, and as a result, the Purchasing Card expenditures have been displayed in the original ministry in which they o"
Purchasing Card Expenditures - Ministry of Health - FYE11,Financial Reporting and Advisory Services,Open Government Licence - British Columbia,file,CSV,2022-04-06,https://catalogue.data.gov.bc.ca/dataset/purchasing-card-expenditures-ministry-of-health-fye11,"A list of all Ministry of Health purchasing card transactions for the fiscal year. During fiscal 2011, reorganization took place in October and March, and as a result, the Purchasing Card expenditures have been displayed in the original ministry in which they occurred."
Purchasing Card Expenditures - Ministry of Health - Vital Statistics - FYE11,Financial Reporting and Advisory Services,Open Government Licence - British Columbia,file,CSV,2022-04-06,https://catalogue.data.gov.bc.ca/dataset/purchasing-card-expenditures-ministry-of-health-vital-statistics-fye11,"A list of all Ministry of Health - Vital Statistics purchasing card transactions for the fiscal year. During fiscal 2011, reorganization took place in October and March, and as a result, the Purchasing Card expenditures have been displayed in the original ministry in which they occurred."
Purchasing Card Expenditures - Ministry of Healthy Living and Sport - FYE11,Financial Reporting and Advisory Services,Open Government Licence - British Columbia,file,CSV,2022-04-06,https://catalogue.data.gov.bc.ca/dataset/purchasing-card-expenditures-ministry-of-healthy-living-and-sport-fye11,"A list of all Ministry of Healthy Living and Sport purchasing card transactions for the fiscal year. During fiscal 2011, reorganization took place in October and March, and as a result, the Purchasing Card expenditures have been displayed in the original ministry in which they occurred."
"Purchasing Card Expenditures - Ministry of Jobs, Tourism and Innovation - FYE11",Financial Reporting and Advisory Services,Open Government Licence - British Columbia,file,CSV,2022-04-06,https://catalogue.data.gov.bc.ca/dataset/purchasing-card-expenditures-ministry-of-jobs-tourism-and-innovation-fye11,"A list of all Ministry of Jobs, Tourism and Innovation purchasing card transactions for the fiscal year. During fiscal 2011, reorganization took place in October and March, and as a result, the Purchasing Card expenditures have been displayed in the original ministry in which they occurred."
Purchasing Card Expenditures - Ministry of Labour - FYE11,Financial Reporting and Advisory Services,Open Government Licence - British Columbia,file,CSV,2022-04-06,https://catalogue.data.gov.bc.ca/dataset/purchasing-card-expenditures-ministry-of-labour-fye11,"A list of all Ministry of Labour purchasing card transactions for the fiscal year. During fiscal 2011, reorganization took place in October and March, and as a result, the Purchasing Card expenditures have been displayed in the original ministry in which they occurred."
Purchasing Card Expenditures - Ministry of Public Safety and Solicitor General - FYE11,Financial Reporting and Advisory Services,Open Government Licence - British Columbia,file,CSV,2022-04-06,https://catalogue.data.gov.bc.ca/dataset/purchasing-card-expenditures-ministry-of-public-safety-and-solicitor-general-fye11,"A list of all Ministry of Public Safety and Solicitor General purchasing card transactions for the fiscal year. During fiscal 2011, reorganization took place in October and March, and as a result, the Purchasing Card expenditures have been displayed in the original ministry in which they occurred."
"Purchasing Card Expenditures - Ministry of Small Business, Technology and Economic Development FYE11",Financial Reporting and Advisory Services,Open Government Licence - British Columbia,file,CSV,2022-04-06,https://catalogue.data.gov.bc.ca/dataset/purchasing-card-expenditures-ministry-of-small-business-technology-and-economic-development-fye11,"A list of all Ministry of Small Business, Technoloy and Economic Development purchasing card transactions for the fiscal year. During fiscal 2011, reorganization took place in October and March, and as a result, the Purchasing Card expenditures have been displayed in the original ministry in which t"
Purchasing Card Expenditures - Ministry of Social Development - FYE11,Financial Reporting and Advisory Services,Open Government Licence - British Columbia,file,CSV,2022-04-06,https://catalogue.data.gov.bc.ca/dataset/purchasing-card-expenditures-ministry-of-social-development-fye11,"A list of all Ministry of Social Development purchasing card transactions for the fiscal year. During fiscal 2011, reorganization took place in October and March, and as a result, the Purchasing Card expenditures have been displayed in the original ministry in which they occurred."
"Purchasing Card Expenditures - Ministry of Tourism, Culture and The Arts - FYE11",Financial Reporting and Advisory Services,Open Government Licence - British Columbia,file,CSV,2022-04-06,https://catalogue.data.gov.bc.ca/dataset/purchasing-card-expenditures-ministry-of-tourism-culture-and-the-arts-fye11,"A list of all Ministry of Tourism, Culture and The Arts purchasing card transactions for the fiscal year. During fiscal 2011, reorganization took place in October and March, and as a result, the Purchasing Card expenditures have been displayed in the original ministry in which they occurred."
Purchasing Card Expenditures - Ministry of Transportation and Infrastructure - FYE11,Financial Reporting and Advisory Services,Open Government Licence - British Columbia,file,CSV,2022-04-06,https://catalogue.data.gov.bc.ca/dataset/purchasing-card-expenditures-ministry-of-transportation-and-infrastructure-fye11,"A list of all Ministry of Transportation and Infrastructure purchasing card transactions for the fiscal year. During fiscal 2011, reorganization took place in October and March, and as a result, the Purchasing Card expenditures have been displayed in the original ministry in which they occurred."
Purchasing Card Expenditures - Office of the Auditor General - FYE11,Financial Reporting and Advisory Services,Open Government Licence - British Columbia,file,CSV,2022-04-06,https://catalogue.data.gov.bc.ca/dataset/purchasing-card-expenditures-office-of-the-auditor-general-fye11,"A list of all Office of the Auditor General purchasing card transactions for the fiscal year. During fiscal 2011, reorganization took place in October and March, and as a result, the Purchasing Card expenditures have been displayed in the original ministry in which they occurred."
Purchasing Card Expenditures - Province of British Columbia Summary and Details,Financial Reporting and Advisory Services,Open Government Licence - British Columbia,file,CSV,2020-06-11,https://catalogue.data.gov.bc.ca/dataset/purchasing-card-expenditures-province-of-british-columbia-summary-and-details,"A summary and detailed lists of all government purchasing card transactions for each fiscal year ending March 31. Responsibility for reporting Purchase Card transactions was transferred to the Ministry of Technology, Innovation and Citizens' Services in 2014."
Purchasing Card Expenditures - Province of British Columbia Totals - FYE11,Financial Reporting and Advisory Services,Open Government Licence - British Columbia,file,CSV,2022-04-06,https://catalogue.data.gov.bc.ca/dataset/purchasing-card-expenditures-province-of-british-columbia-totals-fye11,"A total of Province of British Columbia purchasing card transactions for the fiscal year. During fiscal 2011, reorganization took place in October and March, and as a result, the Purchasing Card expenditures have been displayed in the original ministry in which they occurred."
Purchasing Card Expenditures - Science and Universities - FYE11,Financial Reporting and Advisory Services,Open Government Licence - British Columbia,file,CSV,2022-04-06,https://catalogue.data.gov.bc.ca/dataset/purchasing-card-expenditures-science-and-universities-fye11,"A list of all Ministry of Science and Universities purchasing card transactions for the fiscal year. During fiscal 2011, reorganization took place in October and March, and as a result, the Purchasing Card expenditures have been displayed in the original ministry in which they occurred."
BEC Map,Forest Analysis and Inventory Branch,Open Government Licence - British Columbia,file,KML MULTIPLE OTHER PDF WMS XLSX,2026-07-09,https://catalogue.data.gov.bc.ca/dataset/bec-map,"The current and most detailed version of the approved corporate provincial digital Biogeoclimatic Ecosystem Classification (BEC) Zone/Subzone/Variant/Phase map (version 13.1, July 8 2026). Use this version when performing GIS analysis regardless of scale. This mapping is deliberately extended across"
Fire Burn Severity - Same Year,Forest Analysis and Inventory Branch,Open Government Licence - British Columbia,file,KML MULTIPLE WMS,2025-12-19,https://catalogue.data.gov.bc.ca/dataset/fire-burn-severity-same-year,This layer is the current fire year burn severity classification for large fires (greater than 100 ha). Burn severity mapping is conducted using best available pre- and post-fire satellite multispectral imagery acquired by the MultiSpectral Instrument (MSI) aboard the Sentinel-2 satellite or the Ope
Forest Inventory Ground Plot Data and Interactive Map,Forest Analysis and Inventory Branch,Open Government Licence - British Columbia,file,CSV HTML,2026-04-21,https://catalogue.data.gov.bc.ca/dataset/forest-inventory-ground-plot-data-and-interactive-map,"The 'Data and Resources' box to the right includes a link to an FTP site where data, and a data dictionary, can be downloaded that provide access to compiled data from the primary ground-sampling programs managed by the Forest Analysis and Inventory Branch (FAIB) as well as a link to and Interactive"
Forest Inventory Ground Plots - Public Access,Forest Analysis and Inventory Branch,Open Government Licence - British Columbia,file,KML MULTIPLE WMS,2026-09-24,https://catalogue.data.gov.bc.ca/dataset/forest-inventory-ground-plots-public-access,The Forest Analysis and Inventory Branch (FAIB) is responsible for coordinating and managing data collection and analyses from a range of different ground sampling programs that collect data on ground plots. This layer shows ground plots from the PSP and VRI programs. **Vegetation Resource Inventory
Forest Inventory Zones,Forest Analysis and Inventory Branch,Open Government Licence - British Columbia,file,KML MULTIPLE WMS,2024-10-16,https://catalogue.data.gov.bc.ca/dataset/forest-inventory-zones,The Forest Inventory Zone(s) (FIZ) were developed to provide a broadly based ecological classification of the forest land in British Columbia. FIZ closely follow the early biogeoclimatic zones developed by Dr. Krajina. The province of British Columbia is split into 12 FIZ zones.
Growth and Yield  Samples - Active Status,Forest Analysis and Inventory Branch,Open Government Licence - British Columbia,file,KML MULTIPLE WMS,2023-09-14,https://catalogue.data.gov.bc.ca/dataset/growth-and-yield-samples-active-status,**NOTE** This layer is being replaced with the new authoritative source for PSP location: [Growth and Yield Plots - Active Status](https://catalogue.data.gov.bc.ca/dataset/5da8d02e-cdd8-40f8-b77e-d359f0e67dcd) Growth and Yield dataset is a provincial data set that comprised of Permanent Sample Plots
Growth and Yield  Samples - All Status,Forest Analysis and Inventory Branch,Open Government Licence - British Columbia,file,KML MULTIPLE WMS,2023-12-14,https://catalogue.data.gov.bc.ca/dataset/growth-and-yield-samples-all-status,**NOTE** This dataset is going to be replaced by the Data Catalogue layer: [Forest Inventory Ground Plots - Public Access](https://catalogue.data.gov.bc.ca/dataset/6d6d115f-4cc2-4141-909e-3344b3a72bcf) This new layer links to the updated database for all Forest Analysis and Inventory Branch ground s
Growth and Yield Plots - Active Status,Forest Analysis and Inventory Branch,Open Government Licence - British Columbia,file,KML MULTIPLE WMS,2026-09-24,https://catalogue.data.gov.bc.ca/dataset/growth-and-yield-plots-active-status,This layer is the authoritative source for locating Active Status Growth and Yield plots also known as Permanent Sample Plots (PSPs). These plots are protected and require an additional minimum windfirm buffer of 50m radius in the interior and 100m radius on the coast. These plots are generally 16m 
Indicator Summary Data: Trends in Timber Harvesting in BC,Forest Analysis and Inventory Branch,Open Government Licence - British Columbia,file,XLSX,2025-11-21,https://catalogue.data.gov.bc.ca/dataset/indicator-summary-data-trends-in-timber-harvesting-in-bc,This dataset contains the results reported for the [Trends in Timber Harvesting indicator](http://www.env.gov.bc.ca/soe/indicators/land/timber-harvest.html) published on Environmental Reporting BC. The Timber Harvesting Indicator illustrates how much timber is harvested annually and how the actual t
Natural Disturbance Type Map,Forest Analysis and Inventory Branch,Open Government Licence - British Columbia,file,KML MULTIPLE PDF WMS,2026-07-09,https://catalogue.data.gov.bc.ca/dataset/natural-disturbance-type-map,"The Natural Disturbance Type map is based on the Provincial Biodiversity Guidebook (1995) and the current and most detailed version of the approved corporate provincial Biogeoclimatic Ecosystem Classification (BEC) Zone/Subzone/Variant/Phase map (version 13.1, July 8, 2026) (Data Catalog record: htt"
Reconnaissance Karst Potential Mapping,Forest Analysis and Inventory Branch,Open Government Licence - British Columbia,file,KML MULTIPLE WMS,2024-10-11,https://catalogue.data.gov.bc.ca/dataset/reconnaissance-karst-potential-mapping,"An interpretation of bedrock geology, topography and other sources of information that shows the potential for karst formations. This is a reconnaissance level map for all of British Columbia"
VRI - 2025 - Forest Vegetation Composite Rank 1 Layer (R1),Forest Analysis and Inventory Branch,Open Government Licence - British Columbia,file,FGDB KML MULTIPLE WMS,2026-05-27,https://catalogue.data.gov.bc.ca/dataset/vri-2025-forest-vegetation-composite-rank-1-layer-r1-,"Geospatial forest inventory dataset updated for depletions, such as harvesting, and projected annually for growth. Sample attributes in this dataset include: age, species, volume, height. The Vegetation Resources Inventory (VRI) spatial datasets describe both where a vegetation resource (ie timber v"
VRI - HISTORICAL Vegetation Resource Inventory (2002 - 2024),Forest Analysis and Inventory Branch,Open Government Licence - British Columbia,file,FGDB,2026-05-26,https://catalogue.data.gov.bc.ca/dataset/vri-historical-vegetation-resource-inventory-2002-2024-,"Published by the Ministry of Forests, Lands, Natural Resource Operations and Rural Development - Forest Analysis and Inventory Geospatial forest inventory dataset updated for depletions, such as harvesting, and projected annually for growth. Sample attributes in this dataset include: age, species, v"
CCISS Environmental Suitability Ratings,Forest Carbon and Climate Services Branch,Open Government Licence - British Columbia,file,CSV PDF,2026-04-17,https://catalogue.data.gov.bc.ca/dataset/cciss-environmental-suitability-ratings-,This dataset contains the environmental suitability ratings of tree species for British Columbia and adjacent jurisdictions (Northwestern United States and Alberta) at a site series level. These ordinal ratings (E1-5) reflect the probability for successful establishment and growth of a species acros
CCISS Western North America BEC Tables,Forest Carbon and Climate Services Branch,Open Government Licence - British Columbia,file,CSV PDF,2026-04-17,https://catalogue.data.gov.bc.ca/dataset/cciss-western-north-america-bec-tables,These data tables describe biogeoclimatic units for Western North America. These data were assembled as inputs to the Climate Change Informed Species Selection (CCISS) framework. The CCISS framework is built on Biogeoclimatic Ecosystem Classification (BEC). CCISS uses spatial climatic analogs (BEC s
Forest Drought Risk Assessment Tool,Forest Carbon and Climate Services Branch,Open Government Licence - British Columbia,file,CSV,2025-05-13,https://catalogue.data.gov.bc.ca/dataset/forest-drought-risk-assessment-tool,Forest Drought Risk Assessment Tool (ForDRAT) provides estimates of stand-level drought risk for various BC tree species (Interior only at this point). Drought risk estimates are provided across different biogeoclimatic units and relative soil moisture regimes for both current and future climates. T
FADM - Mountain Pine Beetle Salvage Area,"Forest Science, Planning and Practices Branch",Open Government Licence - British Columbia,file,KML MULTIPLE WMS,2023-06-29,https://catalogue.data.gov.bc.ca/dataset/fadm-mountain-pine-beetle-salvage-area,Area delineating the Mountain Pine Beetle Salvage area
Forest Development Units,"Forest Science, Planning and Practices Branch",Open Government Licence - British Columbia,file,KML MULTIPLE ORACLE_SDE WMS,2026-09-24,https://catalogue.data.gov.bc.ca/dataset/forest-development-units,The spatial representation of a Forest Stewardship Plan and Forest Development Units. A Forest Stewardship Plan is a plan submitted by a forest industry licensee stating how the BC Government's objectives for managing the province's forest resources will be met. It identifies the plan-holder's oblig
Indicator Summary Data: Trends in Forest Tree Seed Use in B.C.,"Forest Science, Planning and Practices Branch",Open Government Licence - British Columbia,file,CSV,2025-11-28,https://catalogue.data.gov.bc.ca/dataset/indicator-summary-data-trends-in-forest-tree-seed-use-in-b-c-,This dataset contains the results reported for the [Trends in Forest Tree Seed Use](http://www.env.gov.bc.ca/soe/indicators/land/tree-seed-use.html) indicator published on Environmental Reporting BC. The “Methods” section in the link above provides a summary of: - The source data and methods used to
Indicator Summary Data: Trends in Silviculture in B.C.,"Forest Science, Planning and Practices Branch",Open Government Licence - British Columbia,file,CSV,2025-11-27,https://catalogue.data.gov.bc.ca/dataset/indicator-summary-data-trends-in-silviculture-in-b-c-,This dataset contains the results reported for the [Trends in Silviculture](http://www.env.gov.bc.ca/soe/indicators/land/silviculture.html) indicator published on Environmental Reporting BC. The “Methods” section in the link above provides a summary of: - The source data and methods used to develop 
Pest Infestation Polygons,"Forest Science, Planning and Practices Branch",Open Government Licence - British Columbia,file,MULTIPLE ZIP,2026-06-04,https://catalogue.data.gov.bc.ca/dataset/pest-infestation-polygons,"Forest disturbances mapped primarily by the annual provincial aerial overview survey are recorded as polygons. Each polygon is labelled by the year of survey, forest health factor (disturbance agent), severity class and host. Aerial survey data standards are provided on the web at https://www2.gov.b"
RESULTS - Activity Treatment Units,"Forest Science, Planning and Practices Branch",Open Government Licence - British Columbia,file,KML MULTIPLE WMS,2026-09-24,https://catalogue.data.gov.bc.ca/dataset/results-activity-treatment-units,An opening's disturbance and silviculture activities reported into RESULTS. Most activities are within opening boundaries with the exception of broadcast treatments. An opening may have more than one activities associated with it. Activities may also overlap each other. Reporting of disturbance and 
RESULTS - Forest Cover Reserve,"Forest Science, Planning and Practices Branch",Open Government Licence - British Columbia,file,KML MULTIPLE WMS,2026-09-24,https://catalogue.data.gov.bc.ca/dataset/results-forest-cover-reserve,"Spatial representation of a reserve of retention area associated with a silvicultural system. Reserves are forest patches or individual trees retained during harvesting, or other forestry operations to provide habitat, scenic, biodiversity, and other values. The reserve types included are Riparian, "
RESULTS - Forest Cover Silviculture,"Forest Science, Planning and Practices Branch",Open Government Licence - British Columbia,file,KML MULTIPLE WMS,2026-09-24,https://catalogue.data.gov.bc.ca/dataset/results-forest-cover-silviculture,"RESULTS opening's forest cover poylgons with silviculture component provided. Current forest cover subimssion into RESULTS must contain attribute and map information. However, there are historical forest cover polygon infomration where maps are not available. Forest Cover is provided at three critic"
RESULTS - Openings svw,"Forest Science, Planning and Practices Branch",Open Government Licence - British Columbia,file,KML MULTIPLE WMS,2026-09-24,https://catalogue.data.gov.bc.ca/dataset/results-openings-svw,"RESULTS Openings are administrative boundaries for areas harvested with silviculture obligations or natural disturbances with intended forest management activities on Crown Land. The RESULTS openings_svw is a spatial view made up of a number of tables containing information on disturbance dates, gen"
Visual Landscape Inventory,"Forest Science, Planning and Practices Branch",Open Government Licence - British Columbia,file,KML MULTIPLE WMS,2026-01-31,https://catalogue.data.gov.bc.ca/dataset/visual-landscape-inventory,"The VLI identifies and delineates areas of visual sensitivity near communities and along travel corridors throughout the province. It includes information about the visual condition, characteristics and sensitivity to alteration. It also houses scenic area and established Visual Quality Objective ( "
Visual Landscape Inventory - Screenings (Polygons),"Forest Science, Planning and Practices Branch",Open Government Licence - British Columbia,file,KML MULTIPLE WMS,2026-09-24,https://catalogue.data.gov.bc.ca/dataset/visual-landscape-inventory-screenings-polygons,Vegetative or non-vegetative objects alongside major roads and highways preventing passers by from seeing the surrounding landscape
Visual Landscape Inventory - Viewing Direction (Lines),"Forest Science, Planning and Practices Branch",Open Government Licence - British Columbia,file,KML MULTIPLE WMS,2026-09-24,https://catalogue.data.gov.bc.ca/dataset/visual-landscape-inventory-viewing-direction-lines,"A direction one looks from a viewpoint towards a visual landscape. When a view is panoramic, it is to the middle of that panoramic view"
FADM - BC Timber Sales Area,Forest Tenures Branch,Open Government Licence - British Columbia,file,KML MULTIPLE ORACLE_SDE WMS,2025-08-20,https://catalogue.data.gov.bc.ca/dataset/fadm-bc-timber-sales-area,"FADM BCTS AREA SP is a BC Timbers Sales Business Area - an administrative area established by the Ministry (The Forest Act), and establishes the BC Timber Sales Program management Unit"
FADM - Cascade Mountain Boundary,Forest Tenures Branch,Open Government Licence - British Columbia,file,KML MULTIPLE WMS,2023-06-29,https://catalogue.data.gov.bc.ca/dataset/fadm-cascade-mountain-boundary,The spatial representation for a polygon defining the area of the province defined as west of the Cascade Mountains
FADM - Designated Areas,Forest Tenures Branch,Open Government Licence - British Columbia,file,KML MULTIPLE WMS,2026-09-23,https://catalogue.data.gov.bc.ca/dataset/fadm-designated-areas,Defines areas protected from harvesting activities by Order-in-Council as per part 13 of the Forest Act. 
FADM - Provincial Forest,Forest Tenures Branch,Open Government Licence - British Columbia,file,KML MULTIPLE WMS,2026-09-20,https://catalogue.data.gov.bc.ca/dataset/fadm-provincial-forest,"The spatial representation for a Provincial Forest, which is any forest land that is designated by the Lieutenant Governor in council, to be managed and used for the social and economic benefit of the Province"
FADM - Provincial Forest Addition,Forest Tenures Branch,Open Government Licence - British Columbia,file,KML MULTIPLE WMS,2026-09-20,https://catalogue.data.gov.bc.ca/dataset/fadm-provincial-forest-addition,"The spatial representation for a Forest Addition, which is any Forest land that is to be designated by the Lieutenant Governor, into an established forest, to be managed and used for the social and economic benefit of the Province"
FADM - Provincial Forest Deletion,Forest Tenures Branch,Open Government Licence - British Columbia,file,KML MULTIPLE WMS,2026-09-20,https://catalogue.data.gov.bc.ca/dataset/fadm-provincial-forest-deletion,"The spatial representation for a Forest Deletion, which is any Forest land that is to be removed from the land designated by the Lieutenant Governor into an established forest"
FADM - Provincial Forest Exclusion,Forest Tenures Branch,Open Government Licence - British Columbia,file,KML MULTIPLE WMS,2025-08-20,https://catalogue.data.gov.bc.ca/dataset/fadm-provincial-forest-exclusion,"The spatial representation for a Forest Exclusion, which is an areas or block excluded from Provincial Forest at the time of the original establishment by Order in Council"
FADM - Public Sustained Yield Units,Forest Tenures Branch,Open Government Licence - British Columbia,file,KML MULTIPLE WMS,2025-08-20,https://catalogue.data.gov.bc.ca/dataset/fadm-public-sustained-yield-units,"The spatial representation for a Public Sustained Yield Unit, which is an area of Crown land, usually a natural topographic unit determined by drainage areas, managed for sustained yield by the Crown through the Ministry of Forests. It includes all Crown lands within the currently established bounda"
FADM - Pulpwood Agreement,Forest Tenures Branch,Open Government Licence - British Columbia,file,KML MULTIPLE WMS,2025-08-21,https://catalogue.data.gov.bc.ca/dataset/fadm-pulpwood-agreement,"The spatial representation for a Pulpwood Agreement, which is a 25 year term agreement, replaceable every ten years, that allows the holder of a wood-fibre processing facility to harvest Crown pulp timber if sufficient quantities of raw material are not available to the holder from other sources. Co"
FADM - Pulpwood Area,Forest Tenures Branch,Open Government Licence - British Columbia,file,KML MULTIPLE WMS,2025-08-20,https://catalogue.data.gov.bc.ca/dataset/fadm-pulpwood-area,"The spatial representation for a Pulpwood Area, which is a designated area established by the Ministry where a resources analysis shows a surplus of wood fibre that is below sawlog-use standards"
FADM - Region Compartment,Forest Tenures Branch,Open Government Licence - British Columbia,file,KML MULTIPLE WMS,2025-08-20,https://catalogue.data.gov.bc.ca/dataset/fadm-region-compartment,"The spatial representation for an Inventory Region or Compartment. Established by the Resource Inventory Branch, Inventory Regions are large drainages encompassing groups of small drainages also known as compartments. These were once used for planning purposes, similar to the current Planning Cells."
FADM - Timber Supply Areas (TSA) - View,Forest Tenures Branch,Open Government Licence - British Columbia,file,KML MULTIPLE WMS,2026-04-17,https://catalogue.data.gov.bc.ca/dataset/fadm-timber-supply-areas-tsa-view,"The spatial representation for current Timber Supply Areas (TSA). A Timber Supply Area is a designated area established by the Ministry in order to practice sound, integrated, resource management principles to improve the allowable annual cuts. TSAs were originally defined by an established pattern "
FADM - Timber Supply Blocks (TSB) - View,Forest Tenures Branch,Open Government Licence - British Columbia,file,KML MULTIPLE WMS,2026-04-17,https://catalogue.data.gov.bc.ca/dataset/fadm-timber-supply-blocks-tsb-view,"The spatial representation for current Timber Supply Blocks (TSB). A Timber Supply Area is a designated area established by the Ministry in order to practice sound, integrated, resource management principles to improve the allowable annual cuts. TSAs were originally defined by an established pattern"
FADM - Tree Farm License (TFL) Addition,Forest Tenures Branch,Open Government Licence - British Columbia,file,KML MULTIPLE WMS,2025-08-20,https://catalogue.data.gov.bc.ca/dataset/fadm-tree-farm-license-tfl-addition,"The spatial representation for a Tree Farm Licence Addition, which is forest land designated by the Ministry to be added to an established Tree Farm Licence Schedule A or B For further information on Tree Farm Licenses please visit this website: https://www2.gov.bc.ca/gov/content?id=A93E6DFD8C164AD1"
FADM - Tree Farm License (TFL) Deletion,Forest Tenures Branch,Open Government Licence - British Columbia,file,KML MULTIPLE WMS,2026-02-03,https://catalogue.data.gov.bc.ca/dataset/fadm-tree-farm-license-tfl-deletion,"The spatial representation for a Tree Farm Licence Deletion, which is forest land within the Tree Farm Licence that is being removed from the Tree Farm Licence Schedule 'A' or 'B' For further information on Tree Farm Licenses please visit this website: https://www2.gov.bc.ca/gov/content?id=A93E6DFD8"
FADM - Tree Farm License (TFL) Schedule A,Forest Tenures Branch,Open Government Licence - British Columbia,file,KML MULTIPLE WMS,2026-02-03,https://catalogue.data.gov.bc.ca/dataset/fadm-tree-farm-license-tfl-schedule-a,"The spatial representation for a Tree Farm Licence Schedule A, which is private land or timber owned by the Tree Farm licence holder that is part of the Established Tree Farm Licence. These private lands can be inside or outside the main body of the Tree Farm Licence For further information on Tree "
FADM - Tree Farm License Agreement Boundary (TFL),Forest Tenures Branch,Open Government Licence - British Columbia,file,KML MULTIPLE WMS,2026-09-24,https://catalogue.data.gov.bc.ca/dataset/fadm-tree-farm-license-agreement-boundary-tfl-,This view reflects what is in the Tree Farm License Agreement. Once an agreement is signed additions and deletions and changes occur that are not reflected in this layer. If you would like to see the current boundary please use the FADM - Tree Farm License Current View (TFL). Further information on 
Fibre Recovery Zones,Forest Tenures Branch,Open Government Licence - British Columbia,file,KML MULTIPLE WMS,2025-08-21,https://catalogue.data.gov.bc.ca/dataset/fibre-recovery-zones,"The Fibre Recovery Zones (FRZ) define areas where increased waste rates may apply to avoidable waste left on a cutting authority as detailed in the Provincial Logging Residue and Waste Measurement Procedure Manual. The boundaries have been approved by the Director of the Forest Tenures Branch, Minis"
Forest Licensee Operating Areas,Forest Tenures Branch,Open Government Licence - British Columbia,file,KML MULTIPLE WMS,2026-09-24,https://catalogue.data.gov.bc.ca/dataset/forest-licensee-operating-areas,"Forest Licensee Operating Areas for the Kootenays Region, and the Cascades and Okanagan/Shuswap districts in the Thompson-Okanagan region. Other regions and districts will be added as they become available"
Forest Road Segment Tenure,Forest Tenures Branch,Open Government Licence - British Columbia,file,KML MULTIPLE WMS,2026-09-24,https://catalogue.data.gov.bc.ca/dataset/forest-road-segment-tenure,Uniquely identifies a 75 metre wide road tenure. This layer uses the centre line from the application and is buffered 37.5 metres either side. This layer does not represent the actual road on the ground. It represents where the application area is
Forest Tenure Communication Sites,Forest Tenures Branch,Open Government Licence - British Columbia,file,KML MULTIPLE WMS,2025-11-21,https://catalogue.data.gov.bc.ca/dataset/forest-tenure-communication-sites,This is a spatial layer showing Ministry of Forests Radio Communication Sites. Communication Sites are physical land locations containing structures and equipment which provide two or one-way voice and or data wireless communications to field staff or for operational activities
Forest Tenure Cutblock Polygons (FTA 4.0),Forest Tenures Branch,Open Government Licence - British Columbia,file,KML MULTIPLE WMS,2026-09-24,https://catalogue.data.gov.bc.ca/dataset/forest-tenure-cutblock-polygons-fta-4-0,This is a spatial layer that reflects operational activities for cutblocks contained within harvesting authorities. The Forest Tenures Section (FTS) is responsible for the creation and maintenance of digital Forest Atlas files for the province of British Columbia encompassing Forest and Range Act Te
Forest Tenure Free Use Permit,Forest Tenures Branch,Open Government Licence - British Columbia,file,KML MULTIPLE WMS,2026-09-24,https://catalogue.data.gov.bc.ca/dataset/forest-tenure-free-use-permit,This is a spatial layer showing Ministry of Forests Free Use Permits. These are permits issued by the Ministry that authorize the permittee to cut and use Crown timber without charge. The permit is confined to a small area and for short durations of time.
Forest Tenure Harvesting Authority Polygons,Forest Tenures Branch,Open Government Licence - British Columbia,file,KML MULTIPLE WMS,2026-09-24,https://catalogue.data.gov.bc.ca/dataset/forest-tenure-harvesting-authority-polygons,"This is a spatial layer that reflects operational activities for harvesting authorities. The harvesting authority is a legal area cleared by the Ministry of Forests and Range (that is, no other claims for the land exist) for harvesting purposes. This corresponds to the outlined areas on the Exhibit "
Forest Tenure Managed Licence,Forest Tenures Branch,Open Government Licence - British Columbia,file,KML MULTIPLE WMS,2026-09-24,https://catalogue.data.gov.bc.ca/dataset/forest-tenure-managed-licence,"This is a spatial layer showing Ministry of Forests Managed LIcences. These are Community Forest Schedule A and B, Woodlot License Schedule A and B. The Forest Tenures Section (FTS) is responsible for the creation and maintenance of digital Forest Atlas files for the province of British Columbia enc"
Forest Tenure Map Notation Line,Forest Tenures Branch,Open Government Licence - British Columbia,file,KML MULTIPLE WMS,2023-06-29,https://catalogue.data.gov.bc.ca/dataset/forest-tenure-map-notation-line,This is a spatial layer showing Ministry of Forests Map Notation Lines. These are the linear spatial representation for a notation on the Forest Atlas which records the area of interest of other government agencies and individuals
Forest Tenure Map Notation Polygon,Forest Tenures Branch,Open Government Licence - British Columbia,file,KML MULTIPLE WMS,2026-09-12,https://catalogue.data.gov.bc.ca/dataset/forest-tenure-map-notation-polygon,This is a spatial layer showing Ministry of Forests Map Notation Polygons. These are polygonal spatial representation for a notation on the Forest Atlas which records the area of interest of other government agencies and individuals
Forest Tenure Real Property Project,Forest Tenures Branch,Open Government Licence - British Columbia,file,KML MULTIPLE WMS,2025-11-18,https://catalogue.data.gov.bc.ca/dataset/forest-tenure-real-property-project,This is a spatial layer showing Ministry of Forests Real Property Projects. These are spatial representations of land that is under intensive management/administration by the Ministry of Forests for various purposes consistent with the Forest Act.
Forest Tenure Road Segment Lines,Forest Tenures Branch,Open Government Licence - British Columbia,file,KML MULTIPLE OTHER WMS,2026-09-24,https://catalogue.data.gov.bc.ca/dataset/forest-tenure-road-segment-lines,Uniquely identifies all road segments within a road section
Forest Tenure Special Access Road Line,Forest Tenures Branch,Open Government Licence - British Columbia,file,KML MULTIPLE WMS,2023-06-29,https://catalogue.data.gov.bc.ca/dataset/forest-tenure-special-access-road-line,This is a spatial layer showing Ministry of Forests Map Notation Lines. These are the spatial representation of the linear geometry for FSR Declarations and FSR Gazettes Unsurveyed.
Forest Tenure Special Access Road Polygon,Forest Tenures Branch,Open Government Licence - British Columbia,file,KML MULTIPLE WMS,2026-09-24,https://catalogue.data.gov.bc.ca/dataset/forest-tenure-special-access-road-polygon,This is a spatial layer showing Ministry of Forests Map Notation Lines. These are the spatial representation of the polygonal geometry for FSR Dedications and FSR Gravel Pits
Forest Tenure Special Use Permit Polygon,Forest Tenures Branch,Open Government Licence - British Columbia,file,KML MULTIPLE WMS,2026-09-24,https://catalogue.data.gov.bc.ca/dataset/forest-tenure-special-use-permit-polygon,A spatial representation for non-road special use permits
Forest Tenure Timber Licence,Forest Tenures Branch,Open Government Licence - British Columbia,file,KML MULTIPLE WMS,2026-07-21,https://catalogue.data.gov.bc.ca/dataset/forest-tenure-timber-licence,A spatial representation of the Map Blocks for Timber Licences
Forest Tenure Timber Licence Elimination,Forest Tenures Branch,Open Government Licence - British Columbia,file,KML MULTIPLE WMS,2026-09-04,https://catalogue.data.gov.bc.ca/dataset/forest-tenure-timber-licence-elimination,The spatial representation for the areas that have been eliminated from a timber licence
Horse Racing Rulings and Reconsiderations for Licensee Violations,Gaming Policy and Enforcement,Open Government Licence - British Columbia,file,XLS,2022-04-06,https://catalogue.data.gov.bc.ca/dataset/horse-racing-rulings-and-reconsiderations-for-licensee-violations,Investigations of suspected violations of horse racing rules and policies and the provisions of the Gaming Control Act and Regulation may result in penalties that are communicated in a Judge's Ruling (standardbred racing) or in a Steward's Ruling (thoroughbred racing). These violations can be appeal
Horse Racing Track and Teletheatre Reviews,Gaming Policy and Enforcement,Open Government Licence - British Columbia,file,XLS,2022-04-06,https://catalogue.data.gov.bc.ca/dataset/horse-racing-track-and-teletheatre-reviews,"In British Columbia, horse race tracks and teletheatres are licensed for three years by the Gaming Policy and Enforcement Branch. Terms and conditions are attached to each licence. Compliance with these terms and conditions is reviewed annually at horse race tracks and at least once every two years "
Licensed Gaming Revenues Earned by Class A Ticket Raffles,Gaming Policy and Enforcement,Open Government Licence - British Columbia,file,XLSX,2022-04-06,https://catalogue.data.gov.bc.ca/dataset/licensed-gaming-revenues-earned-by-class-a-ticket-raffles,"Eligible community organizations may hold licensed gaming events to generate revenue that benefits programs and services they deliver. Class A licensed ticket raffles are those that are expected to generate gross revenue of more than $20,000. Net revenue is determined from revenue reports submitted "
(7.5M) Bathymetric  - The Atlas of Canada Base Maps for BC,GeoBC Branch,Open Government Licence - Canada,file,KML MULTIPLE WMS,2023-06-29,https://catalogue.data.gov.bc.ca/dataset/7-5m-bathymetric-the-atlas-of-canada-base-maps-for-bc,Contour lines representing values of equal elevation below mean sea level.
(7.5M) Boundary Lines  - The Atlas of Canada Base Maps for BC,GeoBC Branch,Open Government Licence - Canada,file,KML MULTIPLE WMS,2023-06-29,https://catalogue.data.gov.bc.ca/dataset/7-5m-boundary-lines-the-atlas-of-canada-base-maps-for-bc,"lnternational boundaries, Canada/Greenland dividing line, or 200 mile fishing limit."
(7.5M) Drainage Lines  - The Atlas of Canada Base Maps for BC,GeoBC Branch,Open Government Licence - Canada,file,KML MULTIPLE WMS,2023-06-29,https://catalogue.data.gov.bc.ca/dataset/7-5m-drainage-lines-the-atlas-of-canada-base-maps-for-bc,Features representing rivers and lakes.
(7.5M) Drainage Polygons  - The Atlas of Canada Base Maps for BC,GeoBC Branch,Open Government Licence - Canada,file,KML MULTIPLE WMS,2023-06-29,https://catalogue.data.gov.bc.ca/dataset/7-5m-drainage-polygons-the-atlas-of-canada-base-maps-for-bc,Features representing rivers and lakes.
(7.5M) Major Cities - The Atlas of Canada Base Maps of BC,GeoBC Branch,Open Government Licence - Canada,file,KML MULTIPLE WMS,2023-11-05,https://catalogue.data.gov.bc.ca/dataset/7-5m-major-cities-the-atlas-of-canada-base-maps-of-bc,Selection of populated places in Canada.
(7.5M) Major Roads - The Atlas of Canada Base Maps for BC,GeoBC Branch,Open Government Licence - Canada,file,KML MULTIPLE WMS,2023-06-29,https://catalogue.data.gov.bc.ca/dataset/7-5m-major-roads-the-atlas-of-canada-base-maps-for-bc,Major road features and ferry routes.
(7.5M) National Parks - The Atlas of Canada Base Maps for BC,GeoBC Branch,Open Government Licence - Canada,file,KML MULTIPLE WMS,2023-06-29,https://catalogue.data.gov.bc.ca/dataset/7-5m-national-parks-the-atlas-of-canada-base-maps-for-bc,This spatial layer details polygon features that represent National Parks for only the extent of British Columbia
(7.5M) Provinces and States - The Atlas of Canada Base Maps for BC,GeoBC Branch,Open Government Licence - Canada,file,KML MULTIPLE WMS,2023-06-29,https://catalogue.data.gov.bc.ca/dataset/7-5m-provinces-and-states-the-atlas-of-canada-base-maps-for-bc,"Limits of the Canada land mass, provincial and territorial boundaries."
2024 Marbled Murrelet Suitable Habitat Polygons,GeoBC Branch,Open Government Licence - British Columbia,file,FGDB,2026-09-24,https://catalogue.data.gov.bc.ca/dataset/2024-marbled-murrelet-suitable-habitat-polygons,"The suitable habitat layer consists of Marbled Murrelet (MAMU) nesting habitat. It is a dynamic data product that uses several sources, outlined in Mather et al. (2010), to predict the distribution of suitable nesting habitat across the coast of B.C. The layer is updated periodically to reflect chan"
Alcids - Coastal Resource Information Management System (CRIMS),GeoBC Branch,Open Government Licence - British Columbia,file,KML MULTIPLE WMS,2026-08-30,https://catalogue.data.gov.bc.ca/dataset/alcids-coastal-resource-information-management-system-crims,Distribution of Alcid habitat in coastal British Columbia showing relative abundance (RA) by season and overall relative importance (RI). RI is based on project region and not on the province as a whole. CRIMS is a legacy dataset of BC coastal resource data that was acquired in a systematic and syno
BC Airports,GeoBC Branch,Open Government Licence - British Columbia,file,KML MULTIPLE WMS XLSX,2025-08-21,https://catalogue.data.gov.bc.ca/dataset/bc-airports,"BC Airports identifies locations where aircraft may take-off and land. No guarantee is given that an identified point will be maintained to sufficient standards for landing and take-off of any/all aircraft. It includes airports, aerodromes, water aerodromes, heliports, and airstrips."
"BC Basemap Lines 1:6,000,000  (Digital Baseline Mapping)",GeoBC Branch,Open Government Licence - Canada,file,KML MULTIPLE WMS,2023-06-29,https://catalogue.data.gov.bc.ca/dataset/bc-basemap-lines-1-6-000-000-digital-baseline-mapping,"Layer containing single line rivers, transportation network and reference data features (parks, provincial boundaries, etc)"
"BC Designated Areas Lines 1:2,000,000  (Digital Baseline Mapping)",GeoBC Branch,Open Government Licence - Canada,file,KML MULTIPLE WMS,2023-06-29,https://catalogue.data.gov.bc.ca/dataset/bc-designated-areas-lines-1-2-000-000-digital-baseline-mapping,"Layer containing outlines of designated areas such as parks, cities, etc"
"BC Designated Areas Points 1:2,000,000  (Digital Baseline Mapping)",GeoBC Branch,Open Government Licence - Canada,file,KML MULTIPLE WMS,2023-06-29,https://catalogue.data.gov.bc.ca/dataset/bc-designated-areas-points-1-2-000-000-digital-baseline-mapping,"Layer containing symbols for parks, campgrounds, etc."
BC Hexagonal Grid,GeoBC Branch,Open Government Licence - Canada,file,KML MULTIPLE WMS,2024-12-20,https://catalogue.data.gov.bc.ca/dataset/bc-hexagonal-grid,"The BC Hexagonal Grid is a geospatial grid of individual hexagons covering the Province of BC. Each Hexagon is approximately 25 square kilometres in size, except at the provincial border where the hexagons have been split on the boundary. "
"BC Major Cities Points 1:2,000,000  (Digital Baseline Mapping)",GeoBC Branch,Open Government Licence - Canada,file,KML MULTIPLE WMS,2023-06-29,https://catalogue.data.gov.bc.ca/dataset/bc-major-cities-points-1-2-000-000-digital-baseline-mapping,Layer containing symbols for the major population centres.
BC Major Watersheds,GeoBC Branch,Open Government Licence - Canada,file,KML MULTIPLE WMS,2023-06-29,https://catalogue.data.gov.bc.ca/dataset/bc-major-watersheds,Major watersheds of BC tagged with the first 3 digits of the Watershed Code (e.g.: 920)
BC Ports and Terminals,GeoBC Branch,Open Government Licence - British Columbia,file,KML MULTIPLE OTHER WMS,2025-03-07,https://catalogue.data.gov.bc.ca/dataset/bc-ports-and-terminals,"This dataset identifies the geographic locations of marine ports, terminals, shipyards, and harbours on the west coast of British Columbia. The points were reviewed and cross referenced with government and industry data sources for geographic and attribute data accuracy."
"BC Provincial Boundaries Lines 1:2,000,000  (Digital Baseline Mapping)",GeoBC Branch,Open Government Licence - Canada,file,KML MULTIPLE WMS,2023-06-29,https://catalogue.data.gov.bc.ca/dataset/bc-provincial-boundaries-lines-1-2-000-000-digital-baseline-mapping,Layer containing the provincial boundary.
"BC River, Lake and Wetland Polygons 1:2,000,000  (Digital Baseline Mapping)",GeoBC Branch,Open Government Licence - Canada,file,KML MULTIPLE WMS,2023-06-29,https://catalogue.data.gov.bc.ca/dataset/bc-river-lake-and-wetland-polygons-1-2-000-000-digital-baseline-mapping,"Layer containing double line rivers, lakes, reservoirs, swamps, marshes."
"BC SPOT Elevation Points 1:2,000,000  (Digital Baseline Mapping)",GeoBC Branch,Open Government Licence - Canada,file,KML MULTIPLE WMS,2023-06-29,https://catalogue.data.gov.bc.ca/dataset/bc-spot-elevation-points-1-2-000-000-digital-baseline-mapping,"Layer containing elevations of mountains, etc."
BC Transmission Lines,GeoBC Branch,Open Government Licence - British Columbia,file,KML MULTIPLE WMS,2026-09-23,https://catalogue.data.gov.bc.ca/dataset/bc-transmission-lines,"High voltage electrical transmission lines for distributing power throughout the province. Lines were derived from several data sources representing unique inventories: BC Hydro, Private, Independent Power Producers, and Terrain Resource Information Management (TRIM). Voltage information is not curr"
"BC Transport Lines 1:2,000,000  (Digital Baseline Mapping)",GeoBC Branch,Open Government Licence - Canada,file,KML MULTIPLE WMS,2023-06-29,https://catalogue.data.gov.bc.ca/dataset/bc-transport-lines-1-2-000-000-digital-baseline-mapping,"Layer containing roads, railways, airports, etc"
"BC Transport Points 1:2,000,000  (Digital Baseline Mapping)",GeoBC Branch,Open Government Licence - Canada,file,KML MULTIPLE WMS,2023-06-29,https://catalogue.data.gov.bc.ca/dataset/bc-transport-points-1-2-000-000-digital-baseline-mapping,"Layer containing symbols for transportation features, such as airports, heliports and ferry routes"
"BC Water Lines 1:2,000,000  (Digital Baseline Mapping)",GeoBC Branch,Open Government Licence - Canada,file,KML MULTIPLE WMS,2023-06-29,https://catalogue.data.gov.bc.ca/dataset/bc-water-lines-1-2-000-000-digital-baseline-mapping,Layer containing single line rivers.
"BC Water Points 1:2,000,000  (Digital Baseline Mapping)",GeoBC Branch,Open Government Licence - Canada,file,KML MULTIPLE WMS,2023-06-29,https://catalogue.data.gov.bc.ca/dataset/bc-water-points-1-2-000-000-digital-baseline-mapping,"Layer containing symbols for falls, dams, sinkholes, etc."
"BC Water Polygons 1:6,000,000  (Digital Baseline Mapping)",GeoBC Branch,Open Government Licence - Canada,file,KML MULTIPLE WMS,2023-06-29,https://catalogue.data.gov.bc.ca/dataset/bc-water-polygons-1-6-000-000-digital-baseline-mapping,"Layer containing lakes, double line rivers and islands."
"BCGS 1:10,000 Grid",GeoBC Branch,Open Government Licence - British Columbia,file,KML MULTIPLE WMS,2023-06-29,https://catalogue.data.gov.bc.ca/dataset/bcgs-1-10-000-grid,"BCGS 1:10,000 scale grid. The British Columbia Geographic System is a geographic system in which the coverage in minutes and seconds of longitude is double the coverage in minutes and seconds of latitude for sheets at all scales"
"BCGS 1:2,500 Mapsheet Grid - NAD 27",GeoBC Branch,Open Government Licence - British Columbia,file,KML MULTIPLE WMS,2023-06-29,https://catalogue.data.gov.bc.ca/dataset/bcgs-1-2-500-mapsheet-grid-nad-27,"BCGS 1:2,500 scale grid, North Amercian Datum 1927. The British Columbia Geographic System is a geographic system in which the coverage in minutes and seconds of longitude is double the coverage in minutes and seconds of latitude for sheets at all scales.This particular grid was generated in the old"
"BCGS 1:2,500 Mapsheet Grid - NAD 83",GeoBC Branch,Open Government Licence - British Columbia,file,KML MULTIPLE WMS,2023-06-29,https://catalogue.data.gov.bc.ca/dataset/bcgs-1-2-500-mapsheet-grid-nad-83,"BCGS 1:2,500 scale grid, North Amercian Datum 1983. The British Columbia Geographic System is a geographic system in which the coverage in minutes and seconds of longitude is double the coverage in minutes and seconds of latitude for sheets at all scales"
"BCGS 1:20,000 Grid",GeoBC Branch,Open Government Licence - British Columbia,file,KML MULTIPLE WMS,2023-06-29,https://catalogue.data.gov.bc.ca/dataset/bcgs-1-20-000-grid,"BCGS 1:20,000 scale grid. The British Columbia Geographic System is a geographic system in which the coverage in minutes and seconds of longitude is double the coverage in minutes and seconds of latitude for sheets at all scales"
"BCGS 1:5,000 Grid",GeoBC Branch,Open Government Licence - British Columbia,file,KML MULTIPLE WMS,2023-06-29,https://catalogue.data.gov.bc.ca/dataset/bcgs-1-5-000-grid,"British Columbia Geographic System 1:5,000 scale mapsheet grid. Each mapsheet is one fourth of a 1:10,000 mapsheet numbered 1 through 4. The neatlines were defined and created in geographic units and reprojected to BC Albers. Each of the mapsheets is 0.75 minutes (45 seconds) latitude by 1.50 minute"
"BCGS 1:50,000 Grid",GeoBC Branch,Open Government Licence - British Columbia,file,KML MULTIPLE WMS,2023-06-29,https://catalogue.data.gov.bc.ca/dataset/bcgs-1-50-000-grid,"BCGS 1:50,000 scale grid. The British Columbia Geographic System is a geographic system in which the coverage in minutes and seconds of longitude is double the coverage in minutes and seconds of latitude for sheets at all scales"
Bald Eagles - Coastal Resource Information Management System (CRIMS),GeoBC Branch,Open Government Licence - British Columbia,file,KML MULTIPLE WMS,2026-08-30,https://catalogue.data.gov.bc.ca/dataset/bald-eagles-coastal-resource-information-management-system-crims,Distribution of Bald Eagle habitat in coastal British Columbia showing relative abundance (RA) and overall relative importance (RI). RI is based on project region and not on the province as a whole. CRIMS is a legacy dataset of BC coastal resource data that was acquired in a systematic and synoptic 
Baseline Thematic Mapping Present Land Use Version 1 Spatial Layer,GeoBC Branch,Open Government Licence - British Columbia,file,KML MULTIPLE PDF WMS,2023-06-29,https://catalogue.data.gov.bc.ca/dataset/baseline-thematic-mapping-present-land-use-version-1-spatial-layer,"This layer represents Land use polygons as determined by a combination of analytic techniques, mostly using Landsat 5 image mosaics . BTM 1 was done on a federal satellite image base that was only accurate to about 250m. The images were geo-corrected, not ortho-corrected, so there is distortion in a"
Benthic Marine Ecounits - Coastal Resource Information Management System (CRIMS),GeoBC Branch,Open Government Licence - British Columbia,file,HTML KML MULTIPLE WMS,2025-12-21,https://catalogue.data.gov.bc.ca/dataset/benthic-marine-ecounits-coastal-resource-information-management-system-crims,Benthic Marine Ecounits in coastal and offshore British Columbia. Benthic ecounits are intended to describe the sea bed and nearshore. Seven variables were selected to derive benthic ecounits: 1. Depth; 2. Slope; 3. Relief; 4. Temperature; 5. Exposure; 6. Current and 7. Substrate. CRIMS is a legacy 
Bioslide Points,GeoBC Branch,Open Government Licence - British Columbia,file,HTML KML MULTIPLE PDF WMS,2023-06-29,https://catalogue.data.gov.bc.ca/dataset/bioslide-points,A point file showing a collection of specific GPS spatial points recorded during the video taping of the shoreline. The points are represented by a specific latitude and longitude taken at a specific date and time. Each are associated with a specific BIOSLIDE at a specific SHOREUNIT in the Shorezone
Bird Colonies - Coastal Resource Information Management System (CRIMS),GeoBC Branch,Open Government Licence - British Columbia,file,KML MULTIPLE WMS,2026-08-30,https://catalogue.data.gov.bc.ca/dataset/bird-colonies-coastal-resource-information-management-system-crims,The distribution of nesting areas for bird colonies in coastal British Columbia showing relative abundance (RA) by season and overall relative importance (RI). RI is based on project region and not on the province as a whole. Number counts for various species in the colony location are provided. CRI
Black Oystercatchers - Coastal Resource Information Management System (CRIMS),GeoBC Branch,Open Government Licence - British Columbia,file,KML MULTIPLE WMS,2026-08-30,https://catalogue.data.gov.bc.ca/dataset/black-oystercatchers-coastal-resource-information-management-system-crims,Distribution of Black Oystercatcher habitat in coastal British Columbia showing relative abundance (RA) by season and overall relative importance (RI). RI is based on project region and not on the province as a whole. CRIMS is a legacy dataset of BC coastal resource data that was acquired in a syste
California and Steller Sealion Haulout Areas - CRIMS,GeoBC Branch,Open Government Licence - British Columbia,file,KML MULTIPLE WMS,2025-03-06,https://catalogue.data.gov.bc.ca/dataset/california-and-steller-sealion-haulout-areas-crims,California and Steller sealion haulout areas. Coastal Resource Information Management System (CRIMS) is a legacy dataset of BC coastal resource data that was acquired in a systematic and synoptic manner from 1979 and was intermittently updated throughout the years. Resource information was collected
California and Steller Sealion Haulout Points - CRIMS,GeoBC Branch,Open Government Licence - British Columbia,file,KML MULTIPLE WMS,2025-03-06,https://catalogue.data.gov.bc.ca/dataset/california-and-steller-sealion-haulout-points-crims,California and Steller sealion haulout sites. Coastal Resource Information Management System (CRIMS) is a legacy dataset of BC coastal resource data that was acquired in a systematic and synoptic manner from 1979 and was intermittently updated throughout the years. Resource information was collected
Civic Facilities,GeoBC Branch,Open Government Licence - British Columbia,file,KML MULTIPLE WMS,2026-08-14,https://catalogue.data.gov.bc.ca/dataset/civic-facilities,"Civic Facilities is a point dataset identifying local arts, culture and recreational facilities in British Columbia. "
Clam Beds - Coastal Resource Information Management System (CRIMS),GeoBC Branch,Open Government Licence - British Columbia,file,KML MULTIPLE WMS,2025-05-11,https://catalogue.data.gov.bc.ca/dataset/clam-beds-coastal-resource-information-management-system-crims,"Distribution of clam beds in coastal Beds in British Columbia showing relative abundance (RA) and aboriginal, biological, commercial and recreational relative importance (RI) and overall RI. RI is based on project region and not on the province as a whole. and productivity. Other attributes include "
Coastal BC Anchorages,GeoBC Branch,Open Government Licence - British Columbia,file,KML MULTIPLE WMS,2025-05-22,https://catalogue.data.gov.bc.ca/dataset/coastal-bc-anchorages,"The location of safe anchorages in coastal British Columbia. The Coastal BC datasets are circa 2004 and legacy in nature. Caution should be exercised when using this data, as it may not be accurate or complete. There are currently no plans to update."
Coastal BC Boat Launches,GeoBC Branch,Open Government Licence - British Columbia,file,KML MULTIPLE WMS,2025-05-22,https://catalogue.data.gov.bc.ca/dataset/coastal-bc-boat-launches,"The locations of coastal British Columbia boat launches. The Coastal BC datasets are circa 2004 and legacy in nature. Caution should be exercised when using this data, as it may not be accurate or complete. There are currently no plans to update."
Coastal BC Campsites,GeoBC Branch,Open Government Licence - British Columbia,file,KML MULTIPLE WMS,2025-05-22,https://catalogue.data.gov.bc.ca/dataset/coastal-bc-campsites,"The locations of coastal British Columbia overnight campsites and campgrounds. The Coastal BC datasets are circa 2004 and legacy in nature. Caution should be exercised when using this data, as it may not be accurate or complete. There are currently no plans to update."
Coastal BC Diving Sites,GeoBC Branch,Open Government Licence - British Columbia,file,KML MULTIPLE WMS,2025-05-22,https://catalogue.data.gov.bc.ca/dataset/coastal-bc-diving-sites,"The locations of coastal British Columbia scuba diving sites. The Coastal BC datasets are circa 2004 and legacy in nature. Caution should be exercised when using this data, as it may not be accurate or complete. There are currently no plans to update."
Coastal BC Marinas,GeoBC Branch,Open Government Licence - British Columbia,file,KML MULTIPLE WMS,2025-05-22,https://catalogue.data.gov.bc.ca/dataset/coastal-bc-marinas,"The location of coastal British Columbia marinas. The Coastal BC datasets are circa 2004 and legacy in nature. Caution should be exercised when using this data, as it may not be accurate or complete. There are currently no plans to update. "
Coastal BC Marine Industrial Sites,GeoBC Branch,Open Government Licence - British Columbia,file,KML MULTIPLE WMS,2025-05-22,https://catalogue.data.gov.bc.ca/dataset/coastal-bc-marine-industrial-sites,"The locations of coastal British Columbia industrial sites. The Coastal BC datasets are circa 2004 and legacy in nature. Caution should be exercised when using this data, as it may not be accurate or complete. There are currently no plans to update."
Coastal BC Marine Kayaking Destinations,GeoBC Branch,Open Government Licence - British Columbia,file,KML MULTIPLE WMS,2025-05-22,https://catalogue.data.gov.bc.ca/dataset/coastal-bc-marine-kayaking-destinations,"The location of coastal British Columbia marine kayaking point features, such as destinations and overnight campsites. The Coastal BC datasets are circa 2004 and legacy in nature. Caution should be exercised when using this data, as it may not be accurate or complete. There are currently no plans to"
Coastal BC Marine Navigation Aids,GeoBC Branch,Open Government Licence - British Columbia,file,KML MULTIPLE WMS,2025-05-22,https://catalogue.data.gov.bc.ca/dataset/coastal-bc-marine-navigation-aids,"The locations of coastal British Columbia marine navigation aids. The Coastal BC datasets are circa 2004 and legacy in nature. Caution should be exercised when using this data, as it may not be accurate or complete. There are currently no plans to update."
Coastal BC Marine Navigation Hazards - Line,GeoBC Branch,Open Government Licence - British Columbia,file,KML MULTIPLE WMS,2025-05-22,https://catalogue.data.gov.bc.ca/dataset/coastal-bc-marine-navigation-hazards-line,"The locations of coastal British Columbia marine navigation hazards. The Coastal BC datasets are circa 2004 and legacy in nature. Caution should be exercised when using this data, as it may not be accurate or complete. There are currently no plans to update."
Coastal BC Marine Navigation Hazards - Point,GeoBC Branch,Open Government Licence - British Columbia,file,KML MULTIPLE WMS,2025-05-22,https://catalogue.data.gov.bc.ca/dataset/coastal-bc-marine-navigation-hazards-point,"The locations of coastal British Columbia marine navigation hazards. The Coastal BC datasets are circa 2004 and legacy in nature. Caution should be exercised when using this data, as it may not be accurate or complete. There are currently no plans to update."
Coastal BC Marine and Freshwater Kayaking Routes,GeoBC Branch,Open Government Licence - British Columbia,file,KML MULTIPLE WMS,2025-05-22,https://catalogue.data.gov.bc.ca/dataset/coastal-bc-marine-and-freshwater-kayaking-routes,"The location of coastal British Columbia marine and freshwater kayaking routes. The Coastal BC datasets are circa 2004 and legacy in nature. Caution should be exercised when using this data, as it may not be accurate or complete. There are currently no plans to update. "
Coastal BC Moorages,GeoBC Branch,Open Government Licence - British Columbia,file,KML MULTIPLE PDF WMS,2025-05-22,https://catalogue.data.gov.bc.ca/dataset/coastal-bc-moorages,"The locations of coastal British Columbia moorages. The Coastal BC datasets are circa 2004 and legacy in nature. Caution should be exercised when using this data, as it may not be accurate or complete. There are currently no plans to update."
Coastal BC Recreational Craft Cruising Routes,GeoBC Branch,Open Government Licence - British Columbia,file,KML MULTIPLE WMS,2025-05-22,https://catalogue.data.gov.bc.ca/dataset/coastal-bc-recreational-craft-cruising-routes,"The locations of coastal British Columbia recreational and pleasure craft cruising routes. The Coastal BC datasets are circa 2004 and legacy in nature. Caution should be exercised when using this data, as it may not be accurate or complete. There are currently no plans to update."
Coastal Ferry Routes,GeoBC Branch,Open Government Licence - British Columbia,file,HTML KML MULTIPLE WMS,2026-01-16,https://catalogue.data.gov.bc.ca/dataset/coastal-ferry-routes,"The locations of coastal ferry routes in British Columbia. This includes ferries in coastal waters like BC Ferries, barges, water taxis, etc. but does not include freshwater ferries on inland rivers or lakes."
Cormorants - Coastal Resource Information Management System (CRIMS),GeoBC Branch,Open Government Licence - British Columbia,file,KML MULTIPLE WMS,2026-08-30,https://catalogue.data.gov.bc.ca/dataset/cormorants-coastal-resource-information-management-system-crims,Distribution of cormorant habitat in coastal British Columbia showing relative abundance (RA) by season and overall relative importance (RI). RI is based on project region and not on the province as a whole. CRIMS is a legacy dataset of BC coastal resource data that was acquired in a systematic and 
Correctional Facilities,GeoBC Branch,Open Government Licence - British Columbia,file,KML MULTIPLE WMS,2025-03-07,https://catalogue.data.gov.bc.ca/dataset/correctional-facilities,Correctional Facilities is a point dataset identifying correctional facilities in British Columbia.
DEPRECATED - Communities Affected by Evacuation Orders and Alerts,GeoBC Branch,Open Government Licence - British Columbia,file,KML MULTIPLE WMS,2024-02-23,https://catalogue.data.gov.bc.ca/dataset/deprecated-communities-affected-by-evacuation-orders-and-alerts,"DEPRECATED: During a declared emergency event, this dataset will include the communities affected by Evacuation Order Orders and Alerts, which represents the populated communities and First Nations in the province, and their current evacuation status."
Dabbling Ducks - Coastal Resource Information Management System (CRIMS),GeoBC Branch,Open Government Licence - British Columbia,file,KML MULTIPLE WMS,2026-08-30,https://catalogue.data.gov.bc.ca/dataset/dabbling-ducks-coastal-resource-information-management-system-crims,Distribution of dabbling duck species habitat in coastal British Columbia showing relative abundance (RA) by season and overall relative importance (RI). RI is based on project region and not on the province as a whole. CRIMS is a legacy dataset of BC coastal resource data that was acquired in a sys
"Digital Elevation Model for British Columbia - CDED - 1:250,000",GeoBC Branch,Open Government Licence - British Columbia,file,ZIP,2022-04-06,https://catalogue.data.gov.bc.ca/dataset/digital-elevation-model-for-british-columbia-cded-1-250-000,"Digital Elevation Model (DEM) for British Columbia produced by GeoBC. This data is the TRIM DEM converted to the Canadian Digital Elevation Data (CDED)format. The data consists of an ordered array of ground or reflective surface elevations, recorded in metres, at regularly spaced intervals. The spac"
Distribution of California Sealions - Coastal Resource Information Management System (CRIMS),GeoBC Branch,Open Government Licence - British Columbia,file,KML MULTIPLE WMS,2025-03-06,https://catalogue.data.gov.bc.ca/dataset/distribution-of-california-sealions-coastal-resource-information-management-system-crims-,Modeled data showing the likely distribution of California sealions. CRIMS is a legacy dataset of BC coastal resource data that was acquired in a systematic and synoptic manner from 1979 and was intermittently updated throughout the years. Resource information was collected in nine study areas using
Distribution of Dall's Porpoises - Coastal Resource Information Management System (CRIMS),GeoBC Branch,Open Government Licence - British Columbia,file,KML MULTIPLE WMS,2025-03-06,https://catalogue.data.gov.bc.ca/dataset/distribution-of-dall-s-porpoises-coastal-resource-information-management-system-crims-,Modeled data showing the likely distribution of dall's porpoises. CRIMS is a legacy dataset of BC coastal resource data that was acquired in a systematic and synoptic manner from 1979 and was intermittently updated throughout the years. Resource information was collected in nine study areas using a 
Distribution of Gray Whales - Coastal Resource Information Management System (CRIMS),GeoBC Branch,Open Government Licence - British Columbia,file,KML MULTIPLE WMS,2025-03-06,https://catalogue.data.gov.bc.ca/dataset/distribution-of-gray-whales-coastal-resource-information-management-system-crims-,Modeled data showing the likely distribution of gray whales. CRIMS is a legacy dataset of BC coastal resource data that was acquired in a systematic and synoptic manner from 1979 and was intermittently updated throughout the years. Resource information was collected in nine study areas using a peer-
Distribution of Harbour Porpoises - Coastal Resource Information Management System (CRIMS),GeoBC Branch,Open Government Licence - British Columbia,file,KML MULTIPLE WMS,2025-03-06,https://catalogue.data.gov.bc.ca/dataset/distribution-of-harbour-porpoises-coastal-resource-information-management-system-crims-,Modeled data showing the likely distribution of harbour porpoises. CRIMS is a legacy dataset of BC coastal resource data that was acquired in a systematic and synoptic manner from 1979 and was intermittently updated throughout the years. Resource information was collected in nine study areas using a
Distribution of Harbour Seals - Coastal Resource Information Management System (CRIMS),GeoBC Branch,Open Government Licence - British Columbia,file,KML MULTIPLE WMS,2025-03-06,https://catalogue.data.gov.bc.ca/dataset/distribution-of-harbour-seals-coastal-resource-information-management-system-crims-,Modeled data showing the likely distribution of harbour seals. CRIMS is a legacy dataset of BC coastal resource data that was acquired in a systematic and synoptic manner from 1979 and was intermittently updated throughout the years. Resource information was collected in nine study areas using a pee
Distribution of Humpback Whales - Coastal Resource Information Management System (CRIMS),GeoBC Branch,Open Government Licence - British Columbia,file,KML MULTIPLE WMS,2025-03-06,https://catalogue.data.gov.bc.ca/dataset/distribution-of-humpback-whales-coastal-resource-information-management-system-crims-,Modeled data showing the likely distribution of humpback whales. CRIMS is a legacy dataset of BC coastal resource data that was acquired in a systematic and synoptic manner from 1979 and was intermittently updated throughout the years. Resource information was collected in nine study areas using a p
Distribution of Killer Whales - Coastal Resource Information Management System (CRIMS),GeoBC Branch,Open Government Licence - British Columbia,file,KML MULTIPLE WMS,2025-03-06,https://catalogue.data.gov.bc.ca/dataset/distribution-of-killer-whales-coastal-resource-information-management-system-crims-,Modeled data showing the likely distribution of Killer Whales. CRIMS is a legacy dataset of BC coastal resource data that was acquired in a systematic and synoptic manner from 1979 and was intermittently updated throughout the years. Resource information was collected in nine study areas using a pee
Distribution of Northern Fur Seals - Coastal Resource Information Management System (CRIMS),GeoBC Branch,Open Government Licence - British Columbia,file,KML MULTIPLE WMS,2025-03-06,https://catalogue.data.gov.bc.ca/dataset/distribution-of-northern-fur-seals-coastal-resource-information-management-system-crims-,Modeled data showing the likely distribution of Northern fur seals. CRIMS is a legacy dataset of BC coastal resource data that was acquired in a systematic and synoptic manner from 1979 and was intermittently updated throughout the years. Resource information was collected in nine study areas using 
Distribution of Pacific White Sided Dolphins - CRIMS,GeoBC Branch,Open Government Licence - British Columbia,file,KML MULTIPLE WMS,2025-03-06,https://catalogue.data.gov.bc.ca/dataset/distribution-of-pacific-white-sided-dolphins-crims,Modeled data showing the likely distribution of pacific white sided dolphins. Coastal Resource Information Management System (CRIMS) is a legacy dataset of BC coastal resource data that was acquired in a systematic and synoptic manner from 1979 and was intermittently updated throughout the years. Re
Distribution of Sea Otters - Coastal Resource Information Management System (CRIMS),GeoBC Branch,Open Government Licence - British Columbia,file,KML MULTIPLE WMS,2025-03-06,https://catalogue.data.gov.bc.ca/dataset/distribution-of-sea-otters-coastal-resource-information-management-system-crims-,Modeled data showing the likely distribution of sea otters. CRIMS is a legacy dataset of BC coastal resource data that was acquired in a systematic and synoptic manner from 1979 and was intermittently updated throughout the years. Resource information was collected in nine study areas using a peer-r
Distribution of Steller Sealions - Coastal Resource Information Management System (CRIMS),GeoBC Branch,Open Government Licence - British Columbia,file,KML MULTIPLE WMS,2025-03-06,https://catalogue.data.gov.bc.ca/dataset/distribution-of-steller-sealions-coastal-resource-information-management-system-crims-,Modeled data showing the likely distribution of steller sealions. CRIMS is a legacy dataset of BC coastal resource data that was acquired in a systematic and synoptic manner from 1979 and was intermittently updated throughout the years. Resource information was collected in nine study areas using a 
Diving Ducks - Coastal Resource Information Management System (CRIMS),GeoBC Branch,Open Government Licence - British Columbia,file,KML MULTIPLE WMS,2026-08-30,https://catalogue.data.gov.bc.ca/dataset/diving-ducks-coastal-resource-information-management-system-crims,Distribution of diving duck species habitat in coastal British Columbia showing relative abundance (RA) by season and overall relative importance (RI). RI is based on project region and not on the province as a whole. CRIMS is a legacy dataset of BC coastal resource data that was acquired in a syste
Eelgrasses - Coastal Resource Information Management System (CRIMS),GeoBC Branch,Open Government Licence - British Columbia,file,KML MULTIPLE WMS,2025-03-16,https://catalogue.data.gov.bc.ca/dataset/eelgrasses-coastal-resource-information-management-system-crims,Distribution of eelgrasses in coastal British Columbia showing relative abundance (RA) and overall relative importance (RI). RI is based on project region and not on the province as a whole. CRIMS is a legacy dataset of BC coastal resource data that was acquired in a systematic and synoptic manner f
Emergency Social Services Facilities,GeoBC Branch,Open Government Licence - British Columbia,file,KML MULTIPLE WMS,2026-03-20,https://catalogue.data.gov.bc.ca/dataset/emergency-social-services-facilities,"During a declared emergency event, this dataset will include the facilities that provide Emergency Social Service assistance."
Evacuation Orders and Alerts,GeoBC Branch,Open Government Licence - British Columbia,file,ARCGIS_REST KML MULTIPLE WMS,2026-09-24,https://catalogue.data.gov.bc.ca/dataset/evacuation-orders-and-alerts,"During a declared emergency event, this file represents an aggregated dataset that shows all of the active Orders and Alerts in the Province as initiated by the Local Governments or First Nations. When an Order or Alert is rescinded, its status changes to All Clear. The polygon is removed from this "
Ferry Terminals,GeoBC Branch,Open Government Licence - British Columbia,file,KML MULTIPLE WMS,2025-07-23,https://catalogue.data.gov.bc.ca/dataset/ferry-terminals,Ferry Terminals is a point dataset identifying vehicle and passenger ferry terminals in British Columbia.
First Responders,GeoBC Branch,Open Government Licence - British Columbia,file,KML MULTIPLE WMS XLSX,2026-09-12,https://catalogue.data.gov.bc.ca/dataset/first-responders,"First Responders identifies the location of ambulance, fire, police and coast guard facilities in British Columbia."
Fish Holding Areas - Coastal Resource Information Management System (CRIMS),GeoBC Branch,Open Government Licence - British Columbia,file,KML MULTIPLE WMS,2025-05-11,https://catalogue.data.gov.bc.ca/dataset/fish-holding-areas-coastal-resource-information-management-system-crims,"Fish holding areas (i.e. areas of concentration of salmon and herring, both adult and juvenile) in coastal British Columbia. Attribute information includes overall relative importance, species of salmon and other fish observed at various times throughout the year as well as information on spawning a"
Food Banks,GeoBC Branch,Open Government Licence - British Columbia,file,KML MULTIPLE WMS,2025-03-07,https://catalogue.data.gov.bc.ca/dataset/food-banks,Food Banks is a point dataset identifying food banks in British Columbia.
Freshwater Atlas - Assessment Watersheds,GeoBC Branch,Open Government Licence - British Columbia,file,HTML KML MULTIPLE PDF WMS,2026-09-19,https://catalogue.data.gov.bc.ca/dataset/freshwater-atlas-assessment-watersheds,"Assessment Watersheds are mesoscale aquatic units designed to replace the 3rd order 1:50K watersheds. Assessment Watersheds are based on groupings of fundamental watersheds using FWA watershed code and local code, with a target size of between 2,000ha and 10,000ha."
Freshwater Atlas - Bays and Channels,GeoBC Branch,Open Government Licence - British Columbia,file,HTML KML MULTIPLE PDF WMS,2026-09-19,https://catalogue.data.gov.bc.ca/dataset/freshwater-atlas-bays-and-channels,Bay and Channel (fresh and marine) features and associated names
Freshwater Atlas - Coastlines,GeoBC Branch,Open Government Licence - British Columbia,file,HTML KML MULTIPLE PDF WMS,2026-09-19,https://catalogue.data.gov.bc.ca/dataset/freshwater-atlas-coastlines,"Linear coastlines of BC, including mainland and marine islands. Lines are directionalized and connected. Attributes include a hierarchical key and route identifier"
Freshwater Atlas - Glaciers,GeoBC Branch,Open Government Licence - British Columbia,file,HTML KML MULTIPLE PDF WMS,2026-09-19,https://catalogue.data.gov.bc.ca/dataset/freshwater-atlas-glaciers,"Glaciers and ice masses for the province, derived from aerial imagery flown in the late 1980s and early 1990s. Please refer to the [Glaciers](https://catalogue.data.gov.bc.ca/dataset/glaciers) dataset for recent glacier extents in British Columbia, and [Historical Glaciers](https://catalogue.data.go"
Freshwater Atlas - Islands,GeoBC Branch,Open Government Licence - British Columbia,file,HTML KML MULTIPLE PDF WMS,2026-09-19,https://catalogue.data.gov.bc.ca/dataset/freshwater-atlas-islands,"All island polygons. Islands may overlap as there are islands within islands (e.g., a lake on an island contains an island). GNIS_NAME_1 contains the most atomic name for the island. For example, there are 3797 ""Haida Gwaii"" islands. If the island has not been named as part of a more specific group "
Freshwater Atlas - Lakes,GeoBC Branch,Open Government Licence - British Columbia,file,HTML KML MULTIPLE PDF WMS,2026-09-19,https://catalogue.data.gov.bc.ca/dataset/freshwater-atlas-lakes,All lake polygons for the province
Freshwater Atlas - Linear Boundaries,GeoBC Branch,Open Government Licence - British Columbia,file,FGDB HTML KML MULTIPLE PDF WMS,2026-07-22,https://catalogue.data.gov.bc.ca/dataset/freshwater-atlas-linear-boundaries,"All bank edges (of rivers, lakes, and wetlands), delimiter edges, glacier edges, and administrative boundary edges. These are the linear features that makeup the polygonal waterbodies"
Freshwater Atlas - Manmade Waterbodies,GeoBC Branch,Open Government Licence - British Columbia,file,HTML KML MULTIPLE PDF WMS,2026-09-19,https://catalogue.data.gov.bc.ca/dataset/freshwater-atlas-manmade-waterbodies,"All manmade waterbodies, including reservoirs and canals, for the province"
Freshwater Atlas - Named Point Features,GeoBC Branch,Open Government Licence - British Columbia,file,HTML KML MULTIPLE PDF WMS,2026-09-19,https://catalogue.data.gov.bc.ca/dataset/freshwater-atlas-named-point-features,"Named point features (both fresh and marine) such as points of land, etc. Point names included as an attribute"
Freshwater Atlas - Named Watersheds,GeoBC Branch,Open Government Licence - British Columbia,file,HTML KML MULTIPLE PDF WMS,2026-09-19,https://catalogue.data.gov.bc.ca/dataset/freshwater-atlas-named-watersheds,All named watershed polygons
Freshwater Atlas - Obstructions,GeoBC Branch,Open Government Licence - British Columbia,file,HTML KML MULTIPLE PDF WMS,2026-09-19,https://catalogue.data.gov.bc.ca/dataset/freshwater-atlas-obstructions,"Water obstacles (rapids, falls, etc)"
Freshwater Atlas - Rivers,GeoBC Branch,Open Government Licence - British Columbia,file,HTML KML MULTIPLE PDF WMS,2026-09-19,https://catalogue.data.gov.bc.ca/dataset/freshwater-atlas-rivers,All double line river polygons for the province
Freshwater Atlas - Stream Directions,GeoBC Branch,Open Government Licence - British Columbia,file,HTML KML MULTIPLE PDF WMS,2026-07-22,https://catalogue.data.gov.bc.ca/dataset/freshwater-atlas-stream-directions,Points with rotations that indicate downstream flow direction. Can be displayed with arrow symbols to show flow direction. There is one point at the upstream end for each stream network feature
Freshwater Atlas - Stream Network,GeoBC Branch,Open Government Licence - British Columbia,file,FGDB HTML KML MULTIPLE PDF WMS,2026-07-22,https://catalogue.data.gov.bc.ca/dataset/freshwater-atlas-stream-network,"Flow network arcs (observed, inferred and constructed). Contains no banks, coast or watershed bourdary arcs. Directionalized and connected. Contains heirarchial key and route identifier"
Freshwater Atlas - Watershed Boundaries,GeoBC Branch,Open Government Licence - British Columbia,file,FGDB HTML KML MULTIPLE PDF WMS,2026-07-22,https://catalogue.data.gov.bc.ca/dataset/freshwater-atlas-watershed-boundaries,All principal and non-principal watershed boundary edges. These are the linear features that makeup the watershed polygons
Freshwater Atlas - Watershed Groups,GeoBC Branch,Open Government Licence - British Columbia,file,HTML KML MULTIPLE PDF WMS,2026-07-22,https://catalogue.data.gov.bc.ca/dataset/freshwater-atlas-watershed-groups,"Polygons delimiting the watershed group boundary, which is a collections of drainage areas. In-land groups will contain a single polygon, coastal groups may contain multiple polygons (one for each island)"
Freshwater Atlas - Watersheds,GeoBC Branch,Open Government Licence - British Columbia,file,FGDB HTML KML MULTIPLE PDF WMS,2026-07-22,https://catalogue.data.gov.bc.ca/dataset/freshwater-atlas-watersheds,"All fundamental watershed polygons generated from watershed boundary lines, bank edges, delimiter edges, coastline edges, and administrative boundary edges"
Freshwater Atlas - Wetlands,GeoBC Branch,Open Government Licence - British Columbia,file,HTML KML MULTIPLE PDF WMS,2026-07-22,https://catalogue.data.gov.bc.ca/dataset/freshwater-atlas-wetlands,All wetland polygons for the province
"Fulmars, Shearwaters and Petrels - Coastal Resource Information Management System (CRIMS)",GeoBC Branch,Open Government Licence - British Columbia,file,KML MULTIPLE WMS,2026-08-30,https://catalogue.data.gov.bc.ca/dataset/fulmars-shearwaters-and-petrels-coastal-resource-information-management-system-crims,"Distribution of fulmar, shearwater and petrel bird species habitat in coastal British Columbia showing relative abundance (RA) by season and overall relative importance (RI). RI is based on project region and not on the province as a whole. CRIMS is a legacy dataset of BC coastal resource data that "
Georgia Basin Ecosystem Initiative Boundary - Linework,GeoBC Branch,Open Government Licence - British Columbia,file,KML MULTIPLE WMS,2023-06-29,https://catalogue.data.gov.bc.ca/dataset/georgia-basin-ecosystem-initiative-boundary-linework,"The Georgia Basin Boundary dataset displays the extent of the Georgia Basin Ecosystem Initiative undertaken by the federal, provincial, and municipal governments. The objectives of the project are to support initiatives for clean air, clean water, habitat and species protection, and improved environ"
Georgia Basin Ecosystem Initiative Boundary - Polygon,GeoBC Branch,Open Government Licence - British Columbia,file,KML MULTIPLE WMS,2023-06-29,https://catalogue.data.gov.bc.ca/dataset/georgia-basin-ecosystem-initiative-boundary-polygon,"The Georgia Basin Boundary dataset displays the extent of the Georgia Basin Ecosystem Initiative undertaken by the federal, provincial, and municipal governments. The objectives of the project are to support initiatives for clean air, clean water, habitat and species protection, and improved environ"
Golf Courses,GeoBC Branch,Open Government Licence - British Columbia,file,KML MULTIPLE WMS,2026-07-08,https://catalogue.data.gov.bc.ca/dataset/golf-courses,Golf Courses is a point dataset identifying the location of golf courses in British Columbia.
Great Blue Herons - Coastal Resource Information Management System (CRIMS),GeoBC Branch,Open Government Licence - British Columbia,file,KML MULTIPLE WMS,2026-08-30,https://catalogue.data.gov.bc.ca/dataset/great-blue-herons-coastal-resource-information-management-system-crims,Distribution of Great Blue Heron habitat in coastal British Columbia showing relative abundance (RA) by season and overall relative importance (RI). RI is based on project region and not on the province as a whole. CRIMS is a legacy dataset of BC coastal resource data that was acquired in a systemat
Harbour Seal Haulouts - Coastal Resource Information Management System (CRIMS),GeoBC Branch,Open Government Licence - British Columbia,file,KML MULTIPLE WMS,2025-03-06,https://catalogue.data.gov.bc.ca/dataset/harbour-seal-haulouts-coastal-resource-information-management-system-crims-,Location of Harbour Seal haulout locations in coastal BC waters. CRIMS is a legacy dataset of BC coastal resource data that was acquired in a systematic and synoptic manner from 1979 and was intermittently updated throughout the years. Resource information was collected in nine study areas using a p
Herring Spawn - Coastal Resource Information Management System (CRIMS),GeoBC Branch,Open Government Licence - British Columbia,file,KML MULTIPLE WMS,2025-05-11,https://catalogue.data.gov.bc.ca/dataset/herring-spawn-coastal-resource-information-management-system-crims,"Coastline segments indicating herring spawing sites along the coastline of British Columbia. Attribute information includes relative importance, spawing frequency and spawn index. CRIMS is a legacy dataset of BC coastal resource data that was acquired in a systematic and synoptic manner from 1979 an"
Historical Orders and Alerts,GeoBC Branch,Open Government Licence - British Columbia,file,KML MULTIPLE WMS,2026-09-24,https://catalogue.data.gov.bc.ca/dataset/historical-orders-and-alerts,"This file represents an aggregated dataset that shows previously active Orders and Alerts in the Province as initiated by Local Governments or First Nations. Start dates, re-installment dates and All Clear Dates for each Evacuation Order and Alert are included in this multipart polygon dataset. The "
Indian Reserves - Administrative Boundaries,GeoBC Branch,Open Government Licence - Canada,file,KML MULTIPLE WMS,2026-09-24,https://catalogue.data.gov.bc.ca/dataset/indian-reserves-administrative-boundaries,"Provide the administrative boundaries (extent) of Canada Lands which includes Indian Reserves. Administrative boundaries were compiled from Legal Surveys Division's cadastral datasets and survey records archived in the Canada Lands Survey Records. See the Natural Resource Canada's GeoGratis website,"
Indian Reserves and Band Names - Administrative Boundaries,GeoBC Branch,Open Government Licence - Canada,file,KML MULTIPLE WMS,2026-09-24,https://catalogue.data.gov.bc.ca/dataset/indian-reserves-and-band-names-administrative-boundaries,"Provide the administrative boundaries (extent) of Canada Lands which includes Indian Reserves. Administrative boundaries were compiled from Legal Surveys Division's cadastral datasets and survey records archived in the Canada Lands Survey Records. See the Natural Resource Canada's GeoGratis website,"
Kelp Beds - Coastal Resource Information Management System (CRIMS),GeoBC Branch,Open Government Licence - British Columbia,file,KML MULTIPLE WMS,2025-03-16,https://catalogue.data.gov.bc.ca/dataset/kelp-beds-coastal-resource-information-management-system-crims,"Distribution of kelp beds in coastal British Columbia. Attribute information includes relative abundance, species, biomass and density of the beds. CRIMS is a legacy dataset of BC coastal resource data that was acquired in a systematic and synoptic manner from 1979 and was intermittently updated thr"
Landsat Image Catalogue Acquisition Dates Spatial View (SII),GeoBC Branch,Open Government Licence - British Columbia,file,KML MULTIPLE WMS,2023-11-01,https://catalogue.data.gov.bc.ca/dataset/landsat-image-catalogue-acquisition-dates-spatial-view-sii,Polygons containing the date of capture of the Landsat images used to create the first version of the Baseline Thematic Mapping v1 (BTM1). This spatial view is only meaningful in conjunction with the satellite images or the BTM data derived from the satellite images. The images were captured from 19
Local Government Offices,GeoBC Branch,Open Government Licence - British Columbia,file,KML MULTIPLE WMS,2026-06-05,https://catalogue.data.gov.bc.ca/dataset/local-government-offices,Local Government Offices is a point dataset identifying local government offices in British Columbia. 
Local and Regional Greenspaces,GeoBC Branch,Open Government Licence - British Columbia,file,KML MULTIPLE WMS XLSX,2026-06-03,https://catalogue.data.gov.bc.ca/dataset/local-and-regional-greenspaces,"This dataset contains spatial and attribute information for local and regional greenspaces in British Columbia. Local and regional greenspaces are municipal or regional district lands designated by local government agencies and managed for public enjoyment, ecosystem or wildlife values. Spatial boun"
Loons and Grebes - Coastal Resource Information Management System (CRIMS),GeoBC Branch,Open Government Licence - British Columbia,file,KML MULTIPLE WMS,2026-08-30,https://catalogue.data.gov.bc.ca/dataset/loons-and-grebes-coastal-resource-information-management-system-crims,Distribution of loon and grebe bird species habitat in coastal British Columbia showing relative abundance (RA) by season and overall relative importance (RI). RI is based on project region and not on the province as a whole. CRIMS is a legacy dataset of BC coastal resource data that was acquired in
MASCOT Geodetic Control Monuments,GeoBC Branch,Open Government Licence - British Columbia,file,KML MULTIPLE WMS,2026-09-24,https://catalogue.data.gov.bc.ca/dataset/mascot-geodetic-control-monuments,"Mascot geodetic control monuments for BC. Geodetic Control Monuments are a network of interconnected markers in the ground which have accurately determined coordinates, and/or elevations. They are fixed points on which to spatially reference surveys, mapping, aerial and satellite imaging, etc"
Marbled Murrelets - Coastal Resource Information Management System (CRIMS),GeoBC Branch,Open Government Licence - British Columbia,file,KML MULTIPLE WMS,2026-08-30,https://catalogue.data.gov.bc.ca/dataset/marbled-murrelets-coastal-resource-information-management-system-crims,Distribution of Marbeled Murrelet habitat in coastal British Columbia showing relative abundance (RA) by season and overall relative importance (RI). RI is based on project region and not on the province as a whole. CRIMS is a legacy dataset of BC coastal resource data that was acquired in a systema
Marine Ecosections - Coastal Resource Information Management System (CRIMS),GeoBC Branch,Open Government Licence - British Columbia,file,KML MULTIPLE WMS,2025-12-21,https://catalogue.data.gov.bc.ca/dataset/marine-ecosections-coastal-resource-information-management-system-crims,Marine Ecosection classification for coastal and offshore British Columbia. The Marine Ecosections are: Johnstone Strait; Continental Slope; Dixon Entrance; Hecate Strait; Queen Charlotte Strait; Juan de Fuca Strait; North Coast Fjords; Queen Charlotte Sound; Strait of Georgia; Subarctic Pacific; Tr
NGO Conservation Areas - Fee Simple,GeoBC Branch,Open Data Commons - Public Domain Dedication and Licence,file,KML MULTIPLE PDF WMS,2026-09-24,https://catalogue.data.gov.bc.ca/dataset/ngo-conservation-areas-fee-simple,The __NGO Conservation Areas - Fee Simple__ dataset contains spatial and attribute information for non-governmental organization (NGO) conservation areas in BC. Fee simple NGO conservation areas are private conservation lands owned by non-government organizations and managed for wildlife habitat con
"NTS 250K Grid - Digital Baseline Mapping at 1:250,000 (NTS)",GeoBC Branch,Open Government Licence - British Columbia,file,KML MULTIPLE WMS,2023-06-29,https://catalogue.data.gov.bc.ca/dataset/nts-250k-grid-digital-baseline-mapping-at-1-250-000-nts,"Index Grid for NTS 1:250,000 scale maps"
"NTS 50K Grid  Digital Baseline Mapping at 1:50,000 (NTS)",GeoBC Branch,Open Government Licence - Canada,file,KML MULTIPLE WMS,2023-06-29,https://catalogue.data.gov.bc.ca/dataset/nts-50k-grid-digital-baseline-mapping-at-1-50-000-nts,"Index Grid for NTS 1:50,000 scale maps"
"NTS BC Coastline Polygons 1:250,000 - Digital Baseline Mapping (NTS)",GeoBC Branch,Open Government Licence - Canada,file,KML MULTIPLE WMS,2023-06-29,https://catalogue.data.gov.bc.ca/dataset/nts-bc-coastline-polygons-1-250-000-digital-baseline-mapping-nts,SDE layer containing coastlines.
Offshore Oil and Gas Exploration Potential,GeoBC Branch,Open Government Licence - British Columbia,file,KML MULTIPLE WMS,2025-03-06,https://catalogue.data.gov.bc.ca/dataset/offshore-oil-and-gas-exploration-potential,Offshore Oil and Gias exporation Potential
Pelagic Marine Ecounits - Coastal Resource Information Management System (CRIMS),GeoBC Branch,Open Government Licence - British Columbia,file,KML MULTIPLE WMS,2025-12-21,https://catalogue.data.gov.bc.ca/dataset/pelagic-marine-ecounits-coastal-resource-information-management-system-crims,Pelagic Marine Ecounits are intended to describe the sea surface and water column. Two variables were selected to derive pelagic ecounits:1. Salinity and 2. Stratification. The British Columbia Marine Ecological Classification (BCMEC) is a hierarchical classification that delineates Provincial marin
Physiographic Areas,GeoBC Branch,Open Government Licence - British Columbia,file,KML MULTIPLE WMS,2023-06-29,https://catalogue.data.gov.bc.ca/dataset/physiographic-areas,"This is a polygon feature class representing large, named, physiographic features (areas) in the province, e.g., mountains, mountain ranges, ridges, plateaus, hills, and valleys."
Province of British Columbia - Boundary Terrestrial,GeoBC Branch,Open Government Licence - British Columbia,file,FGDB ZIP,2023-09-20,https://catalogue.data.gov.bc.ca/dataset/province-of-british-columbia-boundary-terrestrial,"This dataset consists of polyline, single part, and multi part polygons representing the Province of British Columbia. The terrestrial portion of the boundary was derived from the Administrative Boundaries Management System (ABMS) representation of the province: [Province of British Columbia - Legal"
Railway Crossing Point,GeoBC Branch,Open Government Licence - Canada,file,KML MULTIPLE WMS XLSX,2025-05-10,https://catalogue.data.gov.bc.ca/dataset/railway-crossing-point,This layer contains railway crossings within BC from GeoBase's National Railway Network (NRWN) dataset.
Railway Junction Point,GeoBC Branch,Open Government Licence - Canada,file,KML MULTIPLE WMS XLSX,2025-05-10,https://catalogue.data.gov.bc.ca/dataset/railway-junction-point,This layer contains railway junctions within BC from GeoBase's National Railway Network (NRWN) dataset.
Railway Markerpost Point,GeoBC Branch,Open Government Licence - Canada,file,KML MULTIPLE WMS XLSX,2025-05-10,https://catalogue.data.gov.bc.ca/dataset/railway-markerpost-point,This layer contains railway markerposts within BC from GeoBase's National Railway Network (NRWN) dataset.
Railway Station Point,GeoBC Branch,Open Government Licence - Canada,file,KML MULTIPLE WMS XLSX,2025-05-10,https://catalogue.data.gov.bc.ca/dataset/railway-station-point,This layer contains railway stations within BC from GeoBase's National Railway Network (NRWN) dataset.
Railway Structure Line,GeoBC Branch,Open Government Licence - Canada,file,KML MULTIPLE WMS XLSX,2025-05-10,https://catalogue.data.gov.bc.ca/dataset/railway-structure-line,"This layer contains linear railway structures within BC from the National Railway Network (NRWN) dataset. A linear structure is a geometric representation of a manmade structure built to support or protect a Track. The structure may be built at, above, or below grade level. All attributes relating t"
Railway Structure Point,GeoBC Branch,Open Government Licence - Canada,file,KML MULTIPLE WMS XLSX,2025-05-10,https://catalogue.data.gov.bc.ca/dataset/railway-structure-point,This layer contains point railway structures within BC from GeoBase's National Railway Network (NRWN) dataset.
Railway Track Line,GeoBC Branch,Open Government Licence - Canada,file,KML MULTIPLE WMS XLSX,2025-05-10,https://catalogue.data.gov.bc.ca/dataset/railway-track-line,This layer contains railway tracks within BC from GeoBase's National Railway Network (NRWN) dataset.
Sealion Rafting Areas - Coastal Resource Information Management System (CRIMS),GeoBC Branch,Open Government Licence - British Columbia,file,KML MULTIPLE WMS,2025-03-06,https://catalogue.data.gov.bc.ca/dataset/sealion-rafting-areas-coastal-resource-information-management-system-crims-,Sealion rafting areas. CRIMS is a legacy dataset of BC coastal resource data that was acquired in a systematic and synoptic manner from 1979 and was intermittently updated throughout the years. Resource information was collected in nine study areas using a peer-reviewed provincial Resource Informati
Shore Unit Classifications - Line,GeoBC Branch,Open Government Licence - British Columbia,file,HTML KML MULTIPLE PDF WMS,2026-09-24,https://catalogue.data.gov.bc.ca/dataset/shore-unit-classifications-line,"The Shore Unit Classifications Lines depict the most current Shorezone mapping lines for the Province of British Columbia. Shorezone is an aerial imaging, habitat classification, and mapping system used to inventory alongshore and across-shore geomorphological and biological attributes of the coast."
Shore Unit Classifications - Polygon,GeoBC Branch,Open Government Licence - British Columbia,file,HTML KML MULTIPLE PDF WMS,2026-09-24,https://catalogue.data.gov.bc.ca/dataset/shore-unit-classifications-polygon,"The Shore Unit Classifications Polygons depict the most current areas of Shorezone mapping for the Province of British Columbia. Shorezone is an aerial imaging, habitat classification, and mapping system used to inventory alongshore and across-shore geomorphological and biological attributes of the "
Shorezone Biobanding Lines,GeoBC Branch,Open Government Licence - British Columbia,file,HTML KML MULTIPLE PDF WMS,2026-09-24,https://catalogue.data.gov.bc.ca/dataset/shorezone-biobanding-lines,"The Shorezone Biobanding Lines are a linear representation of the various types of biota (flora and fauna) and their distribution, or lack thereof, found in the shoreunit."
Shorezone Biobanding Polygons,GeoBC Branch,Open Government Licence - British Columbia,file,HTML KML MULTIPLE PDF WMS,2026-09-24,https://catalogue.data.gov.bc.ca/dataset/shorezone-biobanding-polygons,"The Shorezone Biobanding Polygons are an area representation of the various types of biota (flora and fauna) and their distribution, or lack thereof, found in the shoreunit."
Shorezone Observed Habitat Lines,GeoBC Branch,Open Government Licence - British Columbia,file,HTML KML MULTIPLE PDF WMS,2026-09-24,https://catalogue.data.gov.bc.ca/dataset/shorezone-observed-habitat-lines,"The Observed Habitat Lines show the various types of particular habitat that have been observed or calculated by biologists as well as an expectation of different species found in the habitats. Each bioarea has several observed habitats, and it is the combination of the bioarea and habitat observed "
Shorezone Observed Habitat Polygons,GeoBC Branch,Open Government Licence - British Columbia,file,ARCGIS_REST HTML KML MULTIPLE PDF WMS,2026-09-24,https://catalogue.data.gov.bc.ca/dataset/shorezone-observed-habitat-polygons,"The Observed Habitat Polygons show the various types of particular habitat that have been observed or calculated by biologists as well as an expectation of different species found in the habitats. Each bioarea has several observed habitats, and it is the combination of the bioarea and habitat observ"
Shorezone Shoreunit Break Points,GeoBC Branch,Open Government Licence - British Columbia,file,KML MULTIPLE WMS,2023-06-29,https://catalogue.data.gov.bc.ca/dataset/shorezone-shoreunit-break-points,A layer of points which delinate a change in shoreline type
Ski Resorts,GeoBC Branch,Open Government Licence - British Columbia,file,KML MULTIPLE WMS,2025-04-02,https://catalogue.data.gov.bc.ca/dataset/ski-resorts,Ski Resorts is a point dataset identifying the location of ski resorts in British Columbia.
UTM Zones of British Columbia,GeoBC Branch,Open Government Licence - British Columbia,file,KML MULTIPLE WMS,2023-06-29,https://catalogue.data.gov.bc.ca/dataset/utm-zones-of-british-columbia,"Portions of Universal Transverse Mercator Zones 7 - 12 which cover British Columbia, Northern Hemisphere only, formed into polygons, in BC Albers projection"
Video Flightline Points,GeoBC Branch,Open Government Licence - British Columbia,file,HTML KML MULTIPLE PDF WMS,2023-06-29,https://catalogue.data.gov.bc.ca/dataset/video-flightline-points,VIDEO FLIGHT POINTS are a specific GPS spatial point recorded during the video taping of the shoreline. They are represented by a specific latitude and longitude taken at a specific date and time. They are associated with a specific VIDEO SEGMENT and link to online Youtube video of the recorded flig
Waterfowl Unspecified - Coastal Resource Information Management System (CRIMS),GeoBC Branch,Open Government Licence - British Columbia,file,KML MULTIPLE WMS,2026-08-30,https://catalogue.data.gov.bc.ca/dataset/waterfowl-unspecified-coastal-resource-information-management-system-crims,The distribution of unspecified waterfowl habitat in coastal British Columbia showing relative abundance (RA) by season and overall relative importance (RI). RI is based on project region and not on the province as a whole. CRIMS is a legacy dataset of BC coastal resource data that was acquired in a
shíshálh Nation - Legally Defined Administrative Areas of BC,GeoBC Branch,Open Government Licence - British Columbia,file,KML MULTIPLE WMS,2026-08-07,https://catalogue.data.gov.bc.ca/dataset/sh-sh-lh-nation-legally-defined-administrative-areas-of-bc,"The __shíshálh Nation__ contains legally defined areas of land within the Province of British Columbia over which the shíshálh Nation exercises self-government, including the administration of resources and services available to its members, as described in the shíshálh Nation Self-Government Act of"
Northeast BC VRI Old Forest [BCOGC-182627],GeoBC – Geospatial Services,BC Energy Regulator Open Data License,file,FGDB PDF,2026-02-20,https://catalogue.data.gov.bc.ca/dataset/northeast-bc-vri-old-forest-bcogc-182627-,The Northeast BC VRI Old Forest (NEBC_VRI_OLD_FOREST_PY) is a value-added product derived from the 2023 vintage of the annually updated Forest Vegetation Composite Polygons and Rank1 Layer (VRI) that represents forest stands 140 years and older. This data was originally published in the [BC Energy R
Electoral Areas - Legally Defined Administrative Areas of BC,Governance and Structure,Open Government Licence - British Columbia,file,KML MULTIPLE WMS XLSX,2026-08-05,https://catalogue.data.gov.bc.ca/dataset/electoral-areas-legally-defined-administrative-areas-of-bc,"Legally defined __Electoral Area__ polygons were drawn from metes and bounds descriptions as written in Letters Patent for Regional District Electoral Areas in the province of British Columbia. In the event of a discrepancy in the data, the metes and bounds description will prevail. Although the bou"
Islands Trust - Legally Defined Administrative Areas of BC,Governance and Structure,Open Government Licence - British Columbia,file,KML MULTIPLE WMS XLSX,2026-06-28,https://catalogue.data.gov.bc.ca/dataset/islands-trust-legally-defined-administrative-areas-of-bc,A legally defined __Islands Trust__ polygon was drawn from metes and bounds descriptions as written in Letters Patent for the Islands Trust in the province of British Columbia. A polygon dataset that includes all of the administrative areas currently in the __Administrative Boundaries Management Sys
Local Trust Areas - Legally Defined Administrative Areas of BC,Governance and Structure,Open Government Licence - British Columbia,file,KML MULTIPLE WMS XLSX,2026-07-01,https://catalogue.data.gov.bc.ca/dataset/local-trust-areas-legally-defined-administrative-areas-of-bc,Legally defined __Local Trust Area__ polygons were drawn from metes and bounds descriptions as written in Letters Patent for the Local Trust Areas in the province of British Columbia. A polygon dataset that includes all of the administrative areas currently in the __Administrative Boundaries Managem
Municipalities - Legally Defined Administrative Areas of BC,Governance and Structure,Open Government Licence - British Columbia,file,KML MULTIPLE WMS XLSX,2026-08-05,https://catalogue.data.gov.bc.ca/dataset/municipalities-legally-defined-administrative-areas-of-bc,"Legally defined __Municipal__ polygons were drawn from metes and bounds descriptions as written in Letters Patent for Municipalities in the province of British Columbia. In the event of a discrepancy in the data, the metes and bounds description will prevail. Although the boundaries were drawn based"
Regional Districts - Legally Defined Administrative Areas of BC,Governance and Structure,Open Government Licence - British Columbia,file,KML MULTIPLE WMS XLSX,2026-08-05,https://catalogue.data.gov.bc.ca/dataset/regional-districts-legally-defined-administrative-areas-of-bc,"Legally defined __Regional District__ polygons were drawn from metes and bounds descriptions as written in Letters Patent for Regional Districts in the province of British Columbia. In the event of a discrepancy in the data, the metes and bounds description will prevail. Although the boundaries were"
Voting Strength for Regional Districts 2008 - Alberni-Clayquot,Governance and Structure,Open Government Licence - British Columbia,file,XLS,2022-04-06,https://catalogue.data.gov.bc.ca/dataset/voting-strength-for-regional-districts-2008-alberni-clayquot,"Populations certified by the Minister of Community and Rural Development under section 783(3) of the Local Government Act, effective December 1, 2007. These population figures are only to be used to determine voting strength and Director representation. Population includes people residing on Indian "
Voting Strength for Regional Districts 2008 - Bulkley-Nechako,Governance and Structure,Open Government Licence - British Columbia,file,XLS,2022-04-06,https://catalogue.data.gov.bc.ca/dataset/voting-strength-for-regional-districts-2008-bulkley-nechako,"Populations certified by the Minister of Community and Rural Development under section 783(3) of the Local Government Act, effective December 1, 2007. These population figures are only to be used to determine voting strength and Director representation. Population includes people residing on Indian "
Voting Strength for Regional Districts 2008 - Capital,Governance and Structure,Open Government Licence - British Columbia,file,XLS,2022-04-06,https://catalogue.data.gov.bc.ca/dataset/voting-strength-for-regional-districts-2008-capital,"Populations certified by the Minister of Community and Rural Development under section 783(3) of the Local Government Act, effective December 1, 2007. These population figures are only to be used to determine voting strength and Director representation. Population includes people residing on Indian "
Voting Strength for Regional Districts 2008 - Cariboo,Governance and Structure,Open Government Licence - British Columbia,file,XLS,2022-04-06,https://catalogue.data.gov.bc.ca/dataset/voting-strength-for-regional-districts-2008-cariboo,"Populations certified by the Minister of Community and Rural Development under section 783(3) of the Local Government Act, effective December 1, 2007. These population figures are only to be used to determine voting strength and Director representation. Population includes people residing on Indian "
Voting Strength for Regional Districts 2008 - Central Coast,Governance and Structure,Open Government Licence - British Columbia,file,XLS,2022-04-06,https://catalogue.data.gov.bc.ca/dataset/voting-strength-for-regional-districts-2008-central-coast,"Populations certified by the Minister of Community and Rural Development under section 783(3) of the Local Government Act, effective December 1, 2007. These population figures are only to be used to determine voting strength and Director representation. Population includes people residing on Indian "
Voting Strength for Regional Districts 2008 - Central Kootenay,Governance and Structure,Open Government Licence - British Columbia,file,XLS,2022-04-06,https://catalogue.data.gov.bc.ca/dataset/voting-strength-for-regional-districts-2008-central-kootenay,"Populations certified by the Minister of Community and Rural Development under section 783(3) of the Local Government Act, effective December 1, 2007. These population figures are only to be used to determine voting strength and Director representation. Population includes people residing on Indian "
Voting Strength for Regional Districts 2008 - Central Okanagan,Governance and Structure,Open Government Licence - British Columbia,file,XLS,2022-04-06,https://catalogue.data.gov.bc.ca/dataset/voting-strength-for-regional-districts-2008-central-okanagan,"Populations certified by the Minister of Community and Rural Development under section 783(3) of the Local Government Act, effective December 1, 2007. These population figures are only to be used to determine voting strength and Director representation. Population includes people residing on Indian "
Voting Strength for Regional Districts 2008 - Columbia Shuswap,Governance and Structure,Open Government Licence - British Columbia,file,XLS,2022-04-06,https://catalogue.data.gov.bc.ca/dataset/voting-strength-for-regional-districts-2008-columbia-shuswap,"Populations certified by the Minister of Community and Rural Development under section 783(3) of the Local Government Act, effective December 1, 2007. These population figures are only to be used to determine voting strength and Director representation. Population includes people residing on Indian "
Voting Strength for Regional Districts 2008 - Comox Valley,Governance and Structure,Open Government Licence - British Columbia,file,XLS,2022-04-06,https://catalogue.data.gov.bc.ca/dataset/voting-strength-for-regional-districts-2008-comox-valley,"Populations certified by the Minister of Community and Rural Development under section 783(3) of the Local Government Act, effective December 1, 2007. These population figures are only to be used to determine voting strength and Director representation. Population includes people residing on Indian "
Voting Strength for Regional Districts 2008 - Cowichan Valley,Governance and Structure,Open Government Licence - British Columbia,file,XLS,2022-04-06,https://catalogue.data.gov.bc.ca/dataset/voting-strength-for-regional-districts-2008-cowichan-valley,"Populations certified by the Minister of Community and Rural Development under section 783(3) of the Local Government Act, effective December 1, 2007. These population figures are only to be used to determine voting strength and Director representation. Population includes people residing on Indian "
Voting Strength for Regional Districts 2008 - East Kootenay,Governance and Structure,Open Government Licence - British Columbia,file,XLS,2022-04-06,https://catalogue.data.gov.bc.ca/dataset/voting-strength-for-regional-districts-2008-east-kootenay,"Populations certified by the Minister of Community and Rural Development under section 783(3) of the Local Government Act, effective December 1, 2007. These population figures are only to be used to determine voting strength and Director representation. Population includes people residing on Indian "
Voting Strength for Regional Districts 2008 - Fraser Valley,Governance and Structure,Open Government Licence - British Columbia,file,XLS,2022-04-06,https://catalogue.data.gov.bc.ca/dataset/voting-strength-for-regional-districts-2008-fraser-valley,"Populations certified by the Minister of Community and Rural Development under section 783(3) of the Local Government Act, effective December 1, 2007. These population figures are only to be used to determine voting strength and Director representation. Population includes people residing on Indian "
Voting Strength for Regional Districts 2008 - Fraser-Fort George,Governance and Structure,Open Government Licence - British Columbia,file,XLS,2022-04-06,https://catalogue.data.gov.bc.ca/dataset/voting-strength-for-regional-districts-2008-fraser-fort-george,"Populations certified by the Minister of Community and Rural Development under section 783(3) of the Local Government Act, effective December 1, 2007. These population figures are only to be used to determine voting strength and Director representation. Population includes people residing on Indian "
Voting Strength for Regional Districts 2008 - Greater Vancouver,Governance and Structure,Open Government Licence - British Columbia,file,XLS,2022-04-06,https://catalogue.data.gov.bc.ca/dataset/voting-strength-for-regional-districts-2008-greater-vancouver,"Populations certified by the Minister of Community and Rural Development under section 783(3) of the Local Government Act, effective December 1, 2007. These population figures are only to be used to determine voting strength and Director representation. Population includes people residing on Indian "
Voting Strength for Regional Districts 2008 - Kitimat-Stikine,Governance and Structure,Open Government Licence - British Columbia,file,XLS,2022-04-06,https://catalogue.data.gov.bc.ca/dataset/voting-strength-for-regional-districts-2008-kitimat-stikine,"Populations certified by the Minister of Community and Rural Development under section 783(3) of the Local Government Act, effective December 1, 2007. These population figures are only to be used to determine voting strength and Director representation. Population includes people residing on Indian "
Voting Strength for Regional Districts 2008 - Kootenay Boundary,Governance and Structure,Open Government Licence - British Columbia,file,XLS,2022-04-06,https://catalogue.data.gov.bc.ca/dataset/voting-strength-for-regional-districts-2008-kootenay-boundary,"Populations certified by the Minister of Community and Rural Development under section 783(3) of the Local Government Act, effective December 1, 2007. These population figures are only to be used to determine voting strength and Director representation. Population includes people residing on Indian "
Voting Strength for Regional Districts 2008 - Mount Waddington,Governance and Structure,Open Government Licence - British Columbia,file,XLS,2022-04-06,https://catalogue.data.gov.bc.ca/dataset/voting-strength-for-regional-districts-2008-mount-waddington,"Populations certified by the Minister of Community and Rural Development under section 783(3) of the Local Government Act, effective December 1, 2007. These population figures are only to be used to determine voting strength and Director representation. Population includes people residing on Indian "
Voting Strength for Regional Districts 2008 - Nanaimo,Governance and Structure,Open Government Licence - British Columbia,file,XLS,2022-04-06,https://catalogue.data.gov.bc.ca/dataset/voting-strength-for-regional-districts-2008-nanaimo,"Populations certified by the Minister of Community and Rural Development under section 783(3) of the Local Government Act, effective December 1, 2007. These population figures are only to be used to determine voting strength and Director representation. Population includes people residing on Indian "
Voting Strength for Regional Districts 2008 - North Okanagan,Governance and Structure,Open Government Licence - British Columbia,file,XLS,2022-04-06,https://catalogue.data.gov.bc.ca/dataset/voting-strength-for-regional-districts-2008-north-okanagan,"Populations certified by the Minister of Community and Rural Development under section 783(3) of the Local Government Act, effective December 1, 2007. These population figures are only to be used to determine voting strength and Director representation. Population includes people residing on Indian "
Voting Strength for Regional Districts 2008 - Northern Rockies,Governance and Structure,Open Government Licence - British Columbia,file,XLS,2022-04-06,https://catalogue.data.gov.bc.ca/dataset/voting-strength-for-regional-districts-2008-northern-rockies,"Populations certified by the Minister of Community and Rural Development under section 783(3) of the Local Government Act, effective December 1, 2007. These population figures are only to be used to determine voting strength and Director representation. Population includes people residing on Indian "
Voting Strength for Regional Districts 2008 - Okanagan-Similkameen,Governance and Structure,Open Government Licence - British Columbia,file,XLS,2022-04-06,https://catalogue.data.gov.bc.ca/dataset/voting-strength-for-regional-districts-2008-okanagan-similkameen,"Populations certified by the Minister of Community and Rural Development under section 783(3) of the Local Government Act, effective December 1, 2007. These population figures are only to be used to determine voting strength and Director representation. Population includes people residing on Indian "
Voting Strength for Regional Districts 2008 - Peace River,Governance and Structure,Open Government Licence - British Columbia,file,XLS,2022-04-06,https://catalogue.data.gov.bc.ca/dataset/voting-strength-for-regional-districts-2008-peace-river,"Populations certified by the Minister of Community and Rural Development under section 783(3) of the Local Government Act, effective December 1, 2007. These population figures are only to be used to determine voting strength and Director representation. Population includes people residing on Indian "
Voting Strength for Regional Districts 2008 - Powell River,Governance and Structure,Open Government Licence - British Columbia,file,XLS,2022-04-06,https://catalogue.data.gov.bc.ca/dataset/voting-strength-for-regional-districts-2008-powell-river,"Populations certified by the Minister of Community and Rural Development under section 783(3) of the Local Government Act, effective December 1, 2007. These population figures are only to be used to determine voting strength and Director representation. Population includes people residing on Indian "
Voting Strength for Regional Districts 2008 - Skeena-Queen Charlotte,Governance and Structure,Open Government Licence - British Columbia,file,XLS,2022-04-06,https://catalogue.data.gov.bc.ca/dataset/voting-strength-for-regional-districts-2008-skeena-queen-charlotte,"Populations certified by the Minister of Community and Rural Development under section 783(3) of the Local Government Act, effective December 1, 2007. These population figures are only to be used to determine voting strength and Director representation. Population includes people residing on Indian "
Voting Strength for Regional Districts 2008 - Squamish-Lillooet,Governance and Structure,Open Government Licence - British Columbia,file,XLS,2022-04-06,https://catalogue.data.gov.bc.ca/dataset/voting-strength-for-regional-districts-2008-squamish-lillooet,"Populations certified by the Minister of Community and Rural Development under section 783(3) of the Local Government Act, effective December 1, 2007. These population figures are only to be used to determine voting strength and Director representation. Population includes people residing on Indian "
Voting Strength for Regional Districts 2008 - Strathcona,Governance and Structure,Open Government Licence - British Columbia,file,XLS,2022-04-06,https://catalogue.data.gov.bc.ca/dataset/voting-strength-for-regional-districts-2008-strathcona,"Populations certified by the Minister of Community and Rural Development under section 783(3) of the Local Government Act, effective December 1, 2007. These population figures are only to be used to determine voting strength and Director representation. Population includes people residing on Indian "
Voting Strength for Regional Districts 2008 - Sunshine Coast,Governance and Structure,Open Government Licence - British Columbia,file,XLS,2022-04-06,https://catalogue.data.gov.bc.ca/dataset/voting-strength-for-regional-districts-2008-sunshine-coast,"Populations certified by the Minister of Community and Rural Development under section 783(3) of the Local Government Act, effective December 1, 2007. These population figures are only to be used to determine voting strength and Director representation. Population includes people residing on Indian "
Voting Strength for Regional Districts 2008 - Thompson-Nicola,Governance and Structure,Open Government Licence - British Columbia,file,XLS,2022-04-06,https://catalogue.data.gov.bc.ca/dataset/voting-strength-for-regional-districts-2008-thompson-nicola,"Populations certified by the Minister of Community and Rural Development under section 783(3) of the Local Government Act, effective December 1, 2007. These population figures are only to be used to determine voting strength and Director representation. Population includes people residing on Indian "
BC Surgical Wait Times,Health Sector Information Analysis and Reporting,Open Government Licence - British Columbia,file,XLSX,2026-08-12,https://catalogue.data.gov.bc.ca/dataset/bc-surgical-wait-times,B.C. surgical wait times for elective surgical procedures in British Columbia for patients of all ages. This data includes scheduled inpatient and day surgery cases. This data does not include unscheduled surgical cases. The catalogue provides data from fiscal year 2009/10 to current. Three files ar
Emergency Rooms in BC,HealthLinkBC,Open Government Licence - British Columbia,file,CSV KML MULTIPLE PDF TXT WMS,2026-09-24,https://catalogue.data.gov.bc.ca/dataset/emergency-rooms-in-bc,"Hospitals and other health care facilities in BC that provide 24-hour diagnostic and treatment services for people who have acute, life-threatening injuries or severe illnesses. Definition is protected by Copyright by Information and Referral Federal of Los Angeles County, Inc (https://211taxonomy.o"
Hospitals in BC,HealthLinkBC,Open Government Licence - British Columbia,file,CSV KML MULTIPLE PDF TXT WMS,2026-09-01,https://catalogue.data.gov.bc.ca/dataset/hospitals-in-bc,"Medical institutions in BC that provide diagnostic and treatment services for people whose illnesses or injuries require that they occupy a bed for at least one night. Hospitals can be distinguished by the level of care they offer (general acute, subacute, extended acute care) and the medical condit"
Immunization Services in BC,HealthLinkBC,Open Government Licence - British Columbia,file,CSV KML MULTIPLE PDF TXT WMS,2026-09-24,https://catalogue.data.gov.bc.ca/dataset/immunization-services-in-bc,"Programs in BC that provide inoculations or other prophylactic measures to prevent susceptible individuals from contracting specific diseases for which means of control have been developed. Definition is protected by Copyright by Information and Referral Federal of Los Angeles County, Inc (https://2"
Laboratory Services in BC,HealthLinkBC,Open Government Licence - British Columbia,file,CSV KML MULTIPLE PDF TXT WMS,2026-09-24,https://catalogue.data.gov.bc.ca/dataset/laboratory-services-in-bc,"Programs that perform a laboratory analysis of body fluids and tissue to determine the presence of irregularities or to identify unknown substances submitted for analysis. Definition is protected by Copyright by Information and Referral Federal of Los Angeles County, Inc (https://211taxonomy.org/sub"
Mental Health and Substance Use Health Services,HealthLinkBC,Open Government Licence - British Columbia,file,CSV GEOJSON KML MULTIPLE PDF WMS XLSX,2026-04-02,https://catalogue.data.gov.bc.ca/dataset/mental-health-and-substance-use-health-services,"The HealthLink BC Mental Health and Substance Use (MHSU) data set includes the following: Programs that offer early intervention, transitional care or other services that supplement and facilitate primary and adjunctive therapies; which offer community mental health education programs; or which link"
Pharmacies in BC,HealthLinkBC,Open Government Licence - British Columbia,file,CSV KML MULTIPLE PDF TXT WMS,2026-09-24,https://catalogue.data.gov.bc.ca/dataset/after-hours-pharmacies-in-bc,"Organizations in BC that are involved in the business of preparing, preserving, compounding and dispensing drugs in accordance with prescriptions prepared by licensed physicians. Definition is protected by Copyright by Information and Referral Federal of Los Angeles County, Inc. (https://211taxonomy"
Walk-in Clinics in BC,HealthLinkBC,Open Government Licence - British Columbia,file,CSV KML MULTIPLE PDF TXT WMS,2026-09-24,https://catalogue.data.gov.bc.ca/dataset/walk-in-clinics-in-bc,Programs in BC that provide walk-in treatment services for people who have minor illnesses or injuries that do not require a visit to a hospital emergency department or an urgent care facility. These programs are generally specialized practices set up by groups of physicians operating within the pro
BC Gazetteer,Heritage Branch,Open Government Licence - British Columbia,file,CSV PDF XLSX ZIP,2026-08-12,https://catalogue.data.gov.bc.ca/dataset/bc-gazetteer,"The Gazetteer of British Columbia is a spreadsheet of all official place names, including feature type, feature code, mapsheet, and latitude & longitude. The Gazetteer is extracted from the BC Geographical Names Information System (BCGNIS), the master database of British Columbia place names. The BC"
Heritage Conservation Areas of BC,Heritage Branch,Open Government Licence - British Columbia,file,KML MULTIPLE WMS,2026-09-24,https://catalogue.data.gov.bc.ca/dataset/heritage-conservation-areas-of-bc,"This dataset contains spatial and attribute data for local government Heritage Conservation Areas (HCAs) established for heritage conservation purposes in British Columbia, as tracked by BC Heritage Branch. Under the Local Government Act, a local government may designate a HCA within its Official Co"
Historic Trail Areas of British Columbia,Heritage Branch,Open Government Licence - British Columbia,file,KML MULTIPLE WMS,2025-03-06,https://catalogue.data.gov.bc.ca/dataset/historic-trail-areas-of-british-columbia,"This dataset contains spatial and tabular data on non-archaeological historic trails in B.C. Some of these trails, or sections of trail, are defined or protected under provincial legislation such as the Heritage Conservation Act. Other trails or trail segments are recorded but not legally protected."
Historic Trail Features of British Columbia,Heritage Branch,Open Government Licence - British Columbia,file,KML MULTIPLE WMS,2025-06-18,https://catalogue.data.gov.bc.ca/dataset/historic-trail-features-of-british-columbia,"This dataset contains spatial and tabular data on non-archaeological historic trails in B.C. Some of these trails, or sections of trail, are defined or protected under provincial legislation such as the Heritage Conservation Act. Other trails or trail segments are recorded but not legally protected."
Historic Trails of British Columbia,Heritage Branch,Open Government Licence - British Columbia,file,KML MULTIPLE WMS,2026-05-21,https://catalogue.data.gov.bc.ca/dataset/historic-trails-of-british-columbia,"This dataset contains spatial and tabular data on non-archaeological historic trails in B.C. Some of these trails, or sections of trail, are defined or protected under provincial legislation such as the Heritage Conservation Act. Other trails or trail segments are recorded but not legally protected."
English Language Services for Adults (ELSA) - Student Characteristics Report 2011,Immigration Programs,Open Government Licence - British Columbia,file,CSV XLS,2023-05-05,https://catalogue.data.gov.bc.ca/dataset/english-language-services-for-adults-elsa-student-characteristics-report-2011,"ELSA classes are free English classes for adult immigrants provided by the Government of British Columbia. This is an aggregated report of student data collected for the English Language Service for Adults (ELSA) program funded by the Labour Market and Immigration Division of the Ministry of Jobs, T"
Welcome BC Settlement Service Providers - Interactive Web Map Data,Immigration Programs,Open Government Licence - British Columbia,file,CSV XLS,2023-05-04,https://catalogue.data.gov.bc.ca/dataset/welcome-bc-settlement-service-providers-interactive-web-map-data,"The Province of B.C. offers services and programs that can help immigrants to settle into their new community and find work. New immigrants have access to free services at agencies across B.C. At a settlement agency, newcomers can learn English, learn how to find housing, enrol their children in sch"
Children and Family Development - Cases in Care Demographics,Information Management - CFD,Open Government Licence - British Columbia,file,CSV JSON XLSX,2025-03-15,https://catalogue.data.gov.bc.ca/dataset/children-and-family-development-cases-in-care-demographics,"This report provides the total number of children in care by legal category and placement type, by month, by region, by aboriginal indicator. Children in Care are children who are in the custody, care or guardianship of a Director (CF and CS Act) or the Director of adoption (Adoption Act)."
Children and Family Development - Cases in Care History,Information Management - CFD,Open Government Licence - British Columbia,file,CSV JSON XLSX,2025-03-15,https://catalogue.data.gov.bc.ca/dataset/children-and-family-development-cases-in-care-history,"This report provides the total number of Child in Care by age groups by year and month. Children In Care were placed into the custody, care or guardianship of a director or the director of adoption (Child, Family and Child Services Act [RSBC 1996], Part 1)"
Children and Family Development - Offices and Regions.,Information Management - CFD,Open Government Licence - British Columbia,file,CSV JSON XLSX,2025-03-15,https://catalogue.data.gov.bc.ca/dataset/children-and-family-development-offices-and-regions,This dataset contains the BC Ministry for Children and Family Development office and regional information.
Respite and Medical Benefits Monthly Caseload for Children and Youth with Special Needs,Information Management - CFD,Open Government Licence - British Columbia,file,CSV JSON TXT XLS,2022-04-06,https://catalogue.data.gov.bc.ca/dataset/respite-and-medical-benefits-monthly-caseload-for-children-and-youth-with-special-needs,This data set contains the number of Medical Benefits and Respite Services case files per month by Ministry of Children and Family Development Region from April 2002 to present.
BC Knowledge Development Fund (BCKDF),Innovation and Industry Development Division,Open Government Licence - British Columbia,file,CSV XLSX,2025-06-18,https://catalogue.data.gov.bc.ca/dataset/bc-knowledge-development-fund-bckdf-,"Dataset includes all BC Knowledge Development Fund (BCKDF)-funded research infrastructure projects since the inception of the program in 1998, up to the end of 2024. The dataset reflects the BCKDF maximum amounts awarded and the date of the award (date the institution was notified). Actual capital e"
Contraventions Data,Insurance Corporation of British Columbia,Open Data Licence for ICBC Information,file,TXT,2021-06-04,https://catalogue.data.gov.bc.ca/dataset/contraventions-data,"Contraventions, also known as offences are issued to an individual or company who has committed an alleged violation. When a violation occurs under the Offence Act of BC an enforcement officer will issue a violation ticket which can have up to 3 offences written on it."
ICBC - Driver Licensing,Insurance Corporation of British Columbia,Open Data Licence for ICBC Information,file,CSV,2025-12-09,https://catalogue.data.gov.bc.ca/dataset/icbc-driver-licensing,"Jan 2010 to Dec 2024 - Active driver licenses, knowledge test and road tests. The open data set includes driver license counts that you can filter by license class, municipality, year and more. It also includes road test and knowledge test counts that you can filter by municipality, class, result an"
ICBC Reported Crashes,Insurance Corporation of British Columbia,Open Data Licence for ICBC Information,file,TXT,2021-03-08,https://catalogue.data.gov.bc.ca/dataset/icbc-reported-crashes,"ICBC crash details gathered from reports made to ICBC by insured registered vehicle owners, drivers, pedestrians and cyclists."
ICBC Vehicle Population - Vehicle Policies in Force,Insurance Corporation of British Columbia,Open Data Licence for ICBC Information,file,TXT,2021-03-08,https://catalogue.data.gov.bc.ca/dataset/icbc-vehicle-population-vehicle-policies-in-force,Vehicle information for all vehicle policies in force in British Columbia
Police-Reported Crash Data (TAS),Insurance Corporation of British Columbia,Open Data Licence for ICBC Information,file,TXT,2021-06-04,https://catalogue.data.gov.bc.ca/dataset/police-reported-crash-data-tas-,Accident details for all police-attended crashes in British Columbia
"BC Health - Distribution of Practitioners by Expenditure Range and Fiscal Year, from MSP","Integrated Analytics: Primary Care, Acute Care & Workforce",Open Government Licence - British Columbia,file,CSV,2023-05-01,https://catalogue.data.gov.bc.ca/dataset/bc-health-distribution-of-practitioners-by-expenditure-range-and-fiscal-year-from-msp,Distribution of practitioners by expenditure range by practitioner speciality using Fee-for-Service (MSP). For 2005-06 to 2009-10 fiscal years.
BC Health - MSP Registrants by Gender and Age Group by Fiscal Year,"Integrated Analytics: Primary Care, Acute Care & Workforce",Open Government Licence - British Columbia,file,CSV,2023-05-01,https://catalogue.data.gov.bc.ca/dataset/bc-health-msp-registrants-by-gender-and-age-group-by-fiscal-year,Number of Medical Services Plan registrants by gender and age group. For 2005-06 to 2009-10 fiscal years.
"BC Health - MSP Registrants by Gender and Health Delivery Service Area by Fiscal Year, from MSP","Integrated Analytics: Primary Care, Acute Care & Workforce",Open Government Licence - British Columbia,file,CSV,2023-05-01,https://catalogue.data.gov.bc.ca/dataset/bc-health-msp-registrants-by-gender-and-health-delivery-service-area-by-fiscal-year-from-msp,Number of Medical Services Plan registrants by gender and Health Delivery Service Area. For 2005-06 to 2009-10 fiscal years.
"BC Health - Population, Practitioners, Services & Expenditures by LHA, from MSP","Integrated Analytics: Primary Care, Acute Care & Workforce",Open Government Licence - British Columbia,file,CSV,2023-05-01,https://catalogue.data.gov.bc.ca/dataset/bc-health-population-practitioners-services-expenditures-by-lha-from-msp,"Total Population, Number of practitioners (General Practitioners, Medical Specialists, Other Health Practitioners), number of services and total expenditures by Local Health Authority, using Fee-for-Service (MSP). Only for 2009-10 fiscal."
"BC Health - Practitioner Demographics & Level of Activity by Med Spec and Fiscal Year, from MSP","Integrated Analytics: Primary Care, Acute Care & Workforce",Open Government Licence - British Columbia,file,CSV,2023-05-01,https://catalogue.data.gov.bc.ca/dataset/bc-health-practitioner-demographics-level-of-activity-by-med-spec-and-fiscal-year-from-msp,"Number of Practitioners by Medical Speciality, practitioner's median age, total number of services, total expenditure, average number of days and average number of patients per physician using Fee-for-Serivce (MSP). For 2001-02 to 2009-00 fiscal years."
"BC Health - Practitioner Demographics & Level of Activity for Med Spec by Fiscal Year, from MSP","Integrated Analytics: Primary Care, Acute Care & Workforce",Open Government Licence - British Columbia,file,CSV,2023-05-01,https://catalogue.data.gov.bc.ca/dataset/bc-health-practitioner-demographics-level-of-activity-for-med-spec-by-fiscal-year-from-msp,"Number of Practitioners with a Medical Speciality, practitioner's median age, total number of services, total expenditure, average number of days and average number of patients per physician by total and by practitioner's gender, using Fee-for-Serivce (MSP). For 2001-02 to 2009-10 fiscal years."
"BC Health - Practitioners, Services & Expenditures by Specialty and HSDA, from MSP","Integrated Analytics: Primary Care, Acute Care & Workforce",Open Government Licence - British Columbia,file,CSV,2023-05-01,https://catalogue.data.gov.bc.ca/dataset/bc-health-practitioners-services-expenditures-by-specialty-and-hsda-from-msp,"Number of practitioners, services and total expenditures by practitioner's specialty and practitioner's (billing address) Health Service Delivery Area using Fee-for-Service (MSP). Only for 2009-10 fiscal."
"BC Health - Practitioners, Services and Expenditures by Specialty and Fiscal Year, from MSP","Integrated Analytics: Primary Care, Acute Care & Workforce",Open Government Licence - British Columbia,file,CSV,2023-05-01,https://catalogue.data.gov.bc.ca/dataset/bc-health-practitioners-services-and-expenditures-by-specialty-and-fiscal-year-from-msp,"Number of practitioners, services and total expenditures by practitioner's specialty using Fee-for-Service (MSP). For 2005-06 to 2009-10 fiscal years."
"BC Health - Services and Expenditure by Service Code by Fiscal Year, from MSP","Integrated Analytics: Primary Care, Acute Care & Workforce",Open Government Licence - British Columbia,file,CSV,2023-05-01,https://catalogue.data.gov.bc.ca/dataset/bc-health-services-and-expenditure-by-service-code-by-fiscal-year-from-msp,Number of services and total expenditure by service code using Fee-for-Service (MSP). For 2005-06 to 2009-10 fiscal years.
"BC Health - Services, Patient & Expenditures by Gender, Service Code, and Fiscal Year, from MSP","Integrated Analytics: Primary Care, Acute Care & Workforce",Open Government Licence - British Columbia,file,CSV,2023-05-01,https://catalogue.data.gov.bc.ca/dataset/bc-health-services-patient-expenditures-by-gender-service-code-and-fiscal-year-from-msp,"Number of services, patient counts and total expenditures for medical services and other heath practitioners services by patient's gender and service code using Fee-for-Service (MSP). For 2005-06 to 2009-10 fiscal years."
"BC Health - Services, Patient Counts & Expenditures by Gender, HSDA, and Fiscal Year, from MSP","Integrated Analytics: Primary Care, Acute Care & Workforce",Open Government Licence - British Columbia,file,CSV,2023-05-01,https://catalogue.data.gov.bc.ca/dataset/bc-health-services-patient-counts-expenditures-by-gender-hsda-and-fiscal-year-from-msp,"Number of services, patient counts and total expenditures for medical services and other heath practitioners services by patient's gender and patient's Health Service Delivery Area using Fee-for-Service (MSP). For 2005-06 to 2009-10 fiscal years."
"BC Health - Services, Patient Counts & Expenditures by Gender, Specialty and Fiscal Year, from MSP","Integrated Analytics: Primary Care, Acute Care & Workforce",Open Government Licence - British Columbia,file,CSV,2023-05-01,https://catalogue.data.gov.bc.ca/dataset/bc-health-services-patient-counts-expenditures-by-gender-specialty-and-fiscal-year-from-msp,"Number of services, patient counts and total expenditures for medical services and other heath practitioners services by patient's gender and practitioner's specialty using Fee-for-Service (MSP). For 2005-06 to 2009-10 fiscal years."
"BC Health - Services, Patient Counts and Expenditures by Gender, Age Group, Fiscal Year, from MSP","Integrated Analytics: Primary Care, Acute Care & Workforce",Open Government Licence - British Columbia,file,CSV,2023-05-01,https://catalogue.data.gov.bc.ca/dataset/bc-health-services-patient-counts-and-expenditures-by-gender-age-group-fiscal-year-from-msp,"Number of services, patient counts and total expenditures for medical services and other heath practitioners services by patient's gender and patient's age group using Fee-for-Service (MSP). For 2005-06 to 2009-10 fiscal years."
2007 Environmental Trends Report: Geographically Based Data,Knowledge Management,Open Government Licence - British Columbia,file,XLS,2019-06-24,https://catalogue.data.gov.bc.ca/dataset/2007-environmental-trends-report-geographically-based-data,"This file contains most of the regional geographically-based data that were reported in the publication [Environmental Trends in British Columbia 2007](http://www2.gov.bc.ca/gov/content?id=07DD1DCE7F784EFEBA5A26C32CB1646D). The spreadsheet is designed so topic, environmental indicator or geographica"
"BC Historical Fish Distribution - Points (50,000)",Knowledge Management,Open Government Licence - British Columbia,file,KML MULTIPLE WMS,2023-06-29,https://catalogue.data.gov.bc.ca/dataset/bc-historical-fish-distribution-points-50-000,"Fisheries Information Summary System (FISS) layer of Historic (pre 2001) Fish Distribution Points of BC Streams. Points represent site locations where a fish species is rearing, spawning or observed or where a point is located at the mouth of a stream it indicates the presence of a fish species some"
"BC Historical Fish Distribution - Zones (50,000)",Knowledge Management,Open Government Licence - British Columbia,file,KML MULTIPLE WMS,2023-06-29,https://catalogue.data.gov.bc.ca/dataset/bc-historical-fish-distribution-zones-50-000,"Fisheries Information Summary System (FISS) layer of Historic (pre 2001) Fish Distribution Zones of BC streams. Includes salmonid rearing and spawning zones. Georeferenced to the stream centreline network layer of the 1:50,000 scale BC Watershed Atlas."
"BC Macro-Reaches (50,000)",Knowledge Management,Open Government Licence - British Columbia,file,KML MULTIPLE WMS,2026-09-23,https://catalogue.data.gov.bc.ca/dataset/bc-macro-reaches-50-000,"Stream Macro-Reaches delineated through interpretation of Topographic features from the 1:50,000 scale Canadian National Topographic Series of Maps."
BC Vertebrates Conservation Status Rank History 1992-2012,Knowledge Management,Open Government Licence - British Columbia,file,CSV,2022-04-06,https://catalogue.data.gov.bc.ca/dataset/bc-vertebrates-conservation-status-rank-history-1992-2012,This dataset supports the '[Trends in the Status of Native Vertebrate Species in B.C. (1992-2012)](http://www.env.gov.bc.ca/soe/indicators/plants-and-animals/native-vertebrate-species.html)' indicator published by Environmental Reporting BC in 2014. The data include the conservation status rank as a
Bathymetric Maps - Open,Knowledge Management,Open Government Licence - British Columbia,file,CSV,2023-08-23,https://catalogue.data.gov.bc.ca/dataset/1427d389-cd21-4fe2-8ed9-282d9bdcb7e2,"**Bathymetric Maps – Open**, are bathymetric maps that are published under the Open Government Licence – British Columbia (OGL) based on their Province of BC ownership. **The associated resource Bathymetric Maps - Open – Reference Table and Maps** provides a reference table that includes URLs to PDF"
Bioterrain Mapping (TBT) Detailed Polygons with Short Attribute Table Spatial View,Knowledge Management,Open Government Licence - British Columbia,file,KML MULTIPLE WMS XLSX,2026-07-23,https://catalogue.data.gov.bc.ca/dataset/bioterrain-mapping-tbt-detailed-polygons-with-short-attribute-table-spatial-view,Bioterrain Mapping (TBT) Detailed Polygons (STE_TER_BIOTERRAIN_POLYS_SVW) contains TBT polygons with key and amalgamated (concatenated) attributes derived from the Resource Inventory Standards Committee (RISC) standard attributes. This layer is derived from the [STE_TEI_ATTRIBUTE_POLYS_SP](https://c
Canadian National Wetland Inventory BC,Knowledge Management,Open Government Licence - Canada,file,OTHER PDF ZIP,2026-08-31,https://catalogue.data.gov.bc.ca/dataset/canadian-national-wetland-inventory-bc,"The **Canadian National Wetland Inventory (CNWI)** is an initiative to compile, process, and publish the best available wetland mapping, field validation data, and metadata, into comprehensive publicly available geodatabases. It also aims to acquire additional wetland data to fill high priority gaps"
Caribou Herd Locations for BC,Knowledge Management,Open Government Licence - British Columbia,file,ARCGIS_REST KML MULTIPLE WMS,2026-09-02,https://catalogue.data.gov.bc.ca/dataset/caribou-herd-locations-for-bc,This data contains the current caribou subpopulation (herd) boundaries. Herd boundaries are derived from the best available science and expert knowledge. A caribou subpopulation (herd) boundary is the area required to be managed to achieve a self-sustaining population. Subpopulation boundaries do no
ENV Regional Boundaries,Knowledge Management,Open Government Licence - British Columbia,file,KML MULTIPLE WMS,2023-06-29,https://catalogue.data.gov.bc.ca/dataset/env-regional-boundaries,The spatial representation for Environment Regions. An Environment Region is an administrative area established by the Ministry and is an administrative area which is used to manage regional activites.
Ecodivisions - Ecoregion Ecosystem Classification of British Columbia,Knowledge Management,Open Government Licence - British Columbia,file,KML MULTIPLE WMS,2026-09-02,https://catalogue.data.gov.bc.ca/dataset/ecodivisions-ecoregion-ecosystem-classification-of-british-columbia,"Ecodivisions are areas of broad climatic and physiographic uniformity, defined at the continental level."
Ecodomains - Ecoregion Ecosystem Classification of British Columbia,Knowledge Management,Open Government Licence - British Columbia,file,KML MULTIPLE WMS,2026-09-02,https://catalogue.data.gov.bc.ca/dataset/ecodomains-ecoregion-ecosystem-classification-of-british-columbia,"Ecodomains are areas broad climatic uniformity, defined at the global level"
Ecological Catalogue (formerly AquaCat),Knowledge Management,Open Government Licence - British Columbia,file,KML MULTIPLE WMS,2026-09-24,https://catalogue.data.gov.bc.ca/dataset/ecological-catalogue-formerly-aquacat,"A compendium of reports that provide information about aquatic and terrestrial animals and plants, soils, surface water, groundwater and their accompanying data files and maps"
Ecoprovinces - Ecoregion Ecosystem Classification of British Columbia,Knowledge Management,Open Government Licence - British Columbia,file,KML MULTIPLE WMS,2026-09-02,https://catalogue.data.gov.bc.ca/dataset/ecoprovinces-ecoregion-ecosystem-classification-of-british-columbia,"An ecoprovince is an area with consistent climatic or oceanography, relief and regional landforms. There one oceanic, two marine / terrestrial and seven terrestrial ecoprovinces occurring within British Columbia. Ecoprovinces are meant to be mapped at 1:2,000,000 for use in provincial state of the e"
Ecoregions - Ecoregion Ecosystem Classification of British Columbia,Knowledge Management,Open Government Licence - British Columbia,file,KML OTHER WMS,2026-09-02,https://catalogue.data.gov.bc.ca/dataset/ecoregions-ecoregion-ecosystem-classification-of-british-columbia,"An ecoregion is an area with major physiographic and minor macroclimatic or oceanographic variation. There are 43 ecoregion in British Columbia of which 39 are terrestrial. Ecodivsions are meant to be mapped at 1:500,000 for regional strategic planning"
Ecosections - Ecoregion Ecosystem Classification of British Columbia,Knowledge Management,Open Government Licence - British Columbia,file,KML MULTIPLE WMS,2026-09-02,https://catalogue.data.gov.bc.ca/dataset/ecosections-ecoregion-ecosystem-classification-of-british-columbia,"Ecosections are areas with minor physiographic and macroclimatic or oceanographic variations. There are 114 ecosections in British Columbia varying from pure marine units to pure terrestrial units. Ecosections are meant to be mapped at small scales (1:250,000) for resource emphasis and area planning"
Freshwater Fish Habitat Accessibility MODEL – Pacific Salmon and Steelhead,Knowledge Management,Open Government Licence - British Columbia,file,GPKG,2024-10-09,https://catalogue.data.gov.bc.ca/dataset/freshwater-fish-habitat-accessibility-model-pacific-salmon-and-steelhead,"The Freshwater Fish Habitat Accessibility MODEL- Pacific Salmon and Steelhead predicts the potential extent of accessible freshwater habitat for Pacific Salmon species and Steelhead in BC. Using the BC Freshwater Atlas as the mapping base, the model presumes that in watershed groups where a given sp"
Known BC Fish Observations and BC Fish Distributions,Knowledge Management,Open Government Licence - British Columbia,file,KML MULTIPLE WMS,2026-09-24,https://catalogue.data.gov.bc.ca/dataset/known-bc-fish-observations-and-bc-fish-distributions,This point location dataset of fish observations is a regularly updated compilation of BC fish distribution information taken from a combination of all the official provincial databases including the BC Fisheries Information Summary System (FISS). Fish occurrences in this dataset represent the most 
Lake Inventory Surveys,Knowledge Management,Open Government Licence - British Columbia,file,KML MULTIPLE WMS,2026-09-24,https://catalogue.data.gov.bc.ca/dataset/lake-inventory-surveys,"This spatial layer displays lakes that have had full or partial surveys, and contains information regarding the dates of those surveys and an indication of the data collected on each survey date"
Parks and Protected Areas - Year of Establishment,Knowledge Management,Open Government Licence - British Columbia,file,CSV,2018-07-12,https://catalogue.data.gov.bc.ca/dataset/parks-and-protected-areas-year-of-establishment,This tabular dataset supports the '[Trends in Ecosystem Protection through Establishment of BC Parks and Protected Areas (2012)](http://www2.gov.bc.ca/assets/gov/environment/research-monitoring-and-reporting/reporting/envreportbc/archived-indicators/land/2012_trends_eco_protection_bc_parks_1911-2012
Predictive Ecosystem Mapping (PEM) Detailed Polygons with Short Attribute Table Spatial View,Knowledge Management,Open Government Licence - British Columbia,file,FGDB,2022-01-07,https://catalogue.data.gov.bc.ca/dataset/predictive-ecosystem-mapping-pem-detailed-polygons-with-short-attribute-table-spatial-view,This dataset is not currently available in the BCGW but may be downloaded in geodatabase format. Please refer to: [Terrestrial Ecosystem Information (TEI) Data Distribution Packages](http://catalogue.data.gov.bc.ca/dataset/terrestrial-ecosystem-information-tei-data-distribution-packages) PEM_Polygon
Predictive Ecosystem Mapping (PEM) Project Boundaries,Knowledge Management,Open Government Licence - British Columbia,file,MULTIPLE XLSX,2026-08-10,https://catalogue.data.gov.bc.ca/dataset/predictive-ecosystem-mapping-pem-project-boundaries,"Predictive Ecosystem Mapping (PEM) Project Boundaries (STE_PEM_PROJECT_BOUNDARIES_SVW) contains boundaries (study areas) and attributes describing each PEM project (project level metadata), plus links to the locations of other data associated with the project (e.g., reports, polygon datasets, plotfi"
Provincial Fish Ranges - Generalized,Knowledge Management,Open Government Licence - British Columbia,file,KML MULTIPLE WMS,2023-06-29,https://catalogue.data.gov.bc.ca/dataset/provincial-fish-ranges-generalized,"This file contains a generalized representation of watersheds developed from the 1:50,000 BC Watershed Atlas with each region coded for occurrence of freshwater fish species (including anadromous salmon in their freshwater stages). The initial fish species codes for presence/absence in each watershe"
Provincial Obstacles to Fish Passage,Knowledge Management,Open Government Licence - British Columbia,file,KML MULTIPLE WMS,2026-09-24,https://catalogue.data.gov.bc.ca/dataset/provincial-obstacles-to-fish-passage,The Provincial Obstacles to Fish Passage theme presents records of all known obstacles to fish passage from several fisheries datasets. Records from the following datasets have been included: The Fisheries Information Summary System (FISS); the Fish Habitat Inventory and Information Program (FHIIP);
Sensitive Ecosystems Inventory (SEI) Detailed Polygons with Short Attribute Table Spatial View,Knowledge Management,Open Government Licence - British Columbia,file,KML MULTIPLE WMS XLSX,2026-07-23,https://catalogue.data.gov.bc.ca/dataset/sensitive-ecosystems-inventory-sei-detailed-polygons-with-short-attribute-table-spatial-view,Sensitive Ecosystems Inventory (SEI) Detailed Polygons (STE_SEI_ATTRIBUTE_POLYS_SVW) contains SEI inventory polygons with key and amalgamated (concatenated) attributes derived from the Resource Inventory Standards Committee (RISC) standard attributes. This layer is derived from the [STE_TEI_ATTRIBUT
Sensitive Ecosystems Inventory (SEI) Project Boundaries,Knowledge Management,Open Government Licence - British Columbia,file,KML MULTIPLE WMS XLSX,2026-07-23,https://catalogue.data.gov.bc.ca/dataset/sensitive-ecosystems-inventory-sei-project-boundaries,"Sensitive Ecosystems Inventory (SEI) Project Boundaries (STE_SEI_PROJECT_BOUNDARIES_SVW) contain boundaries (study areas) and attributes describing each SEI project (project level metadata), and includes links to the locations of other data associated with the project (e.g. reports, polygon datasets"
Soil Mapping Data Packages,Knowledge Management,Open Government Licence - British Columbia,file,FGDB KMZ SHP,2026-09-02,https://catalogue.data.gov.bc.ca/dataset/soil-mapping-data-packages,"These Soil Mapping Data Packages include 1. a Soil Map dataset which includes the equivalents to [Soil Project Boundaries](https://catalogue.data.gov.bc.ca/dataset/soil-mapping-soil-project-boundaries), [Soil Survey Spatial View](https://catalogue.data.gov.bc.ca/dataset/soil-survey-spatial-view) map"
Soil Name and Layer Files,Knowledge Management,Open Government Licence - Canada,file,CSV,2018-11-27,https://catalogue.data.gov.bc.ca/dataset/soil-name-and-layer-files,"The Soil Name and Layer Files contain attribute information for all B.C. named soils and their soil layers as contained in the National Soil DataBase (NSDB). The Soil Name File contains the general physical and chemical characteristics for soils including soil name, soil code, surficial material, wa"
Soil Parent Materials,Knowledge Management,Open Government Licence - British Columbia,file,ARCGIS_REST ZIP,2026-09-02,https://catalogue.data.gov.bc.ca/dataset/soil-parent-materials,"The Soils Parent Materials raster prediction surface was crated using a Random Forest classifier trained with single component polygons from soils, terrain and ecosystem mapping projects, and 18 topographic predictor layers derived from the provincial 25m DEM. It is a prediction of mode of depositio"
Soil Survey Project Boundaries,Knowledge Management,Open Government Licence - British Columbia,file,KML MULTIPLE WMS XLSX,2026-07-23,https://catalogue.data.gov.bc.ca/dataset/soil-survey-project-boundaries,"Soil Survey (SL) Project Boundaries (STE_SOIL_PROJ_BOUNDARIES_SVW) contain boundaries (study areas) and attributes describing each SL project (project level metadata), and includes links to the locations of other data associated with the project (e.g., soil survey reports, polygon datasets, plotfile"
Soil Survey Spatial View,Knowledge Management,Open Government Licence - British Columbia,file,KML MULTIPLE SHP WMS,2026-09-19,https://catalogue.data.gov.bc.ca/dataset/soil-survey-spatial-view,Soil Survey polygons contain soils spatial and attribute information utilized by the Ministry of Environment online Soil Information Finder Tool ([SIFT](http://www2.gov.bc.ca/gov/content/environment/air-land-water/land/soil-information-finder)). The information pertains to soil survey data in the Pr
Species Distribution Modeling and Wildlife Habitat Ratings Project Boundaries,Knowledge Management,Open Government Licence - British Columbia,file,MULTIPLE XLSX,2026-07-23,https://catalogue.data.gov.bc.ca/dataset/species-distribution-modeling-and-wildlife-habitat-ratings-project-boundaries,"Species Distribution Modeling (SDM) and Wildlife Habitat Ratings (WHR) project boundaries (STE_WLD_PROJECT_BOUNDARIES_SVW) contain boundaries (study areas) and attributes describing each project (project level metadata), plus links to the locations of other data associated with the project (e.g. rep"
Stream Inventory Sample Sites,Knowledge Management,Open Government Licence - British Columbia,file,KML MULTIPLE WMS,2026-09-24,https://catalogue.data.gov.bc.ca/dataset/stream-inventory-sample-sites,"This spatial layer displays stream inventory sample sites that have had full or partial surveys, and contains measurements or indicator information of the data collected at each survey site on each date."
Terrain Inventory Mapping (TIM) Detailed Polygons with Short Attribute Table Spatial View,Knowledge Management,Open Government Licence - British Columbia,file,KML MULTIPLE WMS XLSX,2026-07-23,https://catalogue.data.gov.bc.ca/dataset/terrain-inventory-mapping-tim-detailed-polygons-with-short-attribute-table-spatial-view,Terrain Inventory Mapping (TIM) Detailed Polygons (STE_TER_INVENTORY_POLYS_SVW) contains TIM polygons with key and amalgamated (concatenated) attributes derived from the Resource Inventory Standards Committee (RISC) standard attributes. This layer is derived from the [STE_TEI_ATTRIBUTE_POLYS_SP](htt
Terrain Mapping (TER) Polygon Attributes,Knowledge Management,Open Government Licence - British Columbia,file,MULTIPLE XLSX,2026-07-23,https://catalogue.data.gov.bc.ca/dataset/terrain-mapping-ter-polygon-attributes,Terrain Mapping (TER) Polygon Attributes (STE_TER_ATTRIBUTE_POLYS_SVW) contains TER inventory polygons with key and amalgamated (concatenated) attributes derived from the Resource Inventory Standards Committee (RISC) standard attributes. This layer is derived from the [STE_TEI_POLY_ATTRIBUTES_SP](ht
Terrain Mapping (TER) Project Boundaries,Knowledge Management,Open Government Licence - British Columbia,file,KML MULTIPLE WMS XLSX,2026-07-23,https://catalogue.data.gov.bc.ca/dataset/terrain-mapping-ter-project-boundaries,"Terrain Mapping (TER) Project Boundaries (STE_TER_PROJECT_BOUNDARIES_SVW) contains boundaries (study areas) and attributes describing each TER project (project level metadata), plus links to the locations of other data associated with the project (e.g., reports, polygon datasets, plotfiles, legends)"
Terrain Stability Mapping (TSM) Detailed Polygons with Short Attribute Table Spatial View,Knowledge Management,Open Government Licence - British Columbia,file,KML MULTIPLE WMS XLSX,2026-07-23,https://catalogue.data.gov.bc.ca/dataset/terrain-stability-mapping-tsm-detailed-polygons-with-short-attribute-table-spatial-view,Terrain Stability Mapping (TSM) Detailed Polygons (STE_TER_STABILITY_POLYS_SVW) contains TSM polygons with key and amalgamated (concatenated) attributes derived from the Resource Inventory Standards Committee (RISC) standard attributes. This layer is derived from the [STE_TEI_ATTRIBUTE_POLYS_SP](htt
Terrestrial Ecosystem Information (TEI) Data Distribution Packages,Knowledge Management,Open Government Licence - British Columbia,file,OTHER XLSX ZIP,2026-08-19,https://catalogue.data.gov.bc.ca/dataset/terrestrial-ecosystem-information-tei-data-distribution-packages,The TEI Data Distribution packages contain the full Terrestrial Ecosystem Information (TEI) dataset split by Natural Resource Sector Region (see Index maps) and broad project type. Broad project types include Predictive Ecosystem Mapping (PEM) data and non-PEM data which includes Terrestrial Ecosyst
Terrestrial Ecosystem Information (TEI) Detailed Polygons with Short Table Attribute Table,Knowledge Management,Open Government Licence - British Columbia,file,MULTIPLE XLSX,2026-07-23,https://catalogue.data.gov.bc.ca/dataset/terrestrial-ecosystem-information-tei-detailed-polygons-with-short-table-attribute-table,Terrestrial Ecosystem Information (TEI) Detailed Polygons (STE_TEI_ATTRIBUTE_POLYS_SP) contains TEI inventory polygons with key and amalgamated (concatenated) attributes derived from the Resource Inventory Standards Committee (RISC) standard attributes. These describe the physical and biological cha
Terrestrial Ecosystem Information (TEI) Project Boundaries,Knowledge Management,Open Government Licence - British Columbia,file,MULTIPLE XLSX,2026-07-22,https://catalogue.data.gov.bc.ca/dataset/terrestrial-ecosystem-information-tei-project-boundaries,"Terrestrial Ecosystem Information (TEI) Project Boundaries contain boundaries (study areas) and attributes describing each project (project level metadata), plus links to the locations of other data associated with the project (e.g., reports, polygon datasets, plotfiles, legends). TEI project bounda"
Terrestrial Ecosystem Information Scanned Map Boundary,Knowledge Management,Open Government Licence - British Columbia,file,KML MULTIPLE WMS,2023-06-29,https://catalogue.data.gov.bc.ca/dataset/terrestrial-ecosystem-information-scanned-map-boundary,"STE_SCANNED_MAP_BOUNDARY_SP includes an index of the mapsheet grid location of Soils, Terrain, Ecosystems and related scanned maps (including Agriculture Capability and Climate Capability maps). These maps are intended for on-screen viewing or printing. The majority of the maps have been geo-referen"
Terrestrial Ecosystem Mapping (TEM) Detailed Polygons with Short Attribute Table - 20k Spatial View,Knowledge Management,Open Government Licence - British Columbia,file,FGDB OTHER XLSX,2026-07-16,https://catalogue.data.gov.bc.ca/dataset/terrestrial-ecosystem-mapping-tem-detailed-polygons-with-short-attribute-table-20k-spatial-view,STE_TEM_20K_POLYS_SVW contains Terrestrial Ecosystem Mapping (TEM) polygons with key and amalgamated (concatenated) attributes derived from the RISC (Resource Inventory Standards Committee) standard attributes completed at a scale of 1 to 20 000. TEM divides the landscape into units according to a v
Terrestrial Ecosystem Mapping (TEM) Detailed Polygons with Short Attribute Table - 50k Spatial View,Knowledge Management,Open Government Licence - British Columbia,file,FGDB OTHER XLSX,2026-07-16,https://catalogue.data.gov.bc.ca/dataset/terrestrial-ecosystem-mapping-tem-detailed-polygons-with-short-attribute-table-50k-spatial-view,"STE_TEM_50K_POLYS_SVW contains Terrestrial Ecosystem Mapping (TEM) polygons with key and amalgamated (concatenated) attributes derived from the RISC (Resource Inventory Standards Committee) standard attributes completed at a scale of 1 to 50,000 or smaller (i.e. 1 to 100,000). TEM divides the landsc"
Terrestrial Ecosystem Mapping (TEM) Detailed Polygons with Short Attribute Table - Greater Than 20k,Knowledge Management,Open Government Licence - British Columbia,file,FGDB OTHER,2026-07-16,https://catalogue.data.gov.bc.ca/dataset/terrestrial-ecosystem-mapping-tem-detailed-polygons-with-short-attribute-table-greater-than-20k,TEM_ GT20K contains TEM polygons with key and amalgamated (concatenated) attributes derived from the RISC (Resource Inventory Standards Committee) standard attributes completed at a scale greater than 1:20 000 (i.e. 1:10 000 or 1:5 000). TEM divides the landscape into units according to a variety of
Terrestrial Ecosystem Mapping (TEM) Detailed Polygons with Short Attribute Table Spatial View,Knowledge Management,Open Government Licence - British Columbia,file,KML MULTIPLE WMS XLSX,2026-07-23,https://catalogue.data.gov.bc.ca/dataset/terrestrial-ecosystem-mapping-tem-detailed-polygons-with-short-attribute-table-spatial-view,Terrestrial Ecosystem Mapping (TEM) Detailed Polygons (STE_TEM_ATTRIBUTE_POLYS_SVW) contains TEM inventory polygons with key and amalgamated (concatenated) attributes derived from the Resource Inventory Standards Committee (RISC) standard attributes. This layer is derived from the [STE_TEI_ATTRIBUTE
Terrestrial Ecosystem Mapping (TEM) Project Boundaries,Knowledge Management,Open Government Licence - British Columbia,file,KML MULTIPLE WMS XLSX,2026-07-23,https://catalogue.data.gov.bc.ca/dataset/terrestrial-ecosystem-mapping-tem-project-boundaries,"Terrestrial Ecosystem Mapping (TEM) Project Boundaries (STE_TEM_PROJECT_BOUNDARIES_SVW) contains boundaries (study areas) and attributes describing each TEM project (project level metadata), plus links to the locations of other data associated with the project (e.g., reports, polygon datasets, plotf"
"WSA - Aquatic Features (50,000)",Knowledge Management,Open Government Licence - British Columbia,file,KML MULTIPLE WMS,2023-06-29,https://catalogue.data.gov.bc.ca/dataset/wsa-aquatic-features-50-000,"Aquatic Features including Falls, Cascades and springs based on the 1:50,000 scale Canadian National Topographic Series of Maps."
"WSA - BC Watershed Groups (50,000)",Knowledge Management,Open Government Licence - British Columbia,file,KML MULTIPLE WMS,2023-06-29,https://catalogue.data.gov.bc.ca/dataset/wsa-bc-watershed-groups-50-000,"The 246 Watershed Groups of BC based on the 1:50,000 scale Canadian National Topographic Series of Maps."
"WSA - Stream Centreline Network (50,000)",Knowledge Management,Open Government Licence - British Columbia,file,KML MULTIPLE WMS,2026-09-23,https://catalogue.data.gov.bc.ca/dataset/wsa-stream-centreline-network-50-000,"Stream Centreline Network derived from 1:50,000 scale mapping. Each stream channel is represented by one or more line segments. Based on the 1:50,000 scale Canadian National Topographic Series of Maps."
"WSA - Stream Routes (50,000)",Knowledge Management,Open Government Licence - British Columbia,file,KML MULTIPLE WMS,2026-09-23,https://catalogue.data.gov.bc.ca/dataset/wsa-stream-routes-50-000,"Stream routes. Each stream channel is represented by a single line. Derived from the Stream Centreline Network Spatial layer and based on the 1:50,000 scale Canadian National Topographic Series of Maps."
"WSA - Third-Order and Greater Watersheds (50,000)",Knowledge Management,Open Government Licence - British Columbia,file,KML MULTIPLE WMS,2026-09-23,https://catalogue.data.gov.bc.ca/dataset/wsa-third-order-and-greater-watersheds-50-000,"Watershed polygons of Third Order and greater based on the Strahler Stream Order classification method and the 1:50,000 scale Canadian National Topographic Series of maps."
"WSA - Water Polygon Features (50,000)",Knowledge Management,Open Government Licence - British Columbia,file,KML MULTIPLE WMS,2026-09-23,https://catalogue.data.gov.bc.ca/dataset/wsa-water-polygon-features-50-000,"One of the spatial views of the BC WATERSHED ATLAS 50K, which is the digital basemap representation of the aquatic Man-made waterbodies, Wetlands and Double-line Rivers based on the 1:50,000 scale Canadian National Topographic Series of Maps."
White Sturgeon - Fraser River Drainage Mark-Recapture PIT Tag Data,Knowledge Management,Open Government Licence - British Columbia,file,CSV,2026-04-13,https://catalogue.data.gov.bc.ca/dataset/white-sturgeon-fraser-river-drainage-mark-recapture-pit-tag-data,"This dataset includes White Sturgeon (Acipenser transmontanus) mark-recapture data collected in the Fraser River drainage. Users can use a Passive Integrated Responder (PIT) tag serial number to look up if the fish has been recaptured before and any associated data at last capture (e.g. fish length,"
Labour Market Outlook,"Labour Market Information, Reporting & Evaluation Office",Open Government Licence - British Columbia,file,PDF XLSX ZIP,2025-12-04,https://catalogue.data.gov.bc.ca/dataset/labour-market-outlook,"Each year a report forecasting BC's labour market needs over the coming decade is produced by the BC government. The report looks at employment supply and demand by occupation and industry for each of the province's regions. When utilizing this data, please cite as follows: Labour Market Outlook, La"
Major Projects Inventory (Economic) - Points,"Labour Market Information, Reporting & Evaluation Office",Open Government Licence - British Columbia,file,KML MULTIPLE WMS,2026-09-22,https://catalogue.data.gov.bc.ca/dataset/major-projects-inventory-economic-points,"The Major Projects Inventory (MPI), which is published quarterly, lists all major projects that are proposed, planned or underway in British Columbia. These are projects with a capital cost of at least $20 million each within the Lower Mainland and projects valued at $15 million or more in the rest "
Draft Viewpoints for the Cariboo Region,Land Use Planning and Cumulative Effects - Cariboo,Open Government Licence - British Columbia,file,SHP,2026-05-06,https://catalogue.data.gov.bc.ca/dataset/draft-viewpoints-for-the-cariboo-region,Draft viewpoints leading to viewlines and into viewscapes for the Cariboo Region.
Grassland Encroachment for the Cariboo Region,Land Use Planning and Cumulative Effects - Cariboo,Open Government Licence - British Columbia,file,KML MULTIPLE WMS,2026-05-06,https://catalogue.data.gov.bc.ca/dataset/grassland-encroachment-for-the-cariboo-region,Forest encroachment onto grasslands
Leading Group for the Cariboo Region,Land Use Planning and Cumulative Effects - Cariboo,Open Government Licence - British Columbia,file,KML MULTIPLE WMS,2026-05-06,https://catalogue.data.gov.bc.ca/dataset/leading-group-for-the-cariboo-region,"####Leading Group for the Cariboo Region (pinegroup or firgroup). #### 1. IDF - Fir Group: includes all forest polygons in NDT 4 (IDF and BG biogeoclimatic zones) that meet any of the following criteria: *a) Douglas-fir ( Fd or Fdi) leading or ponderosa pine leading; *b) Lodgepole pine leading, and "
Non-Productive Forest for the Cariboo Region,Land Use Planning and Cumulative Effects - Cariboo,Open Government Licence - British Columbia,file,KML MULTIPLE WMS,2026-05-06,https://catalogue.data.gov.bc.ca/dataset/non-productive-forest-for-the-cariboo-region,"Areas of non-productive forest land in the Cariboo Region. Includes icefields, alpine areas, rock, gravel pits, sand, clay, non-productive brush, etc. From FC1 circa 2002"
Patch Size Assessment Amalgamation Units for the Cariboo Natural Resource Region,Land Use Planning and Cumulative Effects - Cariboo,Open Government Licence - British Columbia,file,KML MULTIPLE WMS,2026-05-06,https://catalogue.data.gov.bc.ca/dataset/patch-size-assessment-amalgamation-units-for-the-cariboo-natural-resource-region,"This dataset is a combination of landscape unit, biogeoclimatic zone/subzone/variants and Cariboo Chilcotin Land Use Plan leading group type (PineGroup or FirGroup) that patch size assessments are carried out on. Refer to the **Cariboo Regional Biodiversity Conservation Strategy Update Note #4: An A"
Productive Forest Landbase for the Cariboo Region,Land Use Planning and Cumulative Effects - Cariboo,Open Government Licence - British Columbia,file,KML MULTIPLE WMS,2026-05-06,https://catalogue.data.gov.bc.ca/dataset/productive-forest-landbase-for-the-cariboo-region,"Productive forest land base is defined as the total Crown forest area, determined by subtracting the following from the total area of the Cariboo Natural Resource Region: <ul> * All non-Crown land * All Crown land committed to non-timber use through a Land Act designation * All non-forest Crown Land"
Seral Stage Assessment Amalgamation Units for the Cariboo Natural Resource Region,Land Use Planning and Cumulative Effects - Cariboo,Open Government Licence - British Columbia,file,KML MULTIPLE WMS,2026-05-06,https://catalogue.data.gov.bc.ca/dataset/seral-stage-assessment-amalgamation-units-for-the-cariboo-natural-resource-region,"This dataset is a combination of landscape unit, biogeoclimatic zone/subzone/variants and Cariboo Chilcotin Land Use Plan (CCLUP) leading group type (PineGroup or FirGroup) used to roll up seral stage assessments in the Cariboo Natural Resource Region. Refer to the **Cariboo Regional Biodiversity Co"
Seral Stage Assessment for the Cariboo Region,Land Use Planning and Cumulative Effects - Cariboo,Open Government Licence - British Columbia,file,FGDB KML MULTIPLE PDF WMS XLSX,2026-05-13,https://catalogue.data.gov.bc.ca/dataset/seral-stage-assessment-for-the-cariboo-region,Seral stage assessment for the Cariboo Region to support the [Cariboo Chilcotin Land Use Plan (CCLUP)](https://www2.gov.bc.ca/gov/content/industry/crown-land-water/land-use-planning/regions/cariboo/cariboochilcotin-rlup). This assessment is based on [Vegetated Resource Information (VRI)](https://cat
Slope/Aspect Categories in Mule Deer Winter Range - Cariboo Region,Land Use Planning and Cumulative Effects - Cariboo,Open Government Licence - British Columbia,file,KML MULTIPLE WMS,2026-05-06,https://catalogue.data.gov.bc.ca/dataset/slope-aspect-categories-in-mule-deer-winter-range-cariboo-region,Slope/aspect categories within mule deer winter range in the Cariboo Region. 
"BC Crown Land Indicators and Statistics - Active Crown Tenures on April 1, 2009",Lands Branch,Open Government Licence - British Columbia,file,CSV,2022-04-06,https://catalogue.data.gov.bc.ca/dataset/bc-crown-land-indicators-and-statistics-active-crown-tenures-on-april-1-2009,"A historic record of all Land Act tenures in good standing, e.g. not cancelled or expired, on April 1, 2009. Crown tenures are a subset of Crown land dispositions issued for specific purposes and periods of time under an agreement between an individual or company and the provincial government for an"
BC Crown Land Indicators and Statistics - Historic Crown Grants Issued - 2000-2009,Lands Branch,Open Government Licence - British Columbia,file,CSV,2022-04-06,https://catalogue.data.gov.bc.ca/dataset/bc-crown-land-indicators-and-statistics-historic-crown-grants-issued-2000-2009,"A historic record of Land Act Crown grants issued between April 1, 2000 and March 31, 2009. Crown grants are a subset of Crown land dispositions. A Crown grant is an instrument used to permanently convey Crown land under fee simple title. There are different types of Crown grants including direct sa"
BC Crown Land Indicators and Statistics - Historic Crown Tenure Applications Received - 2000-2009,Lands Branch,Open Government Licence - British Columbia,file,CSV,2022-04-06,https://catalogue.data.gov.bc.ca/dataset/bc-crown-land-indicators-and-statistics-historic-crown-tenure-applications-received-2000-2009,"A historic record of Land Act tenure applications received between April 1, 2000 and March 31, 2009. Applications are for Crown tenures which are a subset of Crown land dispositions issued for specific purposes and periods of time under an agreement between an individual or company and the provincia"
BC Crown Land Indicators and Statistics - Historic Crown Tenures Issued - 2000-2009,Lands Branch,Open Government Licence - British Columbia,file,CSV,2022-04-06,https://catalogue.data.gov.bc.ca/dataset/bc-crown-land-indicators-and-statistics-historic-crown-tenures-issued-2000-2009,"A historic record of Land Act tenures issued between April 1, 2000 and March 31, 2009. Crown tenures are a subset of Crown land dispositions that are issued for specific purposes and periods of time under an agreement between an individual or company and the provincial government for an interest in "
Crown Land Pricing Zones - Communication Sites,Lands Branch,Open Government Licence - British Columbia,file,KML MULTIPLE WMS,2025-04-25,https://catalogue.data.gov.bc.ca/dataset/crown-land-pricing-zones-communication-sites,Rent calculation for the use of Crown land for communication sites purposes is based on zonal rates per site per user category. There are currently 3 zones covering the province. The dataset outlines the boundaries for these zones.
Crown Land Pricing Zones - Log Handling,Lands Branch,Open Government Licence - British Columbia,file,KML MULTIPLE WMS,2025-04-25,https://catalogue.data.gov.bc.ca/dataset/crown-land-pricing-zones-log-handling,Rent calculation for the use of Crown land for log handling purposes is based on zonal land values. There are currently 11 zones covering the province. The dataset outlines the boundaries for these zones. 
Crown Land Pricing Zones - Utilities,Lands Branch,Open Government Licence - British Columbia,file,KML MULTIPLE WMS,2025-04-25,https://catalogue.data.gov.bc.ca/dataset/crown-land-pricing-zones-utilities,Rent calculation for the use of Crown land for utilities purposes is based on zonal land values. There are currently 7 zones covering the province. The dataset outlines the boundaries for these zones. 
TANTALIS - Crown Land Development Agreements,Lands Branch,Open Government Licence - British Columbia,file,KML MULTIPLE WMS,2026-09-24,https://catalogue.data.gov.bc.ca/dataset/tantalis-crown-land-development-agreements,TA_CROWN_DVLOPMNT_AGRMNTS_SVW contains the spatial representation (polygon) of active and applied for Land Act Development Agreements. Development Agreements allow for use of Crown Land for development with conditions for future purchase of base lands or tenure of property. The view was created to p
TANTALIS - Crown Land Inclusions,Lands Branch,Open Government Licence - British Columbia,file,KML MULTIPLE WMS,2026-09-24,https://catalogue.data.gov.bc.ca/dataset/tantalis-crown-land-inclusions,TA_CROWN_INCLUSIONS_SVW contains the spatial representation (polygon) of active and applied for Crown Land Inclusions. Inclusions are a mechanism by which an interest holder can extend for inclusion their holdings based on statutory provisions within the Land and Land Title Acts. The view was create
TANTALIS - Crown Land Inventory,Lands Branch,Open Government Licence - British Columbia,file,KML MULTIPLE WMS,2026-09-24,https://catalogue.data.gov.bc.ca/dataset/tantalis-crown-land-inventory,TA_CROWN_INVENTORY_SVW contains the spatial representation (polygon) of active and applied for Crown Land Inventory Dispositions. Inventories are lands identified for review to determine the availability to market. The view was created to provide a simplified presentation of this single tenure type 
TANTALIS - Crown Land Leases,Lands Branch,Open Government Licence - British Columbia,file,KML MULTIPLE WMS,2026-09-24,https://catalogue.data.gov.bc.ca/dataset/tantalis-crown-land-leases,"TA_CROWN_LEASES_SVW - A Crown Land Lease is a type of land tenure issued under the Land Act. A Land Act Lease is issued where long term tenure is required, where substantial improvements are proposed, and/or where definite boundaries are required in order to avoid land use and property conflicts. Th"
TANTALIS - Crown Land Licenses,Lands Branch,Open Government Licence - British Columbia,file,KML MULTIPLE WMS,2026-09-24,https://catalogue.data.gov.bc.ca/dataset/tantalis-crown-land-licenses,"TA_CROWN_LICENSES_SVW contains the spatial representation (polygon) of active and applied for Land Act Licences. Land Act Licences (chapter 245) is not registerable, does not require a survey, possesses fewer rights than a lease and conveys non-exclusive use. The view was created to provide a simpli"
TANTALIS - Crown Land Operating Agreements,Lands Branch,Open Government Licence - British Columbia,file,KML MULTIPLE WMS,2026-09-24,https://catalogue.data.gov.bc.ca/dataset/tantalis-crown-land-operating-agreements,TA_CROWN_OPERATING_AGRMNTS_SVW contains the spatial representation (polygon) of active and applied for Crown Land Operating Agreements. Operating agreements provide for use of Crown Land for operation/development but do not provide for future purchasing of land. The view was created to provide a sim
TANTALIS - Crown Land Permits,Lands Branch,Open Government Licence - British Columbia,file,KML MULTIPLE WMS,2026-09-24,https://catalogue.data.gov.bc.ca/dataset/tantalis-crown-land-permits,"TA_CROWN_PERMITS_SVW contains the spatial representation (polygon) of active and applied for Land Act Permits. Land Act Permits grant the right to carry out specific activity(s) for a short term, but do not allow for the construction of permanent improvements on the land. The view was created to pro"
TANTALIS - Crown Land Reserves and Notations,Lands Branch,Open Government Licence - British Columbia,file,KML MULTIPLE WMS,2026-09-24,https://catalogue.data.gov.bc.ca/dataset/tantalis-crown-land-reserves-and-notations,TA_CROWN_RSRV_NOTATIONS_SVW contains the spatial representation (polygon) of active and applied for Reserves and Notations. Reserves are a particular type of crown land tenure that grants an agency the right to implement a restriction on the use of crown land. Federal and Provincial government agenc
TANTALIS - Crown Land Revenue Sharing Agreements,Lands Branch,Open Government Licence - British Columbia,file,KML MULTIPLE WMS,2026-09-24,https://catalogue.data.gov.bc.ca/dataset/tantalis-crown-land-revenue-sharing-agreements,TA_CROWN_REV_SHARE_AGRMNTS_SVW contains the spatial representation (polygon) of active and applied for Crown Land Revenue Sharing Agreements. A Revenue Sharing Agreement is made between the crown and one or more parties to share revenue. The view was created to provide a simplified presentation of t
TANTALIS - Crown Land Rights-of-way,Lands Branch,Open Government Licence - British Columbia,file,KML MULTIPLE WMS,2026-09-24,https://catalogue.data.gov.bc.ca/dataset/tantalis-crown-land-rights-of-way,"TA_CROWN_RIGHTS_OF_WAY_SVW contains the spatial representation (polygon) of active and applied for Statutory Rights-of-way. Statutory rights-of-way are registerable in a Land Titles office, and are normally issued to authorize linear uses of Crown Land for transportation, communication, energy produ"
TANTALIS - Crown Tenures,Lands Branch,Open Government Licence - British Columbia,file,KML MULTIPLE WMS,2026-09-24,https://catalogue.data.gov.bc.ca/dataset/tantalis-crown-tenures,Current Land Act tenures and applications for such tenures: a subset of crown land dispositions that are issued for specific purposes and periods of time under an agreement between an individual or company and the provincial government for an interest in crown land. Conveyances of ownership are not 
TANTALIS - Integrated Survey Areas,Lands Branch,Open Government Licence - British Columbia,file,KML MULTIPLE WMS,2026-09-24,https://catalogue.data.gov.bc.ca/dataset/tantalis-integrated-survey-areas,An Integrated Survey Area is an administrative area within which a British Columbia Land Surveyor is required to integrate cadastral surveys with a network of control monuments under the Integrated Survey Area. Tantalis is an information system designed specifically for the needs of the complex work
TANTALIS - Land Districts,Lands Branch,Open Government Licence - British Columbia,file,KML MULTIPLE WMS,2026-09-24,https://catalogue.data.gov.bc.ca/dataset/tantalis-land-districts,TA_LAND_DISTRICTS_SVW contains the spatial representation (polygon) of the current extent of the administrative areas defined under Section 2 of the Land Act as Land Districts. The was created to provide a simplified view of this data from the administrative boundaries information in the Tantalis op
TANTALIS - Management Areas (Spatial),Lands Branch,Open Government Licence - British Columbia,file,KML MULTIPLE WMS,2026-09-24,https://catalogue.data.gov.bc.ca/dataset/tantalis-management-areas-spatial,TA_MGMT_AREAS_SPATIAL_SVW contains the spatial representation (polygon) of the management area boundaries established pursuant to section 3 of the Muskwa-Kechika Management Area Act. The view was created to provide a simplified view of this data from the administrative boundaries information in the 
TANTALIS - Surveyed Parcels,Lands Branch,Open Government Licence - British Columbia,file,KML MULTIPLE WMS,2026-09-24,https://catalogue.data.gov.bc.ca/dataset/tantalis-surveyed-parcels,TA_SURVEY_PARCELS_SVW Contains the spatial representation (polygon) of all active primary and subdivision parcels of land that are or have been within the purview of the B.C. Crown Land Management program. The view was created to provide a simplified view of this data from the survey parcel informat
TANTALIS - Surveyed Right-of-way Parcels,Lands Branch,Open Government Licence - British Columbia,file,KML MULTIPLE WMS,2026-09-24,https://catalogue.data.gov.bc.ca/dataset/tantalis-surveyed-right-of-way-parcels,"TA_SURVEYED_ROW_PARCELS_SVW contains the spatial representation (polygon) of all parcels of land surveyed for statutory access or Right-of-Way purposes, with active surveys, that are or have been within the purview of the B.C. Crown Land Management program. The view was created to provide a simplifi"
TANTALIS - Wildlife Management Areas,Lands Branch,Open Government Licence - British Columbia,file,KML MULTIPLE WMS,2026-09-24,https://catalogue.data.gov.bc.ca/dataset/tantalis-wildlife-management-areas,"TA_WILDLIFE_MGMT_AREAS_SVW contains the spatial representation (polygon) of the areas under the administration and control of the Conservation Lands Program of the Ministry of Forests, Lands, Natural Resource Operations and Rural Development and designated as Wildlife Management Areas under the Wild"
BC Liquor Store Locations,Liquor Distribution,Open Government Licence - British Columbia,file,CSV,2026-09-10,https://catalogue.data.gov.bc.ca/dataset/bc-liquor-store-locations,"BC Liquor stores locations; includes names, addresses, and phone numbers."
BC Liquor Store Product Price List - Historical Prices,Liquor Distribution,Open Government Licence - British Columbia,file,CSV,2026-09-10,https://catalogue.data.gov.bc.ca/dataset/bc-liquor-store-product-price-list-historical-prices,"Historical price list of products available from BC Liquor Stores. Inclusion of products in this list does not guarantee availability or continued supply. Prices shown do not include taxes and are subject to change. In the event of any error or omission published in this file, the product descriptio"
Local Government Interest Rates on Taxes in Arrears or Delinquent,Local Government Infrastructure and Finance,Open Government Licence - British Columbia,file,CSV HTML XLS,2022-05-19,https://catalogue.data.gov.bc.ca/dataset/local-government-interest-rates-on-taxes-in-arrears-or-delinquent,"These rates are established under Section 11(3) of the Taxation (Rural Area) Act. The rates are also applicable to Sections 412 and 417 of the Local Government Act and Section 245, 246 and 254 of the Community Charter. These rates are calculated by adding three percent to the prime lending rate (as "
Local Government Interest on Refunds of Tax Overpayments,Local Government Infrastructure and Finance,Open Government Licence - British Columbia,file,CSV HTML XLS,2022-05-19,https://catalogue.data.gov.bc.ca/dataset/local-government-interest-on-refunds-of-tax-overpayments,This dataset consists of the interests rates for refunds of tax overpayments under Section 239 of the Community Charter. These rates are calculated by subtracting two percent from the prime lending rate (as of the 15th of the month preceding the effective date) of the principal banker to the Provinc
Local Government Statistics - Analysis of Authorized Debt and Short-Term Capital Borrowing - Municipality - 2008,Local Government Infrastructure and Finance,Open Government Licence - British Columbia,file,XLS,2017-11-22,https://catalogue.data.gov.bc.ca/dataset/local-government-statistics-analysis-of-authorized-debt-and-short-term-capital-borrowing-municipalit,Local Government Statistics - General Statistics - Analysis of Authorized Debt and Short-Term Capital Borrowing - Municipality - 2008. The Statistics schedules consist of data provided to the ministry by local governments in annual financial reporting forms. While the ministry does perform checks of
Local Government Statistics - Analysis of Authorized Debt and Short-Term Capital Borrowing - Regional District - 2008,Local Government Infrastructure and Finance,Open Government Licence - British Columbia,file,XLS,2017-11-22,https://catalogue.data.gov.bc.ca/dataset/local-government-statistics-analysis-of-authorized-debt-and-short-term-capital-borrowing-regional-di,Local Government Statistics - General Statistics - Analysis of Authorized Debt and Short-Term Capital Borrowing - Regional District - 2008. The Statistics schedules consist of data provided to the ministry by local governments in annual financial reporting forms. While the ministry does perform chec
Local Government Statistics - Assets - Municipality - 2003,Local Government Infrastructure and Finance,Open Government Licence - British Columbia,file,XLS,2022-04-06,https://catalogue.data.gov.bc.ca/dataset/local-government-statistics-assets-municipality-2003,"Local Government Statistics - General Statistics - Assets - Municipality - 2003. The Statistics schedules consist of data provided to the ministry by local governments in annual financial reporting forms. While the ministry does perform checks of the data, we do not guarantee its accuracy or validit"
Local Government Statistics - Assets - Municipality - 2004,Local Government Infrastructure and Finance,Open Government Licence - British Columbia,file,XLS,2022-04-06,https://catalogue.data.gov.bc.ca/dataset/local-government-statistics-assets-municipality-2004,"Local Government Statistics - General Statistics - Assets - Municipality - 2004. The Statistics schedules consist of data provided to the ministry by local governments in annual financial reporting forms. While the ministry does perform checks of the data, we do not guarantee its accuracy or validit"
Local Government Statistics - Assets - Municipality - 2005,Local Government Infrastructure and Finance,Open Government Licence - British Columbia,file,XLS,2022-04-06,https://catalogue.data.gov.bc.ca/dataset/local-government-statistics-assets-municipality-2005,"Local Government Statistics - General Statistics - Assets - Municipality - 2005. The Statistics schedules consist of data provided to the ministry by local governments in annual financial reporting forms. While the ministry does perform checks of the data, we do not guarantee its accuracy or validit"
Local Government Statistics - Assets - Municipality - 2006,Local Government Infrastructure and Finance,Open Government Licence - British Columbia,file,XLS,2022-04-06,https://catalogue.data.gov.bc.ca/dataset/local-government-statistics-assets-municipality-2006,"Local Government Statistics - General Statistics - Assets - Municipality - 2006. The Statistics schedules consist of data provided to the ministry by local governments in annual financial reporting forms. While the ministry does perform checks of the data, we do not guarantee its accuracy or validit"
Local Government Statistics - Assets - Municipality - 2007,Local Government Infrastructure and Finance,Open Government Licence - British Columbia,file,XLS,2022-04-06,https://catalogue.data.gov.bc.ca/dataset/local-government-statistics-assets-municipality-2007,"Local Government Statistics - General Statistics - Assets - Municipality - 2007. The Statistics schedules consist of data provided to the ministry by local governments in annual financial reporting forms. While the ministry does perform checks of the data, we do not guarantee its accuracy or validit"
Local Government Statistics - Assets - Municipality - 2008,Local Government Infrastructure and Finance,Open Government Licence - British Columbia,file,XLS,2022-04-06,https://catalogue.data.gov.bc.ca/dataset/local-government-statistics-assets-municipality-2008,"Local Government Statistics - General Statistics - Assets - Municipality - 2008. The Statistics schedules consist of data provided to the ministry by local governments in annual financial reporting forms. While the ministry does perform checks of the data, we do not guarantee its accuracy or validit"
Local Government Statistics - Assets - Regional District - 2003,Local Government Infrastructure and Finance,Open Government Licence - British Columbia,file,XLS,2022-04-06,https://catalogue.data.gov.bc.ca/dataset/local-government-statistics-assets-regional-district-2003,"Local Government Statistics - General Statistics - Assets - Regional District - 2003. The Statistics schedules consist of data provided to the ministry by local governments in annual financial reporting forms. While the ministry does perform checks of the data, we do not guarantee its accuracy or va"
Local Government Statistics - Assets - Regional District - 2004,Local Government Infrastructure and Finance,Open Government Licence - British Columbia,file,XLS,2022-04-06,https://catalogue.data.gov.bc.ca/dataset/local-government-statistics-assets-regional-district-2004,"Local Government Statistics - General Statistics - Assets - Regional District - 2004. The Statistics schedules consist of data provided to the ministry by local governments in annual financial reporting forms. While the ministry does perform checks of the data, we do not guarantee its accuracy or va"
Local Government Statistics - Assets - Regional District - 2005,Local Government Infrastructure and Finance,Open Government Licence - British Columbia,file,XLS,2022-04-06,https://catalogue.data.gov.bc.ca/dataset/local-government-statistics-assets-regional-district-2005,"Local Government Statistics - General Statistics - Assets - Regional District - 2005. The Statistics schedules consist of data provided to the ministry by local governments in annual financial reporting forms. While the ministry does perform checks of the data, we do not guarantee its accuracy or va"
Local Government Statistics - Assets - Regional District - 2006,Local Government Infrastructure and Finance,Open Government Licence - British Columbia,file,XLS,2022-04-06,https://catalogue.data.gov.bc.ca/dataset/local-government-statistics-assets-regional-district-2006,"Local Government Statistics - General Statistics - Assets - Regional District - 2006. The Statistics schedules consist of data provided to the ministry by local governments in annual financial reporting forms. While the ministry does perform checks of the data, we do not guarantee its accuracy or va"
Local Government Statistics - Assets - Regional District - 2007,Local Government Infrastructure and Finance,Open Government Licence - British Columbia,file,XLS,2022-04-06,https://catalogue.data.gov.bc.ca/dataset/local-government-statistics-assets-regional-district-2007,"Local Government Statistics - General Statistics - Assets - Regional District - 2007. The Statistics schedules consist of data provided to the ministry by local governments in annual financial reporting forms. While the ministry does perform checks of the data, we do not guarantee its accuracy or va"
Local Government Statistics - Assets - Regional District - 2008,Local Government Infrastructure and Finance,Open Government Licence - British Columbia,file,XLS,2022-04-06,https://catalogue.data.gov.bc.ca/dataset/local-government-statistics-assets-regional-district-2008,"Local Government Statistics - General Statistics - Assets - Regional District - 2008. The Statistics schedules consist of data provided to the ministry by local governments in annual financial reporting forms. While the ministry does perform checks of the data, we do not guarantee its accuracy or va"
Local Government Statistics - Development Cost Charges and Building Permit Information - Municipality - 2003,Local Government Infrastructure and Finance,Open Government Licence - British Columbia,file,XLS,2017-11-22,https://catalogue.data.gov.bc.ca/dataset/local-government-statistics-development-cost-charges-and-building-permit-information-municipalit-004,Local Government Statistics - General Statistics - Development Cost Charges (DCCs) and Building Permit Information - Municipality - 2003. The Statistics schedules consist of data provided to the ministry by local governments in annual financial reporting forms. While the ministry does perform checks
Local Government Statistics - Development Cost Charges and Building Permit Information - Municipality - 2004,Local Government Infrastructure and Finance,Open Government Licence - British Columbia,file,XLS,2017-11-22,https://catalogue.data.gov.bc.ca/dataset/local-government-statistics-development-cost-charges-and-building-permit-information-municipalit-005,Local Government Statistics - General Statistics - Development Cost Charges (DCCs) and Building Permit Information - Municipality - 2004. The Statistics schedules consist of data provided to the ministry by local governments in annual financial reporting forms. While the ministry does perform checks
Local Government Statistics - Development Cost Charges and Building Permit Information - Municipality - 2005,Local Government Infrastructure and Finance,Open Government Licence - British Columbia,file,XLS,2017-11-22,https://catalogue.data.gov.bc.ca/dataset/local-government-statistics-development-cost-charges-and-building-permit-information-municipality-20,Local Government Statistics - General Statistics - Development Cost Charges (DCCs) and Building Permit Information - Municipality - 2005. The Statistics schedules consist of data provided to the ministry by local governments in annual financial reporting forms. While the ministry does perform checks
Local Government Statistics - Development Cost Charges and Building Permit Information - Municipality - 2006,Local Government Infrastructure and Finance,Open Government Licence - British Columbia,file,XLS,2017-11-22,https://catalogue.data.gov.bc.ca/dataset/local-government-statistics-development-cost-charges-and-building-permit-information-municipalit-001,Local Government Statistics - General Statistics - Development Cost Charges (DCCs) and Building Permit Information - Municipality - 2006. The Statistics schedules consist of data provided to the ministry by local governments in annual financial reporting forms. While the ministry does perform checks
Local Government Statistics - Development Cost Charges and Building Permit Information - Municipality - 2007,Local Government Infrastructure and Finance,Open Government Licence - British Columbia,file,XLS,2017-11-22,https://catalogue.data.gov.bc.ca/dataset/local-government-statistics-development-cost-charges-and-building-permit-information-municipalit-002,Local Government Statistics - General Statistics - Development Cost Charges (DCCs) and Building Permit Information - Municipality - 2007. The Statistics schedules consist of data provided to the ministry by local governments in annual financial reporting forms. While the ministry does perform checks
Local Government Statistics - Development Cost Charges and Building Permit Information - Municipality - 2008,Local Government Infrastructure and Finance,Open Government Licence - British Columbia,file,XLS,2017-11-22,https://catalogue.data.gov.bc.ca/dataset/local-government-statistics-development-cost-charges-and-building-permit-information-municipalit-003,Local Government Statistics - General Statistics - Development Cost Charges (DCCs) and Building Permit Information - Municipality - 2008. The Statistics schedules consist of data provided to the ministry by local governments in annual financial reporting forms. While the ministry does perform checks
Local Government Statistics - Development Cost Charges and Building Permit Information - Regional District - 2003,Local Government Infrastructure and Finance,Open Government Licence - British Columbia,file,XLS,2017-11-22,https://catalogue.data.gov.bc.ca/dataset/local-government-statistics-development-cost-charges-and-building-permit-information-regional-di-001,Local Government Statistics - General Statistics - Development Cost Charges (DCCs) and Building Permit Information - Regional District - 2003. The Statistics schedules consist of data provided to the ministry by local governments in annual financial reporting forms. While the ministry does perform c
Local Government Statistics - Development Cost Charges and Building Permit Information - Regional District - 2004,Local Government Infrastructure and Finance,Open Government Licence - British Columbia,file,XLS,2017-11-22,https://catalogue.data.gov.bc.ca/dataset/local-government-statistics-development-cost-charges-and-building-permit-information-regional-di-002,Local Government Statistics - General Statistics - Development Cost Charges (DCCs) and Building Permit Information - Regional District - 2004. The Statistics schedules consist of data provided to the ministry by local governments in annual financial reporting forms. While the ministry does perform c
Local Government Statistics - Development Cost Charges and Building Permit Information - Regional District - 2005,Local Government Infrastructure and Finance,Open Government Licence - British Columbia,file,XLS,2017-11-22,https://catalogue.data.gov.bc.ca/dataset/local-government-statistics-development-cost-charges-and-building-permit-information-regional-di-003,Local Government Statistics - General Statistics - Development Cost Charges (DCCs) and Building Permit Information - Regional District - 2005. The Statistics schedules consist of data provided to the ministry by local governments in annual financial reporting forms. While the ministry does perform c
Local Government Statistics - Development Cost Charges and Building Permit Information - Regional District - 2006,Local Government Infrastructure and Finance,Open Government Licence - British Columbia,file,XLS,2017-11-22,https://catalogue.data.gov.bc.ca/dataset/local-government-statistics-development-cost-charges-and-building-permit-information-regional-2006,Local Government Statistics - General Statistics - Development Cost Charges (DCCs) and Building Permit Information - Regional District - 2006. The Statistics schedules consist of data provided to the ministry by local governments in annual financial reporting forms. While the ministry does perform c
Local Government Statistics - Development Cost Charges and Building Permit Information - Regional District - 2007,Local Government Infrastructure and Finance,Open Government Licence - British Columbia,file,XLS,2017-11-22,https://catalogue.data.gov.bc.ca/dataset/local-government-statistics-development-cost-charges-and-building-permit-information-regional-distri,Local Government Statistics - General Statistics - Development Cost Charges (DCCs) and Building Permit Information - Regional District - 2007. The Statistics schedules consist of data provided to the ministry by local governments in annual financial reporting forms. While the ministry does perform c
Local Government Statistics - Development Cost Charges and Building Permit Information - Regional District - 2008,Local Government Infrastructure and Finance,Open Government Licence - British Columbia,file,XLS,2017-11-22,https://catalogue.data.gov.bc.ca/dataset/local-government-statistics-development-cost-charges-and-building-permit-information-regional-2008,Local Government Statistics - General Statistics - Development Cost Charges (DCCs) and Building Permit Information - Regional District - 2008. The Statistics schedules consist of data provided to the ministry by local governments in annual financial reporting forms. While the ministry does perform c
Local Government Statistics - Equity - Municipality - 2003,Local Government Infrastructure and Finance,Open Government Licence - British Columbia,file,XLS,2022-04-06,https://catalogue.data.gov.bc.ca/dataset/local-government-statistics-equity-municipality-2003,"Local Government Statistics - General Statistics - Equity - Municipality - 2003. The Statistics schedules consist of data provided to the ministry by local governments in annual financial reporting forms. While the ministry does perform checks of the data, we do not guarantee its accuracy or validit"
Local Government Statistics - Equity - Municipality - 2004,Local Government Infrastructure and Finance,Open Government Licence - British Columbia,file,XLS,2022-04-06,https://catalogue.data.gov.bc.ca/dataset/local-government-statistics-equity-municipality-2004,"Local Government Statistics - General Statistics - Equity - Municipality - 2004. The Statistics schedules consist of data provided to the ministry by local governments in annual financial reporting forms. While the ministry does perform checks of the data, we do not guarantee its accuracy or validit"
Local Government Statistics - Equity - Municipality - 2005,Local Government Infrastructure and Finance,Open Government Licence - British Columbia,file,XLS,2022-04-06,https://catalogue.data.gov.bc.ca/dataset/local-government-statistics-equity-municipality-2005,"Local Government Statistics - General Statistics - Equity - Municipality - 2005. The Statistics schedules consist of data provided to the ministry by local governments in annual financial reporting forms. While the ministry does perform checks of the data, we do not guarantee its accuracy or validit"
Local Government Statistics - Equity - Municipality - 2006,Local Government Infrastructure and Finance,Open Government Licence - British Columbia,file,XLS,2022-04-06,https://catalogue.data.gov.bc.ca/dataset/local-government-statistics-equity-municipality-2006,"Local Government Statistics - General Statistics - Equity - Municipality - 2006. The Statistics schedules consist of data provided to the ministry by local governments in annual financial reporting forms. While the ministry does perform checks of the data, we do not guarantee its accuracy or validit"
Local Government Statistics - Equity - Municipality - 2007,Local Government Infrastructure and Finance,Open Government Licence - British Columbia,file,XLS,2022-04-06,https://catalogue.data.gov.bc.ca/dataset/local-government-statistics-equity-municipality-2007,"Local Government Statistics - General Statistics - Equity - Municipality - 2007. The Statistics schedules consist of data provided to the ministry by local governments in annual financial reporting forms. While the ministry does perform checks of the data, we do not guarantee its accuracy or validit"
Local Government Statistics - Equity - Regional District - 2003,Local Government Infrastructure and Finance,Open Government Licence - British Columbia,file,XLS,2022-04-06,https://catalogue.data.gov.bc.ca/dataset/local-government-statistics-equity-regional-district-2003,"Local Government Statistics - General Statistics - Equity - Regional District - 2003. The Statistics schedules consist of data provided to the ministry by local governments in annual financial reporting forms. While the ministry does perform checks of the data, we do not guarantee its accuracy or va"
Local Government Statistics - Equity - Regional District - 2004,Local Government Infrastructure and Finance,Open Government Licence - British Columbia,file,XLS,2022-04-06,https://catalogue.data.gov.bc.ca/dataset/local-government-statistics-equity-regional-district-2004,"Local Government Statistics - General Statistics - Equity - Regional District - 2004. The Statistics schedules consist of data provided to the ministry by local governments in annual financial reporting forms. While the ministry does perform checks of the data, we do not guarantee its accuracy or va"
Local Government Statistics - Equity - Regional District - 2005,Local Government Infrastructure and Finance,Open Government Licence - British Columbia,file,XLS,2022-04-06,https://catalogue.data.gov.bc.ca/dataset/local-government-statistics-equity-regional-district-2005,"Local Government Statistics - General Statistics - Equity - Regional District - 2005. The Statistics schedules consist of data provided to the ministry by local governments in annual financial reporting forms. While the ministry does perform checks of the data, we do not guarantee its accuracy or va"
Local Government Statistics - Equity - Regional District - 2006,Local Government Infrastructure and Finance,Open Government Licence - British Columbia,file,XLS,2022-04-06,https://catalogue.data.gov.bc.ca/dataset/local-government-statistics-equity-regional-district-2006,"Local Government Statistics - General Statistics - Equity - Regional District - 2006. The Statistics schedules consist of data provided to the ministry by local governments in annual financial reporting forms. While the ministry does perform checks of the data, we do not guarantee its accuracy or va"
Local Government Statistics - Equity - Regional District - 2007,Local Government Infrastructure and Finance,Open Government Licence - British Columbia,file,XLS,2022-04-06,https://catalogue.data.gov.bc.ca/dataset/local-government-statistics-equity-regional-district-2007,"Local Government Statistics - General Statistics - Equity - Regional District - 2007. The Statistics schedules consist of data provided to the ministry by local governments in annual financial reporting forms. While the ministry does perform checks of the data, we do not guarantee its accuracy or va"
Local Government Statistics - Expenditure - Municipality - 2003,Local Government Infrastructure and Finance,Open Government Licence - British Columbia,file,XLS,2022-04-06,https://catalogue.data.gov.bc.ca/dataset/local-government-statistics-expenditure-municipality-2003,"Local Government Statistics - General Statistics - Expenditure - Municipality - 2003. The Statistics schedules consist of data provided to the ministry by local governments in annual financial reporting forms. While the ministry does perform checks of the data, we do not guarantee its accuracy or va"
Local Government Statistics - Expenditure - Municipality - 2004,Local Government Infrastructure and Finance,Open Government Licence - British Columbia,file,XLS,2022-04-06,https://catalogue.data.gov.bc.ca/dataset/local-government-statistics-expenditure-municipality-2004,"Local Government Statistics - General Statistics - Expenditure - Municipality - 2004. The Statistics schedules consist of data provided to the ministry by local governments in annual financial reporting forms. While the ministry does perform checks of the data, we do not guarantee its accuracy or va"
Local Government Statistics - Expenditure - Municipality - 2005,Local Government Infrastructure and Finance,Open Government Licence - British Columbia,file,XLS,2022-04-06,https://catalogue.data.gov.bc.ca/dataset/local-government-statistics-expenditure-municipality-2005,"Local Government Statistics - General Statistics - Expenditure - Municipality - 2005. The Statistics schedules consist of data provided to the ministry by local governments in annual financial reporting forms. While the ministry does perform checks of the data, we do not guarantee its accuracy or va"
Local Government Statistics - Expenditure - Municipality - 2006,Local Government Infrastructure and Finance,Open Government Licence - British Columbia,file,XLS,2022-04-06,https://catalogue.data.gov.bc.ca/dataset/local-government-statistics-expenditure-municipality-2006,"Local Government Statistics - General Statistics - Expenditure - Municipality - 2006. The Statistics schedules consist of data provided to the ministry by local governments in annual financial reporting forms. While the ministry does perform checks of the data, we do not guarantee its accuracy or va"
Local Government Statistics - Expenditure - Municipality - 2007,Local Government Infrastructure and Finance,Open Government Licence - British Columbia,file,XLS,2022-04-06,https://catalogue.data.gov.bc.ca/dataset/local-government-statistics-expenditure-municipality-2007,"Local Government Statistics - General Statistics - Expenditure - Municipality - 2007. The Statistics schedules consist of data provided to the ministry by local governments in annual financial reporting forms. While the ministry does perform checks of the data, we do not guarantee its accuracy or va"
Local Government Statistics - Expenditure - Municipality - 2008,Local Government Infrastructure and Finance,Open Government Licence - British Columbia,file,XLS,2022-04-06,https://catalogue.data.gov.bc.ca/dataset/local-government-statistics-expenditure-municipality-2008,"Local Government Statistics - General Statistics - Expenditure - Municipality - 2008. The Statistics schedules consist of data provided to the ministry by local governments in annual financial reporting forms. While the ministry does perform checks of the data, we do not guarantee its accuracy or va"
Local Government Statistics - Expenditure - Regional District - 2003,Local Government Infrastructure and Finance,Open Government Licence - British Columbia,file,XLS,2022-04-06,https://catalogue.data.gov.bc.ca/dataset/local-government-statistics-expenditure-regional-district-2003,"Local Government Statistics - General Statistics - Expenditure - Regional District - 2003. The Statistics schedules consist of data provided to the ministry by local governments in annual financial reporting forms. While the ministry does perform checks of the data, we do not guarantee its accuracy "
Local Government Statistics - Expenditure - Regional District - 2004,Local Government Infrastructure and Finance,Open Government Licence - British Columbia,file,XLS,2022-04-06,https://catalogue.data.gov.bc.ca/dataset/local-government-statistics-expenditure-regional-district-2004,"Local Government Statistics - General Statistics - Expenditure - Regional District - 2004. The Statistics schedules consist of data provided to the ministry by local governments in annual financial reporting forms. While the ministry does perform checks of the data, we do not guarantee its accuracy "
Local Government Statistics - Expenditure - Regional District - 2006,Local Government Infrastructure and Finance,Open Government Licence - British Columbia,file,XLS,2022-04-06,https://catalogue.data.gov.bc.ca/dataset/local-government-statistics-expenditure-regional-district-2006,"Local Government Statistics - General Statistics - Expenditure - Regional District - 2006. The Statistics schedules consist of data provided to the ministry by local governments in annual financial reporting forms. While the ministry does perform checks of the data, we do not guarantee its accuracy "
Local Government Statistics - Expenditure - Regional District - 2007,Local Government Infrastructure and Finance,Open Government Licence - British Columbia,file,XLS,2022-04-06,https://catalogue.data.gov.bc.ca/dataset/local-government-statistics-expenditure-regional-district-2007,"Local Government Statistics - General Statistics - Expenditure - Regional District - 2007. The Statistics schedules consist of data provided to the ministry by local governments in annual financial reporting forms. While the ministry does perform checks of the data, we do not guarantee its accuracy "
Local Government Statistics - Expenditure - Regional District - 2008,Local Government Infrastructure and Finance,Open Government Licence - British Columbia,file,XLS,2022-04-06,https://catalogue.data.gov.bc.ca/dataset/local-government-statistics-expenditure-regional-district-2008,"Local Government Statistics - General Statistics - Expenditure - Regional District - 2008. The Statistics schedules consist of data provided to the ministry by local governments in annual financial reporting forms. While the ministry does perform checks of the data, we do not guarantee its accuracy "
Local Government Statistics - Financial Equity - Municipality - 2003,Local Government Infrastructure and Finance,Open Government Licence - British Columbia,file,XLS,2022-04-06,https://catalogue.data.gov.bc.ca/dataset/local-government-statistics-financial-equity-municipality-2003,"Local Government Statistics - General Statistics - Financial Equity - Municipality - 2003. The Statistics schedules consist of data provided to the ministry by local governments in annual financial reporting forms. While the ministry does perform checks of the data, we do not guarantee its accuracy "
Local Government Statistics - Financial Equity - Municipality - 2004,Local Government Infrastructure and Finance,Open Government Licence - British Columbia,file,XLS,2022-04-06,https://catalogue.data.gov.bc.ca/dataset/local-government-statistics-financial-equity-municipality-2004,"Local Government Statistics - General Statistics - Financial Equity - Municipality - 2004. The Statistics schedules consist of data provided to the ministry by local governments in annual financial reporting forms. While the ministry does perform checks of the data, we do not guarantee its accuracy "
Local Government Statistics - Financial Equity - Municipality - 2005,Local Government Infrastructure and Finance,Open Government Licence - British Columbia,file,XLS,2022-04-06,https://catalogue.data.gov.bc.ca/dataset/local-government-statistics-financial-equity-municipality-2005,"Local Government Statistics - General Statistics - Financial Equity - Municipality - 2005. The Statistics schedules consist of data provided to the ministry by local governments in annual financial reporting forms. While the ministry does perform checks of the data, we do not guarantee its accuracy "
Local Government Statistics - Financial Equity - Municipality - 2006,Local Government Infrastructure and Finance,Open Government Licence - British Columbia,file,XLS,2022-04-06,https://catalogue.data.gov.bc.ca/dataset/local-government-statistics-financial-equity-municipality-2006,"Local Government Statistics - General Statistics - Financial Equity - Municipality - 2006. The Statistics schedules consist of data provided to the ministry by local governments in annual financial reporting forms. While the ministry does perform checks of the data, we do not guarantee its accuracy "
Local Government Statistics - Financial Equity - Municipality - 2007,Local Government Infrastructure and Finance,Open Government Licence - British Columbia,file,XLS,2022-04-06,https://catalogue.data.gov.bc.ca/dataset/local-government-statistics-financial-equity-municipality-2007,"Local Government Statistics - General Statistics - Financial Equity - Municipality - 2007. The Statistics schedules consist of data provided to the ministry by local governments in annual financial reporting forms. While the ministry does perform checks of the data, we do not guarantee its accuracy "
Local Government Statistics - Financial Equity - Regional District - 2003,Local Government Infrastructure and Finance,Open Government Licence - British Columbia,file,XLS,2022-04-06,https://catalogue.data.gov.bc.ca/dataset/local-government-statistics-financial-equity-regional-district-2003,"Local Government Statistics - General Statistics - Financial Equity - Regional District - 2003. The Statistics schedules consist of data provided to the ministry by local governments in annual financial reporting forms. While the ministry does perform checks of the data, we do not guarantee its accu"
Local Government Statistics - Financial Equity - Regional District - 2004,Local Government Infrastructure and Finance,Open Government Licence - British Columbia,file,XLS,2022-04-06,https://catalogue.data.gov.bc.ca/dataset/local-government-statistics-financial-equity-regional-district-2004,"Local Government Statistics - General Statistics - Financial Equity - Regional District - 2004. The Statistics schedules consist of data provided to the ministry by local governments in annual financial reporting forms. While the ministry does perform checks of the data, we do not guarantee its accu"
Local Government Statistics - Financial Equity - Regional District - 2005,Local Government Infrastructure and Finance,Open Government Licence - British Columbia,file,XLS,2022-04-06,https://catalogue.data.gov.bc.ca/dataset/local-government-statistics-financial-equity-regional-district-2005,"Local Government Statistics - General Statistics - Financial Equity - Regional District - 2005. The Statistics schedules consist of data provided to the ministry by local governments in annual financial reporting forms. While the ministry does perform checks of the data, we do not guarantee its accu"
Local Government Statistics - Financial Equity - Regional District - 2006,Local Government Infrastructure and Finance,Open Government Licence - British Columbia,file,XLS,2022-04-06,https://catalogue.data.gov.bc.ca/dataset/local-government-statistics-financial-equity-regional-district-2006,"Local Government Statistics - General Statistics - Financial Equity - Regional District - 2006. The Statistics schedules consist of data provided to the ministry by local governments in annual financial reporting forms. While the ministry does perform checks of the data, we do not guarantee its accu"
Local Government Statistics - Financial Equity - Regional District - 2007,Local Government Infrastructure and Finance,Open Government Licence - British Columbia,file,XLS,2022-04-06,https://catalogue.data.gov.bc.ca/dataset/local-government-statistics-financial-equity-regional-district-2007,"Local Government Statistics - General Statistics - Financial Equity - Regional District - 2007. The Statistics schedules consist of data provided to the ministry by local governments in annual financial reporting forms. While the ministry does perform checks of the data, we do not guarantee its accu"
Local Government Statistics - General Statistics - Municipality - 2003,Local Government Infrastructure and Finance,Open Government Licence - British Columbia,file,XLS,2022-04-06,https://catalogue.data.gov.bc.ca/dataset/local-government-statistics-general-statistics-municipality-2003,"Local Government Statistics - General Statistics - Municipality - 2003. The Statistics schedules consist of data provided to the ministry by local governments in annual financial reporting forms. While the ministry does perform checks of the data, we do not guarantee its accuracy or validity. Users "
Local Government Statistics - General Statistics - Municipality - 2004,Local Government Infrastructure and Finance,Open Government Licence - British Columbia,file,XLS,2022-04-06,https://catalogue.data.gov.bc.ca/dataset/local-government-statistics-general-statistics-municipality-2004,"Local Government Statistics - General Statistics - Municipality - 2004. The Statistics schedules consist of data provided to the ministry by local governments in annual financial reporting forms. While the ministry does perform checks of the data, we do not guarantee its accuracy or validity. Users "
Local Government Statistics - General Statistics - Municipality - 2005,Local Government Infrastructure and Finance,Open Government Licence - British Columbia,file,XLS,2022-04-06,https://catalogue.data.gov.bc.ca/dataset/local-government-statistics-general-statistics-municipality-2005,"Local Government Statistics - General Statistics - Municipality - 2005. The Statistics schedules consist of data provided to the ministry by local governments in annual financial reporting forms. While the ministry does perform checks of the data, we do not guarantee its accuracy or validity. Users "
Local Government Statistics - General Statistics - Municipality - 2006,Local Government Infrastructure and Finance,Open Government Licence - British Columbia,file,XLS,2022-04-06,https://catalogue.data.gov.bc.ca/dataset/local-government-statistics-general-statistics-municipality-2006,"Local Government Statistics - General Statistics - Municipality - 2006. The Statistics schedules consist of data provided to the ministry by local governments in annual financial reporting forms. While the ministry does perform checks of the data, we do not guarantee its accuracy or validity. Users "
Local Government Statistics - General Statistics - Municipality - 2007,Local Government Infrastructure and Finance,Open Government Licence - British Columbia,file,XLS,2022-04-06,https://catalogue.data.gov.bc.ca/dataset/local-government-statistics-general-statistics-municipality-2007,"Local Government Statistics - General Statistics - Municipality -2007. The Statistics schedules consist of data provided to the ministry by local governments in annual financial reporting forms. While the ministry does perform checks of the data, we do not guarantee its accuracy or validity. Users s"
Local Government Statistics - General Statistics - Municipality - 2008,Local Government Infrastructure and Finance,Open Government Licence - British Columbia,file,XLS,2022-04-06,https://catalogue.data.gov.bc.ca/dataset/local-government-statistics-general-statistics-municipality-2008,"Local Government Statistics - General Statistics - Municipality -2008. The Statistics schedules consist of data provided to the ministry by local governments in annual financial reporting forms. While the ministry does perform checks of the data, we do not guarantee its accuracy or validity. Users s"
Local Government Statistics - Home Owner Grant Analysis - Municipality - 2003,Local Government Infrastructure and Finance,Open Government Licence - British Columbia,file,XLS,2022-04-06,https://catalogue.data.gov.bc.ca/dataset/local-government-statistics-home-owner-grant-analysis-municipality-2003,"Local Government Statistics - General Statistics - Home Owner Grant Analysis - Municipality - 2003. The Statistics schedules consist of data provided to the ministry by local governments in annual financial reporting forms. While the ministry does perform checks of the data, we do not guarantee its "
Local Government Statistics - Home Owner Grant Analysis - Municipality - 2004,Local Government Infrastructure and Finance,Open Government Licence - British Columbia,file,XLS,2022-04-06,https://catalogue.data.gov.bc.ca/dataset/local-government-statistics-home-owner-grant-analysis-municipality-2004,"Local Government Statistics - General Statistics - Home Owner Grant Analysis - Municipality - 2003. The Statistics schedules consist of data provided to the ministry by local governments in annual financial reporting forms. While the ministry does perform checks of the data, we do not guarantee its "
Local Government Statistics - Home Owner Grant Analysis - Municipality - 2005,Local Government Infrastructure and Finance,Open Government Licence - British Columbia,file,XLS,2022-04-06,https://catalogue.data.gov.bc.ca/dataset/local-government-statistics-home-owner-grant-analysis-municipality-2005,"Local Government Statistics - General Statistics - Home Owner Grant Analysis - Municipality - 2003. The Statistics schedules consist of data provided to the ministry by local governments in annual financial reporting forms. While the ministry does perform checks of the data, we do not guarantee its "
Local Government Statistics - Home Owner Grant Analysis - Municipality - 2006,Local Government Infrastructure and Finance,Open Government Licence - British Columbia,file,XLS,2022-04-06,https://catalogue.data.gov.bc.ca/dataset/local-government-statistics-home-owner-grant-analysis-municipality-2006,"Local Government Statistics - General Statistics - Home Owner Grant Analysis - Municipality - 2003. The Statistics schedules consist of data provided to the ministry by local governments in annual financial reporting forms. While the ministry does perform checks of the data, we do not guarantee its "
Local Government Statistics - Home Owner Grant Analysis - Municipality - 2007,Local Government Infrastructure and Finance,Open Government Licence - British Columbia,file,XLS,2022-04-06,https://catalogue.data.gov.bc.ca/dataset/local-government-statistics-home-owner-grant-analysis-municipality-2007,"Local Government Statistics - General Statistics - Home Owner Grant Analysis - Municipality - 2003. The Statistics schedules consist of data provided to the ministry by local governments in annual financial reporting forms. While the ministry does perform checks of the data, we do not guarantee its "
Local Government Statistics - Home Owner Grant Analysis - Municipality - 2008,Local Government Infrastructure and Finance,Open Government Licence - British Columbia,file,XLS,2022-04-06,https://catalogue.data.gov.bc.ca/dataset/local-government-statistics-home-owner-grant-analysis-municipality-2008,"Local Government Statistics - General Statistics - Home Owner Grant Analysis - Municipality - 2003. The Statistics schedules consist of data provided to the ministry by local governments in annual financial reporting forms. While the ministry does perform checks of the data, we do not guarantee its "
"Local Government Statistics - Legal Name, Incorporation date - Municipality - 2003",Local Government Infrastructure and Finance,Open Government Licence - British Columbia,file,XLS,2022-04-06,https://catalogue.data.gov.bc.ca/dataset/local-government-statistics-legal-name-incorporation-date-municipality-2003,"Local Government Statistics - Legal Name, Incorporation date - Municipality - 2003. The Statistics schedules consist of data provided to the ministry by local governments in annual financial reporting forms. While the ministry does perform checks of the data, we do not guarantee its accuracy or vali"
"Local Government Statistics - Legal Name, Incorporation date - Municipality - 2004",Local Government Infrastructure and Finance,Open Government Licence - British Columbia,file,XLS,2022-04-06,https://catalogue.data.gov.bc.ca/dataset/local-government-statistics-legal-name-incorporation-date-municipality-2004,"Local Government Statistics - Legal Name, Incorporation date - Municipality - 2004. The Statistics schedules consist of data provided to the ministry by local governments in annual financial reporting forms. While the ministry does perform checks of the data, we do not guarantee its accuracy or vali"
"Local Government Statistics - Legal Name, Incorporation date - Municipality - 2005",Local Government Infrastructure and Finance,Open Government Licence - British Columbia,file,XLS,2022-04-06,https://catalogue.data.gov.bc.ca/dataset/local-government-statistics-legal-name-incorporation-date-municipality-2005,"Local Government Statistics - Legal Name, Incorporation date - Municipality - 2005. The Statistics schedules consist of data provided to the ministry by local governments in annual financial reporting forms. While the ministry does perform checks of the data, we do not guarantee its accuracy or vali"
"Local Government Statistics - Legal Name, Incorporation date - Municipality - 2006",Local Government Infrastructure and Finance,Open Government Licence - British Columbia,file,XLS,2022-04-06,https://catalogue.data.gov.bc.ca/dataset/local-government-statistics-legal-name-incorporation-date-municipality-2006,"Local Government Statistics - Legal Name, Incorporation date - Municipality - 2006. The Statistics schedules consist of data provided to the ministry by local governments in annual financial reporting forms. While the ministry does perform checks of the data, we do not guarantee its accuracy or vali"
"Local Government Statistics - Legal Name, Incorporation date - Municipality - 2007",Local Government Infrastructure and Finance,Open Government Licence - British Columbia,file,XLS,2022-04-06,https://catalogue.data.gov.bc.ca/dataset/local-government-statistics-legal-name-incorporation-date-municipality-2007,"Local Government Statistics - Legal Name, Incorporation date - Municipality - 2007. The Statistics schedules consist of data provided to the ministry by local governments in annual financial reporting forms. While the ministry does perform checks of the data, we do not guarantee its accuracy or vali"
"Local Government Statistics - Legal Name, Incorporation date - Municipality - 2008",Local Government Infrastructure and Finance,Open Government Licence - British Columbia,file,XLS,2022-04-06,https://catalogue.data.gov.bc.ca/dataset/local-government-statistics-legal-name-incorporation-date-municipality-2008,"Local Government Statistics - Legal Name, Incorporation date - Municipality - 2003. The Statistics schedules consist of data provided to the ministry by local governments in annual financial reporting forms. While the ministry does perform checks of the data, we do not guarantee its accuracy or vali"
"Local Government Statistics - Legal Name, Incorporation date - Regional District - 2005",Local Government Infrastructure and Finance,Open Government Licence - British Columbia,file,XLS,2022-04-06,https://catalogue.data.gov.bc.ca/dataset/local-government-statistics-legal-name-incorporation-date-regional-district-2005,"Local Government Statistics - Legal Name, Incorporation date - Regional District - 2005. The Statistics schedules consist of data provided to the ministry by local governments in annual financial reporting forms. While the ministry does perform checks of the data, we do not guarantee its accuracy or"
"Local Government Statistics - Legal Name, Incorporation date - Regional District - 2006",Local Government Infrastructure and Finance,Open Government Licence - British Columbia,file,XLS,2022-04-06,https://catalogue.data.gov.bc.ca/dataset/local-government-statistics-legal-name-incorporation-date-regional-district-2006,"Local Government Statistics - Legal Name, Incorporation date - Regional District - 2006. The Statistics schedules consist of data provided to the ministry by local governments in annual financial reporting forms. While the ministry does perform checks of the data, we do not guarantee its accuracy or"
"Local Government Statistics - Legal Name, Incorporation date - Regional District - 2007",Local Government Infrastructure and Finance,Open Government Licence - British Columbia,file,XLS,2022-04-06,https://catalogue.data.gov.bc.ca/dataset/local-government-statistics-legal-name-incorporation-date-regional-district-2007,"Local Government Statistics - Legal Name, Incorporation date - Regional District - 2007. The Statistics schedules consist of data provided to the ministry by local governments in annual financial reporting forms. While the ministry does perform checks of the data, we do not guarantee its accuracy or"
"Local Government Statistics - Legal Name, Incorporation date - Regional District - 2008",Local Government Infrastructure and Finance,Open Government Licence - British Columbia,file,XLS,2022-04-06,https://catalogue.data.gov.bc.ca/dataset/local-government-statistics-legal-name-incorporation-date-regional-district-2008,"Local Government Statistics - Legal Name, Incorporation date - Regional District - 2008. The Statistics schedules consist of data provided to the ministry by local governments in annual financial reporting forms. While the ministry does perform checks of the data, we do not guarantee its accuracy or"
Local Government Statistics - Liabilities - Municipality - 2003,Local Government Infrastructure and Finance,Open Government Licence - British Columbia,file,XLS,2022-04-06,https://catalogue.data.gov.bc.ca/dataset/local-government-statistics-liabilities-municipality-2003,"Local Government Statistics - General Statistics - Liabilities - Municipality - 2003. The Statistics schedules consist of data provided to the ministry by local governments in annual financial reporting forms. While the ministry does perform checks of the data, we do not guarantee its accuracy or va"
Local Government Statistics - Liabilities - Municipality - 2004,Local Government Infrastructure and Finance,Open Government Licence - British Columbia,file,XLS,2022-04-06,https://catalogue.data.gov.bc.ca/dataset/local-government-statistics-liabilities-municipality-2004,"Local Government Statistics - General Statistics - Liabilities - Municipality - 2004. The Statistics schedules consist of data provided to the ministry by local governments in annual financial reporting forms. While the ministry does perform checks of the data, we do not guarantee its accuracy or va"
Local Government Statistics - Liabilities - Municipality - 2005,Local Government Infrastructure and Finance,Open Government Licence - British Columbia,file,XLS,2022-04-06,https://catalogue.data.gov.bc.ca/dataset/local-government-statistics-liabilities-municipality-2005,"Local Government Statistics - General Statistics - Liabilities - Municipality - 2005. The Statistics schedules consist of data provided to the ministry by local governments in annual financial reporting forms. While the ministry does perform checks of the data, we do not guarantee its accuracy or va"
Local Government Statistics - Liabilities - Municipality - 2006,Local Government Infrastructure and Finance,Open Government Licence - British Columbia,file,XLS,2022-04-06,https://catalogue.data.gov.bc.ca/dataset/local-government-statistics-liabilities-municipality-2006,"Local Government Statistics - General Statistics - Liabilities - Municipality - 2006. The Statistics schedules consist of data provided to the ministry by local governments in annual financial reporting forms. While the ministry does perform checks of the data, we do not guarantee its accuracy or va"
Local Government Statistics - Liabilities - Municipality - 2007,Local Government Infrastructure and Finance,Open Government Licence - British Columbia,file,XLS,2022-04-06,https://catalogue.data.gov.bc.ca/dataset/local-government-statistics-liabilities-municipality-2007,"Local Government Statistics - General Statistics - Liabilities - Municipality - 2007. The Statistics schedules consist of data provided to the ministry by local governments in annual financial reporting forms. While the ministry does perform checks of the data, we do not guarantee its accuracy or va"
Local Government Statistics - Liabilities - Municipality - 2008,Local Government Infrastructure and Finance,Open Government Licence - British Columbia,file,XLS,2022-04-06,https://catalogue.data.gov.bc.ca/dataset/local-government-statistics-liabilities-municipality-2008,"Local Government Statistics - General Statistics - Liabilities - Municipality - 2008. The Statistics schedules consist of data provided to the ministry by local governments in annual financial reporting forms. While the ministry does perform checks of the data, we do not guarantee its accuracy or va"
Local Government Statistics - Liabilities - Regional District - 2003,Local Government Infrastructure and Finance,Open Government Licence - British Columbia,file,XLS,2022-04-06,https://catalogue.data.gov.bc.ca/dataset/local-government-statistics-liabilities-regional-district-2003,"Local Government Statistics - General Statistics - Liabilities - Regional District - 2003. The Statistics schedules consist of data provided to the ministry by local governments in annual financial reporting forms. While the ministry does perform checks of the data, we do not guarantee its accuracy "
Local Government Statistics - Liabilities - Regional District - 2004,Local Government Infrastructure and Finance,Open Government Licence - British Columbia,file,XLS,2022-04-06,https://catalogue.data.gov.bc.ca/dataset/local-government-statistics-liabilities-regional-district-2004,"Local Government Statistics - General Statistics - Liabilities - Regional District - 2004. The Statistics schedules consist of data provided to the ministry by local governments in annual financial reporting forms. While the ministry does perform checks of the data, we do not guarantee its accuracy "
Local Government Statistics - Liabilities - Regional District - 2005,Local Government Infrastructure and Finance,Open Government Licence - British Columbia,file,XLS,2022-04-06,https://catalogue.data.gov.bc.ca/dataset/local-government-statistics-liabilities-regional-district-2005,"Local Government Statistics - General Statistics - Liabilities - Regional District - 2005. The Statistics schedules consist of data provided to the ministry by local governments in annual financial reporting forms. While the ministry does perform checks of the data, we do not guarantee its accuracy "
Local Government Statistics - Liabilities - Regional District - 2006,Local Government Infrastructure and Finance,Open Government Licence - British Columbia,file,XLS,2022-04-06,https://catalogue.data.gov.bc.ca/dataset/local-government-statistics-liabilities-regional-district-2006,"Local Government Statistics - Statistics - Liabilities - Regional District - 2006. The Statistics schedules consist of data provided to the ministry by local governments in annual financial reporting forms. While the ministry does perform checks of the data, we do not guarantee its accuracy or valid"
Local Government Statistics - Liabilities - Regional District - 2007,Local Government Infrastructure and Finance,Open Government Licence - British Columbia,file,XLS,2022-04-06,https://catalogue.data.gov.bc.ca/dataset/local-government-statistics-liabilities-regional-district-2007,"Local Government Statistics - General Statistics - Liabilities - Regional District - 2007. The Statistics schedules consist of data provided to the ministry by local governments in annual financial reporting forms. While the ministry does perform checks of the data, we do not guarantee its accuracy "
Local Government Statistics - Liabilities - Regional District - 2008,Local Government Infrastructure and Finance,Open Government Licence - British Columbia,file,XLS,2022-04-06,https://catalogue.data.gov.bc.ca/dataset/local-government-statistics-liabilities-regional-district-2008,"Local Government Statistics - General Statistics - Liabilities - Regional District - 2008. The Statistics schedules consist of data provided to the ministry by local governments in annual financial reporting forms. While the ministry does perform checks of the data, we do not guarantee its accuracy "
Local Government Statistics - Liability Servicing Limits - Municipality - 2005,Local Government Infrastructure and Finance,Open Government Licence - British Columbia,file,XLS,2022-04-06,https://catalogue.data.gov.bc.ca/dataset/local-government-statistics-liability-servicing-limits-municipality-2005,"Local Government Statistics - General Statistics - Liability Servicing Limits - Municipality - 2005. The Statistics schedules consist of data provided to the ministry by local governments in annual financial reporting forms. While the ministry does perform checks of the data, we do not guarantee its"
Local Government Statistics - Liability Servicing Limits - Municipality - 2006,Local Government Infrastructure and Finance,Open Government Licence - British Columbia,file,XLS,2022-04-06,https://catalogue.data.gov.bc.ca/dataset/local-government-statistics-liability-servicing-limits-municipality-2006,"Local Government Statistics - General Statistics - Liability Servicing Limits - Municipality - 2006. The Statistics schedules consist of data provided to the ministry by local governments in annual financial reporting forms. While the ministry does perform checks of the data, we do not guarantee its"
Local Government Statistics - Liability Servicing Limits - Municipality - 2007,Local Government Infrastructure and Finance,Open Government Licence - British Columbia,file,XLS,2022-04-06,https://catalogue.data.gov.bc.ca/dataset/local-government-statistics-liability-servicing-limits-municipality-2007,"Local Government Statistics - General Statistics - Liability Servicing Limits - Municipality - 2007. The Statistics schedules consist of data provided to the ministry by local governments in annual financial reporting forms. While the ministry does perform checks of the data, we do not guarantee its"
Local Government Statistics - Liability Servicing Limits - Municipality - 2008,Local Government Infrastructure and Finance,Open Government Licence - British Columbia,file,XLS,2022-04-06,https://catalogue.data.gov.bc.ca/dataset/local-government-statistics-liability-servicing-limits-municipality-2008,"Local Government Statistics - General Statistics - Liability Servicing Limits - Municipality - 2008. The Statistics schedules consist of data provided to the ministry by local governments in annual financial reporting forms. While the ministry does perform checks of the data, we do not guarantee its"
Local Government Statistics - Long-Term Debt - Municipality - 2003,Local Government Infrastructure and Finance,Open Government Licence - British Columbia,file,XLS,2022-04-06,https://catalogue.data.gov.bc.ca/dataset/local-government-statistics-long-term-debt-municipality-2003,"Local Government Statistics - General Statistics - Long-Term Debt - Municipality - 2003. The Statistics schedules consist of data provided to the ministry by local governments in annual financial reporting forms. While the ministry does perform checks of the data, we do not guarantee its accuracy or"
Local Government Statistics - Long-Term Debt - Municipality - 2004,Local Government Infrastructure and Finance,Open Government Licence - British Columbia,file,XLS,2022-04-06,https://catalogue.data.gov.bc.ca/dataset/local-government-statistics-long-term-debt-municipality-2004,"Local Government Statistics - General Statistics - Long-Term Debt - Municipality - 2004. The Statistics schedules consist of data provided to the ministry by local governments in annual financial reporting forms. While the ministry does perform checks of the data, we do not guarantee its accuracy or"
Local Government Statistics - Long-Term Debt - Municipality - 2005,Local Government Infrastructure and Finance,Open Government Licence - British Columbia,file,XLS,2022-04-06,https://catalogue.data.gov.bc.ca/dataset/local-government-statistics-long-term-debt-municipality-2005,"Local Government Statistics - General Statistics - Long-Term Debt - Municipality - 2005. The Statistics schedules consist of data provided to the ministry by local governments in annual financial reporting forms. While the ministry does perform checks of the data, we do not guarantee its accuracy or"
Local Government Statistics - Long-Term Debt - Municipality - 2006,Local Government Infrastructure and Finance,Open Government Licence - British Columbia,file,XLS,2022-04-06,https://catalogue.data.gov.bc.ca/dataset/local-government-statistics-long-term-debt-municipality-2006,"Local Government Statistics - General Statistics - Long-Term Debt - Municipality - 2006. The Statistics schedules consist of data provided to the ministry by local governments in annual financial reporting forms. While the ministry does perform checks of the data, we do not guarantee its accuracy or"
Local Government Statistics - Long-Term Debt - Municipality - 2007,Local Government Infrastructure and Finance,Open Government Licence - British Columbia,file,XLS,2022-04-06,https://catalogue.data.gov.bc.ca/dataset/local-government-statistics-long-term-debt-municipality-2007,"Local Government Statistics - General Statistics - Long-Term Debt - Municipality - 2007. The Statistics schedules consist of data provided to the ministry by local governments in annual financial reporting forms. While the ministry does perform checks of the data, we do not guarantee its accuracy or"
Local Government Statistics - Long-Term Debt - Regional District - 2003,Local Government Infrastructure and Finance,Open Government Licence - British Columbia,file,XLS,2022-04-06,https://catalogue.data.gov.bc.ca/dataset/local-government-statistics-long-term-debt-regional-district-2003,"Local Government Statistics - General Statistics - Long-Term Debt - Regional District - 2003. The Statistics schedules consist of data provided to the ministry by local governments in annual financial reporting forms. While the ministry does perform checks of the data, we do not guarantee its accura"
Local Government Statistics - Long-Term Debt - Regional District - 2004,Local Government Infrastructure and Finance,Open Government Licence - British Columbia,file,XLS,2022-04-06,https://catalogue.data.gov.bc.ca/dataset/local-government-statistics-long-term-debt-regional-district-2004,"Local Government Statistics - General Statistics - Long-Term Debt - Regional District - 2004. The Statistics schedules consist of data provided to the ministry by local governments in annual financial reporting forms. While the ministry does perform checks of the data, we do not guarantee its accura"
Local Government Statistics - Long-Term Debt - Regional District - 2005,Local Government Infrastructure and Finance,Open Government Licence - British Columbia,file,XLS,2022-04-06,https://catalogue.data.gov.bc.ca/dataset/local-government-statistics-long-term-debt-regional-district-2005,"Local Government Statistics - General Statistics - Long-Term Debt - Regional District - 2005. The Statistics schedules consist of data provided to the ministry by local governments in annual financial reporting forms. While the ministry does perform checks of the data, we do not guarantee its accura"
Local Government Statistics - Long-Term Debt - Regional District - 2006,Local Government Infrastructure and Finance,Open Government Licence - British Columbia,file,XLS,2022-04-06,https://catalogue.data.gov.bc.ca/dataset/local-government-statistics-long-term-debt-regional-district-2006,"Local Government Statistics - General Statistics - Long-Term Debt - Regional District - 2006. The Statistics schedules consist of data provided to the ministry by local governments in annual financial reporting forms. While the ministry does perform checks of the data, we do not guarantee its accura"
Local Government Statistics - Long-Term Debt - Regional District - 2007,Local Government Infrastructure and Finance,Open Government Licence - British Columbia,file,XLS,2022-04-06,https://catalogue.data.gov.bc.ca/dataset/local-government-statistics-long-term-debt-regional-district-2007,"Local Government Statistics - General Statistics - Long-Term Debt - Regional District - 2007. The Statistics schedules consist of data provided to the ministry by local governments in annual financial reporting forms. While the ministry does perform checks of the data, we do not guarantee its accura"
Local Government Statistics - Long-Term Debt and Debt Charges - Municipality - 2008,Local Government Infrastructure and Finance,Open Government Licence - British Columbia,file,XLS,2022-04-06,https://catalogue.data.gov.bc.ca/dataset/local-government-statistics-long-term-debt-and-debt-charges-municipality-2008,"Local Government Statistics - General Statistics - Long-Term Debt and Debt Charges - Municipality - 2008. The Statistics schedules consist of data provided to the ministry by local governments in annual financial reporting forms. While the ministry does perform checks of the data, we do not guarante"
Local Government Statistics - Long-Term Debt and Debt Charges - Regional District - 2008,Local Government Infrastructure and Finance,Open Government Licence - British Columbia,file,XLS,2022-04-06,https://catalogue.data.gov.bc.ca/dataset/local-government-statistics-long-term-debt-and-debt-charges-regional-district-2008,"Local Government Statistics - General Statistics - Long-Term Debt and Debt Charges - Regional District - 2008. The Statistics schedules consist of data provided to the ministry by local governments in annual financial reporting forms. While the ministry does perform checks of the data, we do not gua"
Local Government Statistics - Physical Equity - Municipality - 2003,Local Government Infrastructure and Finance,Open Government Licence - British Columbia,file,XLS,2022-04-06,https://catalogue.data.gov.bc.ca/dataset/local-government-statistics-physical-equity-municipality-2003,"Local Government Statistics - General Statistics - Physical Equity - Municipality - 2003. The Statistics schedules consist of data provided to the ministry by local governments in annual financial reporting forms. While the ministry does perform checks of the data, we do not guarantee its accuracy o"
Local Government Statistics - Physical Equity - Municipality - 2004,Local Government Infrastructure and Finance,Open Government Licence - British Columbia,file,XLS,2022-04-06,https://catalogue.data.gov.bc.ca/dataset/local-government-statistics-physical-equity-municipality-2004,"Local Government Statistics - General Statistics - Physical Equity - Municipality - 2004. The Statistics schedules consist of data provided to the ministry by local governments in annual financial reporting forms. While the ministry does perform checks of the data, we do not guarantee its accuracy o"
Local Government Statistics - Physical Equity - Municipality - 2005,Local Government Infrastructure and Finance,Open Government Licence - British Columbia,file,XLS,2022-04-06,https://catalogue.data.gov.bc.ca/dataset/local-government-statistics-physical-equity-municipality-2005,"Local Government Statistics - General Statistics - Physical Equity - Municipality - 2005. The Statistics schedules consist of data provided to the ministry by local governments in annual financial reporting forms. While the ministry does perform checks of the data, we do not guarantee its accuracy o"
Local Government Statistics - Physical Equity - Municipality - 2006,Local Government Infrastructure and Finance,Open Government Licence - British Columbia,file,XLS,2022-04-06,https://catalogue.data.gov.bc.ca/dataset/local-government-statistics-physical-equity-municipality-2006,"Local Government Statistics - General Statistics - Physical Equity - Municipality - 2006. The Statistics schedules consist of data provided to the ministry by local governments in annual financial reporting forms. While the ministry does perform checks of the data, we do not guarantee its accuracy o"
Local Government Statistics - Physical Equity - Municipality - 2007,Local Government Infrastructure and Finance,Open Government Licence - British Columbia,file,XLS,2022-04-06,https://catalogue.data.gov.bc.ca/dataset/local-government-statistics-physical-equity-municipality-2007,"Local Government Statistics - General Statistics - Physical Equity - Municipality - 2007. The Statistics schedules consist of data provided to the ministry by local governments in annual financial reporting forms. While the ministry does perform checks of the data, we do not guarantee its accuracy o"
Local Government Statistics - Physical Equity - Regional District - 2003,Local Government Infrastructure and Finance,Open Government Licence - British Columbia,file,XLS,2022-04-06,https://catalogue.data.gov.bc.ca/dataset/local-government-statistics-physical-equity-regional-district-2003,"Local Government Statistics - General Statistics - Physical Equity - Regional District - 2003. The Statistics schedules consist of data provided to the ministry by local governments in annual financial reporting forms. While the ministry does perform checks of the data, we do not guarantee its accur"
Local Government Statistics - Physical Equity - Regional District - 2004,Local Government Infrastructure and Finance,Open Government Licence - British Columbia,file,XLS,2022-04-06,https://catalogue.data.gov.bc.ca/dataset/local-government-statistics-physical-equity-regional-district-2004,"Local Government Statistics - General Statistics - Physical Equity - Regional District - 2004. The Statistics schedules consist of data provided to the ministry by local governments in annual financial reporting forms. While the ministry does perform checks of the data, we do not guarantee its accur"
Local Government Statistics - Physical Equity - Regional District - 2005,Local Government Infrastructure and Finance,Open Government Licence - British Columbia,file,XLS,2022-04-06,https://catalogue.data.gov.bc.ca/dataset/local-government-statistics-physical-equity-regional-district-2005,"Local Government Statistics - General Statistics - Physical Equity - Regional District - 2005. The Statistics schedules consist of data provided to the ministry by local governments in annual financial reporting forms. While the ministry does perform checks of the data, we do not guarantee its accur"
Local Government Statistics - Physical Equity - Regional District - 2006,Local Government Infrastructure and Finance,Open Government Licence - British Columbia,file,XLS,2022-04-06,https://catalogue.data.gov.bc.ca/dataset/local-government-statistics-physical-equity-regional-district-2006,"Local Government Statistics - General Statistics - Physical Equity - Regional District - 2006. The Statistics schedules consist of data provided to the ministry by local governments in annual financial reporting forms. While the ministry does perform checks of the data, we do not guarantee its accur"
Local Government Statistics - Physical Equity - Regional District - 2007,Local Government Infrastructure and Finance,Open Government Licence - British Columbia,file,XLS,2022-04-06,https://catalogue.data.gov.bc.ca/dataset/local-government-statistics-physical-equity-regional-district-2007,"Local Government Statistics - General Statistics - Physical Equity - Regional District - 2007. The Statistics schedules consist of data provided to the ministry by local governments in annual financial reporting forms. While the ministry does perform checks of the data, we do not guarantee its accur"
Local Government Statistics - Revenue - Municipality - 2003,Local Government Infrastructure and Finance,Open Government Licence - British Columbia,file,XLS,2022-04-06,https://catalogue.data.gov.bc.ca/dataset/local-government-statistics-revenue-municipality-2003,"Local Government Statistics - General Statistics - Revenue - Municipality - 2003. The Statistics schedules consist of data provided to the ministry by local governments in annual financial reporting forms. While the ministry does perform checks of the data, we do not guarantee its accuracy or validi"
Local Government Statistics - Revenue - Municipality - 2004,Local Government Infrastructure and Finance,Open Government Licence - British Columbia,file,XLS,2022-04-06,https://catalogue.data.gov.bc.ca/dataset/local-government-statistics-revenue-municipality-2004,"Local Government Statistics - General Statistics - Revenue - Municipality - 2004. The Statistics schedules consist of data provided to the ministry by local governments in annual financial reporting forms. While the ministry does perform checks of the data, we do not guarantee its accuracy or validi"
Local Government Statistics - Revenue - Municipality - 2005,Local Government Infrastructure and Finance,Open Government Licence - British Columbia,file,XLS,2022-04-06,https://catalogue.data.gov.bc.ca/dataset/local-government-statistics-revenue-municipality-2005,"Local Government Statistics - General Statistics - Revenue - Municipality - 2005. The Statistics schedules consist of data provided to the ministry by local governments in annual financial reporting forms. While the ministry does perform checks of the data, we do not guarantee its accuracy or validi"
Local Government Statistics - Revenue - Municipality - 2006,Local Government Infrastructure and Finance,Open Government Licence - British Columbia,file,XLS,2022-04-06,https://catalogue.data.gov.bc.ca/dataset/local-government-statistics-revenue-municipality-2006,"Local Government Statistics - General Statistics - Revenue - Municipality - 2006. The Statistics schedules consist of data provided to the ministry by local governments in annual financial reporting forms. While the ministry does perform checks of the data, we do not guarantee its accuracy or validi"
Local Government Statistics - Revenue - Municipality - 2007,Local Government Infrastructure and Finance,Open Government Licence - British Columbia,file,XLS,2022-04-06,https://catalogue.data.gov.bc.ca/dataset/local-government-statistics-revenue-municipality-2007,"Local Government Statistics - General Statistics - Revenue - Municipality - 2007. The Statistics schedules consist of data provided to the ministry by local governments in annual financial reporting forms. While the ministry does perform checks of the data, we do not guarantee its accuracy or validi"
Local Government Statistics - Revenue - Municipality - 2008,Local Government Infrastructure and Finance,Open Government Licence - British Columbia,file,XLS,2022-04-06,https://catalogue.data.gov.bc.ca/dataset/local-government-statistics-revenue-municipality-2008,"Local Government Statistics - General Statistics - Revenue - Municipality - 2008. The Statistics schedules consist of data provided to the ministry by local governments in annual financial reporting forms. While the ministry does perform checks of the data, we do not guarantee its accuracy or validi"
Local Government Statistics - Revenue - Regional District - 2003,Local Government Infrastructure and Finance,Open Government Licence - British Columbia,file,XLS,2022-04-06,https://catalogue.data.gov.bc.ca/dataset/local-government-statistics-revenue-regional-district-2003,"Local Government Statistics - General Statistics - Revenue - Regional District - 2003. The Statistics schedules consist of data provided to the ministry by local governments in annual financial reporting forms. While the ministry does perform checks of the data, we do not guarantee its accuracy or v"
Local Government Statistics - Revenue - Regional District - 2004,Local Government Infrastructure and Finance,Open Government Licence - British Columbia,file,XLS,2022-04-06,https://catalogue.data.gov.bc.ca/dataset/local-government-statistics-revenue-regional-district-2004,"Local Government Statistics - General Statistics - Revenue - Regional District - 2004. The Statistics schedules consist of data provided to the ministry by local governments in annual financial reporting forms. While the ministry does perform checks of the data, we do not guarantee its accuracy or v"
Local Government Statistics - Revenue - Regional District - 2005,Local Government Infrastructure and Finance,Open Government Licence - British Columbia,file,XLS,2022-04-06,https://catalogue.data.gov.bc.ca/dataset/local-government-statistics-revenue-regional-district-2005,"Local Government Statistics - General Statistics - Revenue - Regional District - 2005. The Statistics schedules consist of data provided to the ministry by local governments in annual financial reporting forms. While the ministry does perform checks of the data, we do not guarantee its accuracy or v"
Local Government Statistics - Revenue - Regional District - 2006,Local Government Infrastructure and Finance,Open Government Licence - British Columbia,file,XLS,2022-04-06,https://catalogue.data.gov.bc.ca/dataset/local-government-statistics-revenue-regional-district-2006,"Local Government Statistics - General Statistics - Revenue - Regional District - 2006. The Statistics schedules consist of data provided to the ministry by local governments in annual financial reporting forms. While the ministry does perform checks of the data, we do not guarantee its accuracy or v"
Local Government Statistics - Revenue - Regional District - 2007,Local Government Infrastructure and Finance,Open Government Licence - British Columbia,file,XLS,2022-04-06,https://catalogue.data.gov.bc.ca/dataset/local-government-statistics-revenue-regional-district-2007,"Local Government Statistics - General Statistics - Revenue - Regional District - 2007. The Statistics schedules consist of data provided to the ministry by local governments in annual financial reporting forms. While the ministry does perform checks of the data, we do not guarantee its accuracy or v"
Local Government Statistics - Revenue - Regional District - 2008,Local Government Infrastructure and Finance,Open Government Licence - British Columbia,file,XLS,2022-04-06,https://catalogue.data.gov.bc.ca/dataset/local-government-statistics-revenue-regional-district-2008,"Local Government Statistics - General Statistics - Revenue - Regional District - 2008. The Statistics schedules consist of data provided to the ministry by local governments in annual financial reporting forms. While the ministry does perform checks of the data, we do not guarantee its accuracy or v"
Local Government Statistics - Statement of Changes in Net Financial Assets (Net Debt) - Municipality - 2008,Local Government Infrastructure and Finance,Open Government Licence - British Columbia,file,XLS,2017-11-22,https://catalogue.data.gov.bc.ca/dataset/local-government-statistics-statement-of-changes-in-net-financial-assets-net-debt-municipality-2008,Local Government Statistics - General Statistics - Statement of Changes in Net Financial Assets (Net Debt) - Municipality - 2008. The Statistics schedules consist of data provided to the ministry by local governments in annual financial reporting forms. While the ministry does perform checks of the 
Local Government Statistics - Statement of Changes in Net Financial Assets (Net Debt) - Regional District - 2008,Local Government Infrastructure and Finance,Open Government Licence - British Columbia,file,XLS,2017-11-22,https://catalogue.data.gov.bc.ca/dataset/local-government-statistics-statement-of-changes-in-net-financial-assets-net-debt-regional-district-,Local Government Statistics - General Statistics - Statement of Changes in Net Financial Assets (Net Debt) - Regional District - 2008. The Statistics schedules consist of data provided to the ministry by local governments in annual financial reporting forms. While the ministry does perform checks of
Local Government Statistics - Statement of Non-Financial Assets - Municipality - 2008,Local Government Infrastructure and Finance,Open Government Licence - British Columbia,file,XLS,2022-04-06,https://catalogue.data.gov.bc.ca/dataset/local-government-statistics-statement-of-non-financial-assets-municipality-2008,"Local Government Statistics - General Statistics - Statement of Non-Financial Assets - Municipality - 2008. The Statistics schedules consist of data provided to the ministry by local governments in annual financial reporting forms. While the ministry does perform checks of the data, we do not guaran"
Local Government Statistics - Statement of Non-Financial Assets - Regional District - 2008,Local Government Infrastructure and Finance,Open Government Licence - British Columbia,file,XLS,2022-04-06,https://catalogue.data.gov.bc.ca/dataset/local-government-statistics-statement-of-non-financial-assets-regional-district-2008,"Local Government Statistics - General Statistics - Statement of Non-Financial Assets - Regional District - 2008. The Statistics schedules consist of data provided to the ministry by local governments in annual financial reporting forms. While the ministry does perform checks of the data, we do not g"
Local Government Statistics - Summary Statement of Financial Position - Municipality - 2003,Local Government Infrastructure and Finance,Open Government Licence - British Columbia,file,XLS,2022-04-06,https://catalogue.data.gov.bc.ca/dataset/local-government-statistics-summary-statement-of-financial-position-municipality-2003,"Local Government Statistics - General Statistics - Summary Statement of Financial Position - Municipality - 2003. The Statistics schedules consist of data provided to the ministry by local governments in annual financial reporting forms. While the ministry does perform checks of the data, we do not "
Local Government Statistics - Summary Statement of Financial Position - Municipality - 2004,Local Government Infrastructure and Finance,Open Government Licence - British Columbia,file,XLS,2022-04-06,https://catalogue.data.gov.bc.ca/dataset/local-government-statistics-summary-statement-of-financial-position-municipality-2004,"Local Government Statistics - General Statistics - Summary Statement of Financial Position - Municipality - 2004. The Statistics schedules consist of data provided to the ministry by local governments in annual financial reporting forms. While the ministry does perform checks of the data, we do not "
Local Government Statistics - Summary Statement of Financial Position - Municipality - 2005,Local Government Infrastructure and Finance,Open Government Licence - British Columbia,file,XLS,2022-04-06,https://catalogue.data.gov.bc.ca/dataset/local-government-statistics-summary-statement-of-financial-position-municipality-2005,"Local Government Statistics - General Statistics - Summary Statement of Financial Position - Municipality - 2005. The Statistics schedules consist of data provided to the ministry by local governments in annual financial reporting forms. While the ministry does perform checks of the data, we do not "
Local Government Statistics - Summary Statement of Financial Position - Municipality - 2006,Local Government Infrastructure and Finance,Open Government Licence - British Columbia,file,XLS,2022-04-06,https://catalogue.data.gov.bc.ca/dataset/local-government-statistics-summary-statement-of-financial-position-municipality-2006,"Local Government Statistics - General Statistics - Summary Statement of Financial Position - Municipality - 2006. The Statistics schedules consist of data provided to the ministry by local governments in annual financial reporting forms. While the ministry does perform checks of the data, we do not "
Local Government Statistics - Summary Statement of Financial Position - Municipality - 2007,Local Government Infrastructure and Finance,Open Government Licence - British Columbia,file,XLS,2022-04-06,https://catalogue.data.gov.bc.ca/dataset/local-government-statistics-summary-statement-of-financial-position-municipality-2007,"Local Government Statistics - General Statistics - Summary Statement of Financial Position - Municipality - 2007. The Statistics schedules consist of data provided to the ministry by local governments in annual financial reporting forms. While the ministry does perform checks of the data, we do not "
Local Government Statistics - Summary Statement of Financial Position - Municipality - 2008,Local Government Infrastructure and Finance,Open Government Licence - British Columbia,file,XLS,2022-04-06,https://catalogue.data.gov.bc.ca/dataset/local-government-statistics-summary-statement-of-financial-position-municipality-2008,"Local Government Statistics - General Statistics - Summary Statement of Financial Position - Municipality - 2008. The Statistics schedules consist of data provided to the ministry by local governments in annual financial reporting forms. While the ministry does perform checks of the data, we do not "
Local Government Statistics - Summary Statement of Financial Position - Regional District - 2003,Local Government Infrastructure and Finance,Open Government Licence - British Columbia,file,XLS,2022-04-06,https://catalogue.data.gov.bc.ca/dataset/local-government-statistics-summary-statement-of-financial-position-regional-district-2003,"Local Government Statistics - General Statistics - Summary Statement of Financial Position - Regional District - 2003. The Statistics schedules consist of data provided to the ministry by local governments in annual financial reporting forms. While the ministry does perform checks of the data, we do"
Local Government Statistics - Summary Statement of Financial Position - Regional District - 2004,Local Government Infrastructure and Finance,Open Government Licence - British Columbia,file,XLS,2022-04-06,https://catalogue.data.gov.bc.ca/dataset/local-government-statistics-summary-statement-of-financial-position-regional-district-2004,"Local Government Statistics - General Statistics - Summary Statement of Financial Position - Regional District - 2004. The Statistics schedules consist of data provided to the ministry by local governments in annual financial reporting forms. While the ministry does perform checks of the data, we do"
Local Government Statistics - Summary Statement of Financial Position - Regional District - 2005,Local Government Infrastructure and Finance,Open Government Licence - British Columbia,file,XLS,2022-04-06,https://catalogue.data.gov.bc.ca/dataset/local-government-statistics-summary-statement-of-financial-position-regional-district-2005,"Local Government Statistics - General Statistics - Summary Statement of Financial Position - Regional District - 2005. The Statistics schedules consist of data provided to the ministry by local governments in annual financial reporting forms. While the ministry does perform checks of the data, we do"
Local Government Statistics - Summary Statement of Financial Position - Regional District - 2006,Local Government Infrastructure and Finance,Open Government Licence - British Columbia,file,XLS,2022-04-06,https://catalogue.data.gov.bc.ca/dataset/local-government-statistics-summary-statement-of-financial-position-regional-district-2006,"Local Government Statistics - General Statistics - Summary Statement of Financial Position - Regional District - 2006. The Statistics schedules consist of data provided to the ministry by local governments in annual financial reporting forms. While the ministry does perform checks of the data, we do"
Local Government Statistics - Summary Statement of Financial Position - Regional District - 2007,Local Government Infrastructure and Finance,Open Government Licence - British Columbia,file,XLS,2022-04-06,https://catalogue.data.gov.bc.ca/dataset/local-government-statistics-summary-statement-of-financial-position-regional-district-2007,"Local Government Statistics - General Statistics - Summary Statement of Financial Position - Regional District - 2007. The Statistics schedules consist of data provided to the ministry by local governments in annual financial reporting forms. While the ministry does perform checks of the data, we do"
Local Government Statistics - Summary Statement of Financial Position - Regional District - 2008,Local Government Infrastructure and Finance,Open Government Licence - British Columbia,file,XLS,2022-04-06,https://catalogue.data.gov.bc.ca/dataset/local-government-statistics-summary-statement-of-financial-position-regional-district-2008,"Local Government Statistics - General Statistics - Summary Statement of Financial Position - Regional District - 2008. The Statistics schedules consist of data provided to the ministry by local governments in annual financial reporting forms. While the ministry does perform checks of the data, we do"
Local Government Statistics - Taxes Imposed and Collected - Municipality - 2003,Local Government Infrastructure and Finance,Open Government Licence - British Columbia,file,XLS,2022-04-06,https://catalogue.data.gov.bc.ca/dataset/local-government-statistics-taxes-imposed-and-collected-municipality-2003,"Local Government Statistics - General Statistics - Taxes Imposed and Collected - Municipality - 2003. The Statistics schedules consist of data provided to the ministry by local governments in annual financial reporting forms. While the ministry does perform checks of the data, we do not guarantee it"
Local Government Statistics - Taxes Imposed and Collected - Municipality - 2004,Local Government Infrastructure and Finance,Open Government Licence - British Columbia,file,XLS,2022-04-06,https://catalogue.data.gov.bc.ca/dataset/local-government-statistics-taxes-imposed-and-collected-municipality-2004,"Local Government Statistics - General Statistics - Taxes Imposed and Collected - Municipality - 2004. The Statistics schedules consist of data provided to the ministry by local governments in annual financial reporting forms. While the ministry does perform checks of the data, we do not guarantee it"
Local Government Statistics - Taxes Imposed and Collected - Municipality - 2005,Local Government Infrastructure and Finance,Open Government Licence - British Columbia,file,XLS,2022-04-06,https://catalogue.data.gov.bc.ca/dataset/local-government-statistics-taxes-imposed-and-collected-municipality-2005,"Local Government Statistics - General Statistics - Taxes Imposed and Collected - Municipality - 2005. The Statistics schedules consist of data provided to the ministry by local governments in annual financial reporting forms. While the ministry does perform checks of the data, we do not guarantee it"
Local Government Statistics - Taxes Imposed and Collected - Municipality - 2006,Local Government Infrastructure and Finance,Open Government Licence - British Columbia,file,XLS,2022-04-06,https://catalogue.data.gov.bc.ca/dataset/local-government-statistics-taxes-imposed-and-collected-municipality-2006,"Local Government Statistics - General Statistics - Taxes Imposed and Collected - Municipality - 2006. The Statistics schedules consist of data provided to the ministry by local governments in annual financial reporting forms. While the ministry does perform checks of the data, we do not guarantee it"
Local Government Statistics - Taxes Imposed and Collected - Municipality - 2007,Local Government Infrastructure and Finance,Open Government Licence - British Columbia,file,XLS,2022-04-06,https://catalogue.data.gov.bc.ca/dataset/local-government-statistics-taxes-imposed-and-collected-municipality-2007,"Local Government Statistics - General Statistics - Taxes Imposed and Collected - Municipality - 2007. The Statistics schedules consist of data provided to the ministry by local governments in annual financial reporting forms. While the ministry does perform checks of the data, we do not guarantee it"
Local Government Statistics - Taxes Imposed and Collected - Municipality - 2008,Local Government Infrastructure and Finance,Open Government Licence - British Columbia,file,XLS,2022-04-06,https://catalogue.data.gov.bc.ca/dataset/local-government-statistics-taxes-imposed-and-collected-municipality-2008,"Local Government Statistics - General Statistics - Taxes Imposed and Collected - Municipality - 2008. The Statistics schedules consist of data provided to the ministry by local governments in annual financial reporting forms. While the ministry does perform checks of the data, we do not guarantee it"
Local Government Statistics Expenditure Regional District  2005,Local Government Infrastructure and Finance,Open Government Licence - British Columbia,file,XLS,2022-04-06,https://catalogue.data.gov.bc.ca/dataset/local-government-statistics-expenditure-regional-district-2005,"Local Government Statistics - General Statistics - Expenditure - Regional District - 2005. The Statistics schedules consist of data provided to the ministry by local governments in annual financial reporting forms. While the ministry does perform checks of the data, we do not guarantee its accuracy "
Local Government Tax Rates and Assessments - Tax Burden 2003,Local Government Infrastructure and Finance,Open Government Licence - British Columbia,file,XLS,2022-04-06,https://catalogue.data.gov.bc.ca/dataset/local-government-tax-rates-and-assessments-tax-burden-2003,Local Government Tax Rates and Assessments - Tax Burden 2003. Municipal tax rate bylaws are required to be adopted before May 15th of each year. Tax rate files and tax burden files are available in July of that same year. Previous year data may be requested electronically.
Local Government Tax Rates and Assessments - Tax Burden 2004,Local Government Infrastructure and Finance,Open Government Licence - British Columbia,file,XLS,2022-04-06,https://catalogue.data.gov.bc.ca/dataset/local-government-tax-rates-and-assessments-tax-burden-2004,Local Government Tax Rates and Assessments - Tax Burden 2004. Municipal tax rate bylaws are required to be adopted before May 15th of each year. Tax rate files and tax burden files are available in July of that same year. Previous year data may be requested electronically.
Local Government Tax Rates and Assessments - Tax Burden 2005,Local Government Infrastructure and Finance,Open Government Licence - British Columbia,file,XLS,2022-04-06,https://catalogue.data.gov.bc.ca/dataset/local-government-tax-rates-and-assessments-tax-burden-2005,Local Government Tax Rates and Assessments - Tax Burden 2005. Municipal tax rate bylaws are required to be adopted before May 15th of each year. Tax rate files and tax burden files are available in July of that same year. Previous year data may be requested electronically.
Local Government Tax Rates and Assessments - Tax Burden 2006,Local Government Infrastructure and Finance,Open Government Licence - British Columbia,file,XLS,2022-04-06,https://catalogue.data.gov.bc.ca/dataset/local-government-tax-rates-and-assessments-tax-burden-2006,Local Government Tax Rates and Assessments - Tax Burden 2006. Municipal tax rate bylaws are required to be adopted before May 15th of each year. Tax rate files and tax burden files are available in July of that same year. Previous year data may be requested electronically.
Local Government Tax Rates and Assessments - Tax Burden 2007,Local Government Infrastructure and Finance,Open Government Licence - British Columbia,file,XLS,2022-04-06,https://catalogue.data.gov.bc.ca/dataset/local-government-tax-rates-and-assessments-tax-burden-2007,Local Government Tax Rates and Assessments - Tax Burden 2007. Municipal tax rate bylaws are required to be adopted before May 15th of each year. Tax rate files and tax burden files are available in July of that same year. Previous year data may be requested electronically.
Local Government Tax Rates and Assessments - Tax Burden 2008,Local Government Infrastructure and Finance,Open Government Licence - British Columbia,file,XLS,2022-04-06,https://catalogue.data.gov.bc.ca/dataset/local-government-tax-rates-and-assessments-tax-burden-2008,Local Government Tax Rates and Assessments - Tax Burden 2008. Municipal tax rate bylaws are required to be adopted before May 15th of each year. Tax rate files and tax burden files are available in July of that same year. Previous year data may be requested electronically.
Local Government Tax Rates and Assessments - Tax Burden 2009,Local Government Infrastructure and Finance,Open Government Licence - British Columbia,file,XLS,2022-04-06,https://catalogue.data.gov.bc.ca/dataset/local-government-tax-rates-and-assessments-tax-burden-2009,Local Government Tax Rates and Assessments - Tax Burden 2009. Municipal tax rate bylaws are required to be adopted before May 15th of each year. Tax rate files and tax burden files are available in July of that same year. Previous year data may be requested electronically.
Local Government Tax Rates and Assessments - Tax Burden 2010,Local Government Infrastructure and Finance,Open Government Licence - British Columbia,file,XLS,2022-04-06,https://catalogue.data.gov.bc.ca/dataset/local-government-tax-rates-and-assessments-tax-burden-2010,Local Government Tax Rates and Assessments - Tax Burden 2010. Municipal tax rate bylaws are required to be adopted before May 15th of each year. Tax rate files and tax burden files are available in July of that same year. Previous year data may be requested electronically.
Local Government Tax Rates and Assessments - Tax Burden 2011,Local Government Infrastructure and Finance,Open Government Licence - British Columbia,file,XLS,2022-04-06,https://catalogue.data.gov.bc.ca/dataset/local-government-tax-rates-and-assessments-tax-burden-2011,Local Government Tax Rates and Assessments - Tax Burden 2011. Municipal tax rate bylaws are required to be adopted before May 15th of each year. Tax rate files and tax burden files are available in July of that same year. Previous year data may be requested electronically.
Local Government Tax Rates and Assessments - Tax Burden 2012,Local Government Infrastructure and Finance,Open Government Licence - British Columbia,file,XLS,2022-04-06,https://catalogue.data.gov.bc.ca/dataset/local-government-tax-rates-and-assessments-tax-burden-2012,Local Government Tax Rates and Assessments - Tax Burden 2012. Municipal tax rate bylaws are required to be adopted before May 15th of each year. Tax rate files and tax burden files are available in July of that same year. Previous year data may be requested electronically.
Local Government Tax Rates and Assessments - Tax Rates 2003,Local Government Infrastructure and Finance,Open Government Licence - British Columbia,file,XLS,2022-04-06,https://catalogue.data.gov.bc.ca/dataset/local-government-tax-rates-and-assessments-tax-rates-2003,Local Government Tax Rates and Assessments - Tax Rates 2005. Municipal tax rate bylaws are required to be adopted before May 15th of each year. Tax rate files and tax burden files are available in July of that same year. Previous year data may be requested electronically.
Local Government Tax Rates and Assessments - Tax Rates 2004,Local Government Infrastructure and Finance,Open Government Licence - British Columbia,file,XLS,2022-04-06,https://catalogue.data.gov.bc.ca/dataset/local-government-tax-rates-and-assessments-tax-rates-2004,Local Government Tax Rates and Assessments - Tax Rates 2006. Municipal tax rate bylaws are required to be adopted before May 15th of each year. Tax rate files and tax burden files are available in July of that same year. Previous year data may be requested electronically.
Local Government Tax Rates and Assessments - Tax Rates 2005,Local Government Infrastructure and Finance,Open Government Licence - British Columbia,file,XLS,2022-04-06,https://catalogue.data.gov.bc.ca/dataset/local-government-tax-rates-and-assessments-tax-rates-2005,Local Government Tax Rates and Assessments - Tax Rates 2005. Municipal tax rate bylaws are required to be adopted before May 15th of each year. Tax rate files and tax burden files are available in July of that same year. Previous year data may be requested electronically.
Local Government Tax Rates and Assessments - Tax Rates 2006,Local Government Infrastructure and Finance,Open Government Licence - British Columbia,file,XLS,2022-04-06,https://catalogue.data.gov.bc.ca/dataset/local-government-tax-rates-and-assessments-tax-rates-2006,Local Government Tax Rates and Assessments - Tax Rates 2006. Municipal tax rate bylaws are required to be adopted before May 15th of each year. Tax rate files and tax burden files are available in July of that same year. Previous year data may be requested electronically.
Local Government Tax Rates and Assessments - Tax Rates 2007,Local Government Infrastructure and Finance,Open Government Licence - British Columbia,file,XLS,2022-04-06,https://catalogue.data.gov.bc.ca/dataset/local-government-tax-rates-and-assessments-tax-rates-2007,Local Government Tax Rates and Assessments - Tax Rates 2007. Municipal tax rate bylaws are required to be adopted before May 15th of each year. Tax rate files and tax burden files are available in July of that same year. Previous year data may be requested electronically.
Local Government Tax Rates and Assessments - Tax Rates 2008,Local Government Infrastructure and Finance,Open Government Licence - British Columbia,file,XLS,2022-04-06,https://catalogue.data.gov.bc.ca/dataset/local-government-tax-rates-and-assessments-tax-rates-2008,Local Government Tax Rates and Assessments - Tax Rates 2008. Municipal tax rate bylaws are required to be adopted before May 15th of each year. Tax rate files and tax burden files are available in July of that same year. Previous year data may be requested electronically.
Local Government Tax Rates and Assessments - Tax Rates 2009,Local Government Infrastructure and Finance,Open Government Licence - British Columbia,file,XLS,2022-04-06,https://catalogue.data.gov.bc.ca/dataset/local-government-tax-rates-and-assessments-tax-rates-2009,Local Government Tax Rates and Assessments - Tax Rates 2009. Municipal tax rate bylaws are required to be adopted before May 15th of each year. Tax rate files and tax burden files are available in July of that same year. Previous year data may be requested electronically.
Local Government Tax Rates and Assessments - Tax Rates 2010,Local Government Infrastructure and Finance,Open Government Licence - British Columbia,file,XLS,2022-04-06,https://catalogue.data.gov.bc.ca/dataset/local-government-tax-rates-and-assessments-tax-rates-2010,Local Government Tax Rates and Assessments - Tax Rates 2010. Municipal tax rate bylaws are required to be adopted before May 15th of each year. Tax rate files and tax burden files are available in July of that same year. Previous year data may be requested electronically.
Local Government Tax Rates and Assessments - Tax Rates 2011,Local Government Infrastructure and Finance,Open Government Licence - British Columbia,file,XLS,2022-04-06,https://catalogue.data.gov.bc.ca/dataset/local-government-tax-rates-and-assessments-tax-rates-2011,Local Government Tax Rates and Assessments - Tax Rates 2011 Municipal tax rate bylaws are required to be adopted before May 15th of each year. Tax rate files and tax burden files are available in July of that same year. Previous year data may be requested electronically.
Local Government Tax Rates and Assessments - Tax Rates 2012,Local Government Infrastructure and Finance,Open Government Licence - British Columbia,file,XLS,2022-04-06,https://catalogue.data.gov.bc.ca/dataset/local-government-tax-rates-and-assessments-tax-rates-2012,Local Government Tax Rates and Assessments - Tax Rates 2012. Municipal tax rate bylaws are required to be adopted before May 15th of each year. Tax rate files and tax burden files are available in July of that same year. Previous year data may be requested electronically.
Local Government Tax Rates and Assessments - Taxes and Charges on a Representative House 2003,Local Government Infrastructure and Finance,Open Government Licence - British Columbia,file,XLS,2022-04-06,https://catalogue.data.gov.bc.ca/dataset/local-government-tax-rates-and-assessments-taxes-and-charges-on-a-representative-house-2003,Local Government Tax Rates and Assessments - Taxes and Charges on a Representative House 2003. Municipal tax rate bylaws are required to be adopted before May 15th of each year. Tax rate files and tax burden files are available in July of that same year. Previous year data may be requested electroni
Local Government Tax Rates and Assessments - Taxes and Charges on a Representative House 2004,Local Government Infrastructure and Finance,Open Government Licence - British Columbia,file,XLS,2022-04-06,https://catalogue.data.gov.bc.ca/dataset/local-government-tax-rates-and-assessments-taxes-and-charges-on-a-representative-house-2004,Local Government Tax Rates and Assessments - Taxes and Charges on a Representative House 2004. Municipal tax rate bylaws are required to be adopted before May 15th of each year. Tax rate files and tax burden files are available in July of that same year. Previous year data may be requested electroni
Local Government Tax Rates and Assessments - Taxes and Charges on a Representative House 2005,Local Government Infrastructure and Finance,Open Government Licence - British Columbia,file,XLS,2022-04-06,https://catalogue.data.gov.bc.ca/dataset/local-government-tax-rates-and-assessments-taxes-and-charges-on-a-representative-house-2005,Local Government Tax Rates and Assessments - Taxes and Charges on a Representative House 2005. Municipal tax rate bylaws are required to be adopted before May 15th of each year. Tax rate files and tax burden files are available in July of that same year. Previous year data may be requested electroni
Local Government Tax Rates and Assessments - Taxes and Charges on a Representative House 2006,Local Government Infrastructure and Finance,Open Government Licence - British Columbia,file,XLS,2022-04-06,https://catalogue.data.gov.bc.ca/dataset/local-government-tax-rates-and-assessments-taxes-and-charges-on-a-representative-house-2006,Local Government Tax Rates and Assessments - Taxes and Charges on a Representative House 2006. Municipal tax rate bylaws are required to be adopted before May 15th of each year. Tax rate files and tax burden files are available in July of that same year. Previous year data may be requested electroni
Local Government Tax Rates and Assessments - Taxes and Charges on a Representative House 2007,Local Government Infrastructure and Finance,Open Government Licence - British Columbia,file,XLS,2022-04-06,https://catalogue.data.gov.bc.ca/dataset/local-government-tax-rates-and-assessments-taxes-and-charges-on-a-representative-house-2007,Local Government Tax Rates and Assessments - Taxes and Charges on a Representative House 2007. Municipal tax rate bylaws are required to be adopted before May 15th of each year. Tax rate files and tax burden files are available in July of that same year. Previous year data may be requested electroni
Local Government Tax Rates and Assessments - Taxes and Charges on a Representative House 2008,Local Government Infrastructure and Finance,Open Government Licence - British Columbia,file,XLS,2022-04-06,https://catalogue.data.gov.bc.ca/dataset/local-government-tax-rates-and-assessments-taxes-and-charges-on-a-representative-house-2008,Local Government Tax Rates and Assessments - Taxes and Charges on a Representative House 2008. Municipal tax rate bylaws are required to be adopted before May 15th of each year. Tax rate files and tax burden files are available in July of that same year. Previous year data may be requested electroni
Local Government Tax Rates and Assessments - Taxes and Charges on a Representative House 2009,Local Government Infrastructure and Finance,Open Government Licence - British Columbia,file,XLS,2022-04-06,https://catalogue.data.gov.bc.ca/dataset/local-government-tax-rates-and-assessments-taxes-and-charges-on-a-representative-house-2009,Local Government Tax Rates and Assessments - Taxes and Charges on a Representative House 2009. Municipal tax rate bylaws are required to be adopted before May 15th of each year. Tax rate files and tax burden files are available in July of that same year. Previous year data may be requested electroni
Local Government Tax Rates and Assessments - Taxes and Charges on a Representative House 2010,Local Government Infrastructure and Finance,Open Government Licence - British Columbia,file,XLS,2022-04-06,https://catalogue.data.gov.bc.ca/dataset/local-government-tax-rates-and-assessments-taxes-and-charges-on-a-representative-house-2010,Local Government Tax Rates and Assessments - Taxes and Charges on a Representative House 2010. Municipal tax rate bylaws are required to be adopted before May 15th of each year. Tax rate files and tax burden files are available in July of that same year. Previous year data may be requested electroni
Local Government Tax Rates and Assessments - Taxes and Charges on a Representative House 2011,Local Government Infrastructure and Finance,Open Government Licence - British Columbia,file,XLS,2022-04-06,https://catalogue.data.gov.bc.ca/dataset/local-government-tax-rates-and-assessments-taxes-and-charges-on-a-representative-house-2011,Local Government Tax Rates and Assessments - Taxes and Charges on a Representative House 2011. Municipal tax rate bylaws are required to be adopted before May 15th of each year. Tax rate files and tax burden files are available in July of that same year. Previous year data may be requested electroni
Local Government Tax Rates and Assessments - Taxes and Charges on a Representative House 2012,Local Government Infrastructure and Finance,Open Government Licence - British Columbia,file,XLS,2022-04-06,https://catalogue.data.gov.bc.ca/dataset/local-government-tax-rates-and-assessments-taxes-and-charges-on-a-representative-house-2012,Local Government Tax Rates and Assessments - Taxes and Charges on a Representative House 2012. Municipal tax rate bylaws are required to be adopted before May 15th of each year. Tax rate files and tax burden files are available in July of that same year. Previous year data may be requested electroni
Local Government Tax Rates and Assessments - Total Taxes and Charges 2003,Local Government Infrastructure and Finance,Open Government Licence - British Columbia,file,XLS,2022-04-06,https://catalogue.data.gov.bc.ca/dataset/local-government-tax-rates-and-assessments-total-taxes-and-charges-2003,Local Government Tax Rates and Assessments - Total Taxes and Charges 2003. Municipal tax rate bylaws are required to be adopted before May 15th of each year. Tax rate files and tax burden files are available in July of that same year. Previous year data may be requested electronically.
Local Government Tax Rates and Assessments - Total Taxes and Charges 2004,Local Government Infrastructure and Finance,Open Government Licence - British Columbia,file,XLS,2022-04-06,https://catalogue.data.gov.bc.ca/dataset/local-government-tax-rates-and-assessments-total-taxes-and-charges-2004,Local Government Tax Rates and Assessments - Total Taxes and Charges 2004. Municipal tax rate bylaws are required to be adopted before May 15th of each year. Tax rate files and tax burden files are available in July of that same year. Previous year data may be requested electronically.
Local Government Tax Rates and Assessments - Total Taxes and Charges 2005,Local Government Infrastructure and Finance,Open Government Licence - British Columbia,file,XLS,2022-04-06,https://catalogue.data.gov.bc.ca/dataset/local-government-tax-rates-and-assessments-total-taxes-and-charges-2005,Local Government Tax Rates and Assessments - Total Taxes and Charges 2005. Municipal tax rate bylaws are required to be adopted before May 15th of each year. Tax rate files and tax burden files are available in July of that same year. Previous year data may be requested electronically.
Local Government Tax Rates and Assessments - Total Taxes and Charges 2006,Local Government Infrastructure and Finance,Open Government Licence - British Columbia,file,XLS,2022-04-06,https://catalogue.data.gov.bc.ca/dataset/local-government-tax-rates-and-assessments-total-taxes-and-charges-2006,Local Government Tax Rates and Assessments - Total Taxes and Charges 2006. Municipal tax rate bylaws are required to be adopted before May 15th of each year. Tax rate files and tax burden files are available in July of that same year. Previous year data may be requested electronically.
Local Government Tax Rates and Assessments - Total Taxes and Charges 2007,Local Government Infrastructure and Finance,Open Government Licence - British Columbia,file,XLS,2022-04-06,https://catalogue.data.gov.bc.ca/dataset/local-government-tax-rates-and-assessments-total-taxes-and-charges-2007,Local Government Tax Rates and Assessments - Total Taxes and Charges 2007. Municipal tax rate bylaws are required to be adopted before May 15th of each year. Tax rate files and tax burden files are available in July of that same year. Previous year data may be requested electronically.
Local Government Tax Rates and Assessments - Total Taxes and Charges 2008,Local Government Infrastructure and Finance,Open Government Licence - British Columbia,file,XLS,2022-04-06,https://catalogue.data.gov.bc.ca/dataset/local-government-tax-rates-and-assessments-total-taxes-and-charges-2008,Local Government Tax Rates and Assessments - Total Taxes and Charges 2008. Municipal tax rate bylaws are required to be adopted before May 15th of each year. Tax rate files and tax burden files are available in July of that same year. Previous year data may be requested electronically.
Local Government Tax Rates and Assessments - Total Taxes and Charges 2009,Local Government Infrastructure and Finance,Open Government Licence - British Columbia,file,XLS,2022-04-06,https://catalogue.data.gov.bc.ca/dataset/local-government-tax-rates-and-assessments-total-taxes-and-charges-2009,Local Government Tax Rates and Assessments - Total Taxes and Charges 2009. Municipal tax rate bylaws are required to be adopted before May 15th of each year. Tax rate files and tax burden files are available in July of that same year. Previous year data may be requested electronically.
Local Government Tax Rates and Assessments - Total Taxes and Charges 2010,Local Government Infrastructure and Finance,Open Government Licence - British Columbia,file,XLS,2022-04-06,https://catalogue.data.gov.bc.ca/dataset/local-government-tax-rates-and-assessments-total-taxes-and-charges-2010,Local Government Tax Rates and Assessments - Total Taxes and Charges 2010. Municipal tax rate bylaws are required to be adopted before May 15th of each year. Tax rate files and tax burden files are available in July of that same year. Previous year data may be requested electronically.
Local Government Tax Rates and Assessments - Total Taxes and Charges 2011,Local Government Infrastructure and Finance,Open Government Licence - British Columbia,file,XLS,2022-04-06,https://catalogue.data.gov.bc.ca/dataset/local-government-tax-rates-and-assessments-total-taxes-and-charges-2011,Local Government Tax Rates and Assessments - Total Taxes and Charges 2011. Municipal tax rate bylaws are required to be adopted before May 15th of each year. Tax rate files and tax burden files are available in July of that same year. Previous year data may be requested electronically.
Local Government Tax Rates and Assessments - Total Taxes and Charges 2012,Local Government Infrastructure and Finance,Open Government Licence - British Columbia,file,XLS,2022-04-06,https://catalogue.data.gov.bc.ca/dataset/local-government-tax-rates-and-assessments-total-taxes-and-charges-2012,Local Government Tax Rates and Assessments - Total Taxes and Charges 2012. Municipal tax rate bylaws are required to be adopted before May 15th of each year. Tax rate files and tax burden files are available in July of that same year. Previous year data may be requested electronically.
Elk Valley Water Quality Plan,Mineral Titles,Open Government Licence - British Columbia,file,KML MULTIPLE WMS,2025-07-31,https://catalogue.data.gov.bc.ca/dataset/elk-valley-water-quality-plan,The Elk Valley Area Based Management Plan (ABMP) - “Elk Valley Water Quality Plan” was developed according to Ministerial Order No. 113 to remediate water quality effects of past coal mining and to guide future development. The Elk Valley Water Quality Plan was developed by Teck with input from the 
"MTA  - Mineral, Placer and Coal Tenure History SP",Mineral Titles,Open Government Licence - British Columbia,file,KML MULTIPLE WMS,2026-09-24,https://catalogue.data.gov.bc.ca/dataset/mta-mineral-placer-and-coal-tenure-history-sp,"Holds historical data for mineral and placer, claims and leases, as well as, coal license applications, licenses and leases within the Province of British Columbia. This layer is utilized by Mineral Titles Online title history on the mineral, placer and coal viewers, respectively."
"MTA  - Mineral, Placer and Coal Tenure Spatial View",Mineral Titles,Open Government Licence - British Columbia,file,KML MULTIPLE PDF WMS,2026-09-24,https://catalogue.data.gov.bc.ca/dataset/mta-mineral-placer-and-coal-tenure-spatial-view,"This is the spatial view used by Mineral Titles Online (MTO) on the mineral, placer and coal viewers. The spatial view combines the polygon information with attribute information for each title. Contains sub-surface title data in British Columbia for: - mineral claims, mining leases, mineral claim a"
MTA -  Mineral & Coal Land Reserve History SP,Mineral Titles,Open Government Licence - British Columbia,file,KML MULTIPLE WMS,2026-09-24,https://catalogue.data.gov.bc.ca/dataset/mta-mineral-coal-land-reserve-history-sp,"Historic view of areas within the province of British Columbia where mineral, placer and coal titles were once restricted and placer titles are permitted. This business view contains a detailed set of attributes."
"MTA - Coal Grid, Block",Mineral Titles,Open Government Licence - British Columbia,file,KML MULTIPLE WMS,2023-12-13,https://catalogue.data.gov.bc.ca/dataset/mta-coal-grid-block,Determines the location of Coal Titles within the Province of British Columbia. It is established under the authority of the Petroleum and Natural Gas Grid Regulation. It is defined by a set of UTM coordinates which approximate NAD 27 latitude and longitude positions. Blocks are the second finest le
"MTA - Coal Grid, Group",Mineral Titles,Open Government Licence - British Columbia,file,KML MULTIPLE WMS,2023-12-13,https://catalogue.data.gov.bc.ca/dataset/mta-coal-grid-group,Determines the location of Coal Titles within the Province of British Columbia. It is established under the authority of the Petroleum and Natural Gas Grid Regulation. It is defined by a set of UTM coordinates which approximate NAD 27 latitude and longitude positions. Groups are the second coarsest 
"MTA - Coal Grid, Mapsheet",Mineral Titles,Open Government Licence - British Columbia,file,KML MULTIPLE WMS,2023-12-13,https://catalogue.data.gov.bc.ca/dataset/mta-coal-grid-mapsheet,Determines the location of Coal Titles within the Province of British Columbia. It is established under the authority of the Petroleum and Natural Gas Grid Regulation. It is defined by a set of UTM coordinates which approximate NAD 27 latitude and longitude positions. Mapsheets are the coarsest comp
"MTA - Coal Grid, Unit",Mineral Titles,Open Government Licence - British Columbia,file,KML MULTIPLE WMS,2023-12-13,https://catalogue.data.gov.bc.ca/dataset/mta-coal-grid-unit,Determines the location of Coal Titles within the Province of British Columbia. It is established under the authority of the Petroleum and Natural Gas Grid Regulation. It is defined by a set of UTM coordinates which approximate NAD 27 latitude and longitude positions. Units are the finest level of t
MTA - Mineral Mining Divisions with Codes,Mineral Titles,Open Government Licence - British Columbia,file,KML MULTIPLE WMS,2026-09-24,https://catalogue.data.gov.bc.ca/dataset/mta-mineral-mining-divisions-with-codes,"Administrative boundaries called mining divisions were once used for recording claims. This information is now historic. This dataset contains the codes for each of the 24 mining division. For example, 1=ALBERNI, 2=ATLIN, 3=CARIBOO, 4=CLINTON, 5=FORT STEELE. These boundaries are no longer used for c"
MTA - Mineral Placer Grid,Mineral Titles,Open Government Licence - British Columbia,file,KML MULTIPLE OTHER WMS,2023-12-13,https://catalogue.data.gov.bc.ca/dataset/mta-mineral-placer-grid,The grid system used in Mineral Titles Online (MTO). This grid is used to determine the location of mineral and placer cell titles in B.C. The grid is designed based on the Mineral Title Online Grid Regulation. The mineral-placer grid does not show current cell availability status. The dataset is ve
MTA - Mineral Reserve Sites Business View,Mineral Titles,Open Government Licence - British Columbia,file,KML MULTIPLE WMS,2026-09-24,https://catalogue.data.gov.bc.ca/dataset/mta-mineral-reserve-sites-business-view,"~~~~~~~~~~~~Defines areas within the province of British Columbia where mineral, placer and coal titles are restricted and placer titles are permitted. This business view contains a detailed set of attributes. A reserve is established by a B.C. Regulation of the Chief Gold Commissioner under - Secti"
North Cowichan Cadastral,Municipality of North Cowichan,Open Government Licence – Municipality of North Cowichan,file,CSV FGDB GPKG KMZ OTHER SHP,2022-04-26,https://catalogue.data.gov.bc.ca/dataset/north-cowichan-cadastral,"Cadastral dataset containing; parcels, parcel plus (addressing), easements & covenants, Section/Range/Land District, Strata parcels, and the North Cowichan boundary. Parcels - Property Boundaries Strata Parcels - Strata property boundaries (bare land, apartments, town homes) Parcels Plus - Civic add"
North Cowichan Development,Municipality of North Cowichan,Open Government Licence – Municipality of North Cowichan,file,CSV FGDB GPKG KMZ OTHER SHP,2022-08-30,https://catalogue.data.gov.bc.ca/dataset/north-cowichan-development,"The Development dataset contains 2022 Official Community Plan data. This package includes the Comprehensive Development Plan areas, Land Use Designation areas, Water Use Designation areas, and the Urban Containment Boundary. Always refer to the current Official Community Plan Bylaw on the North Cowi"
North Cowichan Electrical,Municipality of North Cowichan,Open Government Licence – Municipality of North Cowichan,file,CSV FGDB GPKG KMZ OTHER SHP,2022-04-25,https://catalogue.data.gov.bc.ca/dataset/north-cowichan-electrical,Electrical dataset containing solar power pedestrian crosswalks and streetlights within the Municipality of North Cowichan. This data may only be used under the terms of the [Open Government Licence - Municipality of North Cowichan](http://www.northcowichan.ca/ogl). You are encouraged to contact the
North Cowichan Open Data Package,Municipality of North Cowichan,Open Government Licence – Municipality of North Cowichan,file,FGDB GPKG KML OTHER,2023-03-10,https://catalogue.data.gov.bc.ca/dataset/north-cowichan-open-data-package,"The Open Data Package contains North Cowichan owned datasets; [cadastral](https://catalogue.data.gov.bc.ca/dataset/17d1b2cf-2f7e-4928-b337-6768e286a852), [development](https://catalogue.data.gov.bc.ca/dataset/9c0a3504-5b82-4de7-ae81-f4308b0c699e), [parks](https://catalogue.data.gov.bc.ca/dataset/c9f"
"North Cowichan Ortho-Imagery, LiDAR, Contours",Municipality of North Cowichan,Open Government Licence – Municipality of North Cowichan,file,OTHER TXT,2025-06-27,https://catalogue.data.gov.bc.ca/dataset/north-cowichan-ortho-imagery-lidar-contours,"Contains 2017, 2019, 2022, and 2024 10cm resolution ortho-imagery collected in May to July for the respective year, 12-15 points per meter LiDAR, and 1 meter contours derived from the LiDAR (2024). This data may only be used under the terms of the [Open Government Licence - Municipality of North Cow"
North Cowichan Parks,Municipality of North Cowichan,Open Government Licence – Municipality of North Cowichan,file,CSV FGDB GPKG KMZ OTHER SHP,2022-04-26,https://catalogue.data.gov.bc.ca/dataset/north-cowichan-parks,"Parks contains Municipal forestry recreation areas, North Cowichan parks, water access points, and Non-North Cowichan recreation within municipal boundary. A full list of areas and facilities can be found at the Parks and Recreation Department on the North Cowichan website (https://www.northcowichan"
North Cowichan Planimetry,Municipality of North Cowichan,Open Government Licence – Municipality of North Cowichan,file,CSV FGDB GPKG KMZ OTHER SHP,2026-08-11,https://catalogue.data.gov.bc.ca/dataset/north-cowichan-planimetry,"Planimetry contains line work digitized from the most recent ortho-imagery cycle outlining roads, curb/gutters, driveways, parking lots, and trails. This data may only be used under the terms of the [Open Government Licence - Municipality of North Cowichan](http://www.northcowichan.ca/ogl). You are "
North Cowichan Rooflines,Municipality of North Cowichan,Open Government Licence – Municipality of North Cowichan,file,CSV FGDB GPKG KMZ OTHER SHP,2026-08-11,https://catalogue.data.gov.bc.ca/dataset/north-cowichan-rooflines,Rooflines contain 2-D rooflines of all rooflines within North Cowichan as digitized from the most recent ortho-imagery cycle excluding decks and corrected to imagery lean. This data may only be used under the terms of the [Open Government Licence - Municipality of North Cowichan](http://www.northcow
North Cowichan Sanitary Utilities,Municipality of North Cowichan,Open Government Licence – Municipality of North Cowichan,file,CSV FGDB GPKG KMZ OTHER SHP,2022-04-06,https://catalogue.data.gov.bc.ca/dataset/north-cowichan-sanitary-utilities,"The Sanitary Utilities dataset contains North Cowichan owned sewer mains, fittings, manholes, services, and facilities. This data may only be used under the terms of the [Open Government License - Municipality of North Cowichan](http://www.northcowichan.ca/ogl). You are encouraged to contact the dat"
North Cowichan Storm Utilities,Municipality of North Cowichan,Open Government Licence – Municipality of North Cowichan,file,CSV FGDB GPKG KMZ OTHER SHP,2022-04-26,https://catalogue.data.gov.bc.ca/dataset/north-cowichan-storm-utilities,"The Storm Utilities dataset contains North Cowichan owned storm mains, fittings, manholes, services, facilities, culverts, basins, and ditches. This data may only be used under the terms of the [Open Government Licence - Municipality of North Cowichan](http://www.northcowichan.ca/ogl). You are encou"
North Cowichan Water Features,Municipality of North Cowichan,Open Government Licence – Municipality of North Cowichan,file,CSV FGDB GPKG KMZ OTHER SHP,2023-12-05,https://catalogue.data.gov.bc.ca/dataset/north-cowichan-water-features,"The water features dataset contains a modified version of the provincial Fresh Water Atlas of the coastline, lake and ponds, major rivers, streams, wetlands, and watersheds. Features might be spatially altered from the provincial source to show known changes. This data may only be used under the ter"
North Cowichan Water Utilities,Municipality of North Cowichan,Open Government Licence – Municipality of North Cowichan,file,CSV FGDB GPKG KMZ OTHER SHP,2022-04-06,https://catalogue.data.gov.bc.ca/dataset/north-cowichan-water-utilities,"The Water Utilities dataset contains North Cowichan owned water mains, fittings, valves, services, reservoirs, facilities, fire hydrants, and pressure zones. This data may only be used under the terms of the [Open Government License - Municipality of North Cowichan](http://www.northcowichan.ca/ogl)."
North Cowichan Zoning,Municipality of North Cowichan,Open Government Licence – Municipality of North Cowichan,file,CSV FGDB GPKG KMZ OTHER SHP,2023-06-26,https://catalogue.data.gov.bc.ca/dataset/north-cowichan-zoning,Zoning parcels show permitted land use according to zoning bylaws and are updated during rezoning processes/bylaw updates. Zoning codes/descriptions can be found under the Development Services Department at the Municipality of North Cowichan website (https://www.northcowichan.ca/EN/main/departments/
Freedom of Information (FOI) Statistics,Open Information,Open Government Licence - British Columbia,file,CSV PDF XLSX,2026-08-25,https://catalogue.data.gov.bc.ca/dataset/freedom-of-information-foi-statistics,"Data for all central government Freedom of Information (FOI) requests closed in the fiscal years 2010-11 to current quarter. Fields include request numbers, receiving ministry, applicant type, start date, end date, due date, request type, processing days, overdue days, on hold days, status, extensio"
Community Health Service Areas Boundaries,"Performance, Partnerships and Methodologies",Open Government Licence - British Columbia,file,JSON KML MULTIPLE WMS XLSX,2025-01-21,https://catalogue.data.gov.bc.ca/dataset/community-health-service-areas-boundaries,Community Health Service Area (CHSA) boundaries; 2022 boundary configuration. The CHSAs are a mutually exclusive and exhaustive classification of the land area in BC. CHSAs are contiguous (land area is geographically adjacent) and fit within the existing geographical hierarchy (cannot violate higher
Consolidated Local Health Areas Boundaries,"Performance, Partnerships and Methodologies",Open Government Licence - British Columbia,file,ARCGIS_REST KML MULTIPLE WMS,2026-03-19,https://catalogue.data.gov.bc.ca/dataset/consolidated-local-health-areas-boundaries,Consolidated Local Health Areas (CLHAs) Boundaries. B.C. Consolidated Local Health Areas (CLHAs) are a health geography standard that partitions the province into distinct areas that support coordination of specialized care between Health Authorities and Primary Care. The province is divided into fi
Health Authority Boundaries,"Performance, Partnerships and Methodologies",Open Government Licence - British Columbia,file,KML MULTIPLE WMS,2025-01-21,https://catalogue.data.gov.bc.ca/dataset/health-authority-boundaries,"Health Authority (HA) boundaries; 2022 boundary configuration. The HAs are a mutually exclusive and exhaustive classification of the land area in BC. HAs are contiguous (land area is geographically adjacent) and fit within an existing geographical hierarchy, e.g., cannot violate lower-level geograph"
Health Service Delivery Area Boundaries,"Performance, Partnerships and Methodologies",Open Government Licence - British Columbia,file,KML MULTIPLE WMS,2025-01-21,https://catalogue.data.gov.bc.ca/dataset/health-service-delivery-area-boundaries,"Health Service Delivery Area (HSDA) boundaries; 2022 boundary configuration. The HSDAs are a mutually exclusive and exhaustive classification of the land area in BC. HSDAs are contiguous (land area is geographically adjacent) and fit within a geographical hierarchy structure, e.g., cannot violate hi"
Local Health Area Boundaries,"Performance, Partnerships and Methodologies",Open Government Licence - British Columbia,file,KML MULTIPLE WMS,2025-01-21,https://catalogue.data.gov.bc.ca/dataset/local-health-area-boundaries,"Local Health Area (LHA) boundaries; 2022 boundary configuration. The LHAs are a mutually exclusive and exhaustive classification of the land area in BC. LHAs are contiguous (land area is geographically adjacent) and fit within an existing geographical hierarchy structure, e.g., cannot violate higher"
Livestock at Large Regulations in British Columbia,Plant and Animal Health,Open Government Licence - British Columbia,file,ARCGIS_REST KML MULTIPLE WMS,2025-08-07,https://catalogue.data.gov.bc.ca/dataset/livestock-at-large-regulations-in-british-columbia,"In British Columbia, there are over 100 Livestock Districts, Bull Control Areas and Pound Districts established by regulation under the Livestock Act. Livestock Districts, with minor exceptions, are areas where livestock may run at large within the district boundaries. Bull Control Areas are areas w"
Adult Females Charged by Violation,Policing and Security,Statistics Canada Open Licence,file,XLSX,2022-05-03,https://catalogue.data.gov.bc.ca/dataset/adult-females-charged-by-violation,"Ten year trends in the number of adult females that police in BC recommended be charged with Criminal Code offences (excluding traffic), by most serious offence in each incident."
Adult Males Charged by Violation,Policing and Security,Statistics Canada Open Licence,file,XLSX,2022-05-03,https://catalogue.data.gov.bc.ca/dataset/adult-males-charged-by-violation,"Ten year trends in the number of adult males that police in BC recommended be charged with Criminal Code offences (excluding traffic), by most serious offence in each incident."
BC Crime Types,Policing and Security,Statistics Canada Open Licence,file,XLSX,2022-05-03,https://catalogue.data.gov.bc.ca/dataset/bc-crime-types,"Ten year trends in the number of police-reported Criminal Code offences (excluding traffic violations) in British Columbia, based on the most serious offence in each incident."
Clearance Rate by Violation,Policing and Security,Statistics Canada Open Licence,file,XLSX,2022-05-03,https://catalogue.data.gov.bc.ca/dataset/clearance-rate-by-violation,Ten year trends in the unweighted clearance rate of Criminal Code offences (excluding traffic violations) reported by police in BC. 
Controlled Drugs and Substances Act Drug Offences,Policing and Security,Statistics Canada Open Licence,file,XLSX,2022-05-03,https://catalogue.data.gov.bc.ca/dataset/controlled-drugs-and-substances-act-drug-offences,"Ten year trend in the number of police-reported Controlled Drugs and Substances Act (CDSA) drug offences by violation for British Columbia, based on the most serious offence in each incident."
Criminal Code Traffic Offences,Policing and Security,Statistics Canada Open Licence,file,XLSX,2022-05-03,https://catalogue.data.gov.bc.ca/dataset/criminal-code-traffic-offences,"Ten year trend in police-reported Criminal Code Traffic offences by violation for British Columbia, based on the most serious offence in each incident."
Female Youth Charged by Violation,Policing and Security,Statistics Canada Open Licence,file,XLSX,2022-05-03,https://catalogue.data.gov.bc.ca/dataset/female-youth-charged-by-violation,"Ten year trends in the number of female youth that police in BC recommended be charged with Criminal Code offences (excluding traffic), by most serious offence in each incident."
Licensed Security Businesses in BC,Policing and Security,Open Government Licence - British Columbia,file,XLSX,2022-05-03,https://catalogue.data.gov.bc.ca/dataset/licensed-security-businesses-in-bc,"Number of security business licenses issued per year, by category in BC."
Licensed Security Workers in BC,Policing and Security,Open Government Licence - British Columbia,file,XLSX,2022-05-03,https://catalogue.data.gov.bc.ca/dataset/licensed-security-workers-in-bc,"Number of security worker licenses issued per year, by category in BC."
Male Youth Charged by Violation,Policing and Security,Statistics Canada Open Licence,file,XLSX,2022-05-03,https://catalogue.data.gov.bc.ca/dataset/male-youth-charged-by-violation,"Ten year trends in the number of male youth that police in BC recommended be charged with Criminal Code offences (excluding traffic), by most serious offence in each incident."
Number of Offences Cleared Otherwise,Policing and Security,Statistics Canada Open Licence,file,XLSX,2022-04-06,https://catalogue.data.gov.bc.ca/dataset/number-of-offences-cleared-otherwise,"Ten year trends in the number of Criminal Code offences (excluding traffic violations) reported by police in BC, that were cleared by means other than recommending charge(s)."
Number of Offences Cleared by Charge,Policing and Security,Statistics Canada Open Licence,file,XLSX,2022-05-03,https://catalogue.data.gov.bc.ca/dataset/number-of-offences-cleared-by-charge,"Ten year trends in the number of Criminal Code offences (excluding traffic violations) reported by police in BC that were ""cleared by a charge,"" meaning the police recommended charges against an alleged perpetrator."
Policing Jurisdictions and Regions in BC,Policing and Security,Open Government Licence - British Columbia,file,XLSX,2024-11-12,https://catalogue.data.gov.bc.ca/dataset/policing-jurisdictions-and-regions-in-bc,Concordance table relating policing jurisdictions to policing regions to the type of policing in BC.
Population of Policing Jurisdictions in BC,Policing and Security,Open Government Licence - British Columbia,file,XLSX,2022-05-03,https://catalogue.data.gov.bc.ca/dataset/population-of-policing-jurisdictions-in-bc,Ten year trend of populations by police jurisdiction in BC.
Survey of Perception of Police in BC 2012,Policing and Security,Open Government Licence - British Columbia,file,CSV,2022-05-03,https://catalogue.data.gov.bc.ca/dataset/survey-of-perception-of-police-in-bc-2012,Results from the 2012 Survey of British Columbia's perceptions of police.
Total Number of Offences Cleared,Policing and Security,Statistics Canada Open Licence,file,XLSX,2022-05-03,https://catalogue.data.gov.bc.ca/dataset/total-number-of-offences-cleared,"Ten year trends in the number of police-reported Criminal Code offences (excluding traffic violations) in BC that were cleared (aka ""solved,"" meaning the police recommended charges against the alleged perpetrator or the police identified a suspect against whom they believed they could recommend char"
Total Persons Charged by Violation,Policing and Security,Statistics Canada Open Licence,file,XLSX,2022-05-03,https://catalogue.data.gov.bc.ca/dataset/total-persons-charged-by-violation,"Ten year trends in the number of persons that police in BC recommended be charged with Criminal Code offences (excluding traffic), by most serious offence in each incident."
Counties of British Columbia - Legally Defined Administrative Areas of BC,Policy and Legislation,Open Government Licence - British Columbia,file,KML MULTIPLE WMS,2026-06-27,https://catalogue.data.gov.bc.ca/dataset/counties-of-british-columbia-legally-defined-administrative-areas-of-bc,The __Counties of British Columbia__ contains areas of land within the Province of British Columbia representing legally defined administrative areas described in the County Boundary Act. The purpose of this division is for the administration of justice. The counties were delineated using provincial
Full-Time Equivalent Enrolment Targets at B.C. Public Post-Secondary Institutions,Post-Secondary Finance,Open Government Licence - British Columbia,file,CSV XLSX,2026-04-10,https://catalogue.data.gov.bc.ca/dataset/full-time-equivalent-enrolment-targets-at-public-post-secondary-institutions,Number of Full-Time Equivalent (FTE) enrolment targets at British Columbia's public post-secondary institutions. Data are available by institution. 
Full-Time Equivalent Enrolments at B.C. Public Post-Secondary Institutions,Post-Secondary Finance,Open Government Licence - British Columbia,file,CSV XLSX,2025-08-26,https://catalogue.data.gov.bc.ca/dataset/full-time-equivalent-enrolments-at-b-c-public-post-secondary-institutions,Number of Full-Time Equivalent (FTE) enrolments at British Columbia's public post-secondary institutions. Data are available by institution. 
Operating Grants at B.C. Public Post-Secondary Institutions,Post-Secondary Finance,Open Government Licence - British Columbia,file,CSV XLSX,2026-01-22,https://catalogue.data.gov.bc.ca/dataset/operating-grants-at-b-c-public-post-secondary-institutions,Operating Grants provided by the provincial government to British Columbia's public post-secondary institutions. Data are available by institution.
Routine Capital and Annual Capital Allowance at B.C. Public Post-Secondary Institutions,Post-Secondary Finance,Open Government Licence - British Columbia,file,CSV XLSX,2025-09-18,https://catalogue.data.gov.bc.ca/dataset/routine-capital-and-annual-capital-allowance-at-b-c-public-post-secondary-institutions,Routine capital and annual capital allowance provided by the provincial government to British Columbia's public post-secondary institutions. Data are available by region. 
BTA Transaction - Account Expenditures,Procurement Services,Open Government Licence - British Columbia,file,CSV,2026-08-18,https://catalogue.data.gov.bc.ca/dataset/bta-transaction-account-expenditures,This dataset provides the business transaction account (BTA) transaction data for all government ministries. The BTA is used strictly for airfare.
Purchasing Card Transaction Account Expenditures,Procurement Services,Open Government Licence - British Columbia,file,CSV,2026-08-18,https://catalogue.data.gov.bc.ca/dataset/purchasing-card-transaction-account-expenditures,This dataset provides the purchasing card (p-card) transaction data for all government ministries.
Property Transfer Tax Data 2016,Property Taxation,Open Government Licence - British Columbia,file,CSV PDF XLS XLSX,2018-11-27,https://catalogue.data.gov.bc.ca/dataset/property-transfer-tax-data-2016,"Property transfer tax data relating to market transactions within the province. The data is drawn from new forms implemented June 10, asking tax filers for additional information, like citizenship, they weren’t previously required to provide. For more information regarding Property Transfer Tax see "
Property Transfer Tax Data 2017,Property Taxation,Open Government Licence - British Columbia,file,CSV PDF XLS XLSX,2018-11-27,https://catalogue.data.gov.bc.ca/dataset/property-transfer-tax-data-2017,Property transfer tax data relating to market transactions within the province. For more information regarding Property Transfer Tax see our [website](http://www2.gov.bc.ca/gov/content/taxes/property-taxes/property-transfer-tax). This data-set contains the information obtained from the 2017 market t
Property Transfer Tax Data 2018,Property Taxation,Open Government Licence - British Columbia,file,CSV PDF XLSX,2021-06-09,https://catalogue.data.gov.bc.ca/dataset/property-transfer-tax-data-2018,The automation of the monthly PTT Open Data reports has been delayed until June due to system enhancements. Property transfer tax data relating to market transactions within the province. For more information regarding Property Transfer Tax see our [website](http://www2.gov.bc.ca/gov/content/taxes/p
Property Transfer Tax Data 2019,Property Taxation,Open Government Licence - British Columbia,file,CSV PDF XLSX,2021-06-09,https://catalogue.data.gov.bc.ca/dataset/property-transfer-tax-data-2019,Property transfer tax data relating to market transactions within the province. For more information regarding Property Transfer Tax see our [website](https://www2.gov.bc.ca/gov/content/taxes/property-taxes/property-transfer-tax). This data-set contains the information obtained from the 2019 market 
Property Transfer Tax Data 2020,Property Taxation,Open Government Licence - British Columbia,file,CSV PDF XLSX,2021-06-09,https://catalogue.data.gov.bc.ca/dataset/property-transfer-tax-data-2020,Property transfer tax data relating to market transactions within the province. For more information regarding Property Transfer Tax see our [website](https://www2.gov.bc.ca/gov/content/taxes/property-taxes/property-transfer-tax). This data-set contains the information obtained from the 2020 market 
Property Transfer Tax Data 2021,Property Taxation,Open Government Licence - British Columbia,file,CSV PDF XLSX,2022-01-31,https://catalogue.data.gov.bc.ca/dataset/property-transfer-tax-data-2021,Property transfer tax (PTT) data relating to market transactions within the province. For more information regarding Property Transfer Tax (PTT) see our [website](https://www2.gov.bc.ca/gov/content?id=B6F43B3AAE394299B03B1F777747A36F). This data-set contains the information obtained from the 2021 ma
Property Transfer Tax Data 2022,Property Taxation,Open Government Licence - British Columbia,file,CSV PDF XLSX,2023-01-23,https://catalogue.data.gov.bc.ca/dataset/property-transfer-tax-data-2022,Property transfer tax (PTT) data relating to market transactions within the province. For more information regarding Property Transfer Tax (PTT) see our [website](https://www2.gov.bc.ca/gov/content?id=B6F43B3AAE394299B03B1F777747A36F). This data-set contains the information obtained from the 2022 ma
Property Transfer Tax Data 2023,Property Taxation,Open Government Licence - British Columbia,file,CSV PDF XLSX,2024-01-08,https://catalogue.data.gov.bc.ca/dataset/property-transfer-tax-data-2023,Property transfer tax (PTT) data relating to market transactions within the province. For more information regarding Property Transfer Tax (PTT) see our [website](https://www2.gov.bc.ca/gov/content?id=B6F43B3AAE394299B03B1F777747A36F). This data-set contains the information obtained from the 2023 ma
Property Transfer Tax Data 2024,Property Taxation,Open Government Licence - British Columbia,file,CSV PDF XLSX,2025-01-20,https://catalogue.data.gov.bc.ca/dataset/property-transfer-tax-data-2024,Property transfer tax (PTT) data relating to market transactions within the province. For more information regarding Property Transfer Tax (PTT) see our [website](https://www2.gov.bc.ca/gov/content?id=B6F43B3AAE394299B03B1F777747A36F). This data-set contains the information obtained from the 2024 ma
Property Transfer Tax Data 2025,Property Taxation,Open Government Licence - British Columbia,file,CSV PDF XLSX,2026-01-19,https://catalogue.data.gov.bc.ca/dataset/property-transfer-tax-data-2025,Property transfer tax (PTT) data relating to market transactions within the province. For more information regarding Property Transfer Tax (PTT) see our [website](https://www2.gov.bc.ca/gov/content?id=B6F43B3AAE394299B03B1F777747A36F). This data-set contains the information obtained from the 2024 ma
Property Transfer Tax Data 2026,Property Taxation,Open Government Licence - British Columbia,file,CSV PDF XLSX,2026-09-14,https://catalogue.data.gov.bc.ca/dataset/property-transfer-tax-data-2026,"Property transfer tax (PTT) data relating to market transactions within the province. For more information regarding Property Transfer Tax (PTT), see our [website](https://www2.gov.bc.ca/gov/content?id=A519A56BC2BF44E4A008B33FCF527F61). This data-set contains the information obtained from the 2026 m"
govTogetherBC Business and Investing-related Engagement Opportunities RSS Feed,Public Engagement and Design,Open Government Licence - British Columbia,file,XML,2022-04-06,https://catalogue.data.gov.bc.ca/dataset/govtogetherbc-business-and-investing-related-engagement-opportunities-rss-feed,"This is an RSS feed of all engagement opportunities listed in the Business and Investing category on www.gov.bc.ca/govtogetherbc, the B.C. government's directory of public engagement opportunities. It includes topics such as the economy, jobs and international business."
govTogetherBC Education and Training-related Engagement Opportunities RSS Feed,Public Engagement and Design,Open Government Licence - British Columbia,file,XML,2022-04-06,https://catalogue.data.gov.bc.ca/dataset/govtogetherbc-education-and-training-related-engagement-opportunities-rss-feed,"This is an RSS feed of all engagement opportunities listed in the Education and Training category on www.gov.bc.ca/govtogetherbc, the B.C. government's directory of public engagement opportunities. It includes topics such as elementary, high school and post-secondary education."
govTogetherBC Environment-related Engagement Opportunities RSS Feed,Public Engagement and Design,Open Government Licence - British Columbia,file,XML,2022-04-06,https://catalogue.data.gov.bc.ca/dataset/govtogetherbc-environment-related-engagement-opportunities-rss-feed,"This is an RSS feed of all engagement opportunities listed in the Environment category on www.gov.bc.ca/govtogetherbc, the B.C. government's directory of public engagement opportunities. It includes topics such as natural resources, energy, climate action and wildlife."
govTogetherBC Families and Residents - related Engagement Opportunities RSS Feed,Public Engagement and Design,Open Government Licence - British Columbia,file,XML,2022-06-03,https://catalogue.data.gov.bc.ca/dataset/govtogetherbc-families-and-residents-related-engagement-opportunities-rss-feed,"This is an RSS feed of all engagement opportunities listed in the Families and Residents category on www.gov.bc.ca/govtogetherbc, the B.C. government's directory of public engagement opportunities. It includes topics such as seniors, children, transportation and housing."
govTogetherBC Government-related Engagement Opportunities RSS Feed,Public Engagement and Design,Open Government Licence - British Columbia,file,XML,2022-06-03,https://catalogue.data.gov.bc.ca/dataset/govtogetherbc-government-related-engagement-opportunities-rss-feed,"This is an RSS feed of all engagement opportunities listed in the Government category on www.gov.bc.ca/govtogetherbc, the B.C. government's directory of public engagement opportunities. It includes topics such as open data, the Provincial budget and freedom of information."
govTogetherBC Immigration and Tourism-related Engagement Opportunities RSS Feed,Public Engagement and Design,Open Government Licence - British Columbia,file,XML,2022-06-03,https://catalogue.data.gov.bc.ca/dataset/govtogetherbc-immigration-and-tourism-related-engagement-opportunities-rss-feed,"This is an RSS feed of all engagement opportunities listed in the Immigration and Tourism category on www.gov.bc.ca/govtogetherbc, the B.C. government's directory of public engagement opportunities. It includes topics such as travel and information for newcomers."
govTogetherBC In-person Opportunities RSS Feed,Public Engagement and Design,Open Government Licence - British Columbia,file,XML,2022-06-03,https://catalogue.data.gov.bc.ca/dataset/govtogetherbc-in-person-opportunities-rss-feed,"This is an RSS feed of all in-person engagement opportunities listed on www.gov.bc.ca/govtogetherbc, Government's directory of public engagement opportunities. The content spans all categories and topic areas, and shows only the engagement opportunities in which citizens can participate in person."
govTogetherBC Mail Opportunities RSS Feed,Public Engagement and Design,Open Government Licence - British Columbia,file,XML,2022-06-03,https://catalogue.data.gov.bc.ca/dataset/govtogetherbc-mail-opportunities-rss-feed,"This is an RSS feed of all engagement opportunities via mail listed on www.gov.bc.ca/govtogetherbc, Government's directory of public engagement opportunities. The content spans all categories and topic areas, and shows only the engagement opportunities in which citizens can participate via mail."
govTogetherBC Online Opportunities RSS Feed,Public Engagement and Design,Open Government Licence - British Columbia,file,XML,2022-06-03,https://catalogue.data.gov.bc.ca/dataset/govtogetherbc-online-opportunities-rss-feed,"This is an RSS feed of all online engagement opportunities listed on www.gov.bc.ca/govtogetherbc, Government's directory of public engagement opportunities. The content spans all categories and topic areas, and shows only the engagement opportunities in which citizens can participate online."
govTogetherBC Site wide RSS Feed,Public Engagement and Design,Open Government Licence - British Columbia,file,XML,2022-04-06,https://catalogue.data.gov.bc.ca/dataset/govtogetherbc-site-wide-rss-feed,"This is an RSS feed of all content available on www.gov.bc.ca/govtogetherbc, Government's directory of public engagement opportunities."
govTogetherBC Telephone Opportunities RSS Feed,Public Engagement and Design,Open Government Licence - British Columbia,file,XML,2022-06-03,https://catalogue.data.gov.bc.ca/dataset/govtogetherbc-telephone-opportunities-rss-feed,"This is an RSS feed of all engagement opportunities via telephone listed on www.gov.bc.ca/govtogetherbc, Government's directory of public engagement opportunities. The content spans all categories and topic areas, and shows only the engagement opportunities in which citizens can participate via tele"
BC Public Libraries Statistics 2002-Present,Public Libraries,Open Government Licence - British Columbia,file,CSV XLSX,2026-09-23,https://catalogue.data.gov.bc.ca/dataset/bc-public-libraries-statistics-2002-present,"This multi-year dataset has been compiled to provide users with a single, compact source of reliable BC public library data. For better cross-year comparisons, we have used the current* question wording and numbering for all included years. The full data is available in both XLS and CSV format. *The"
BC Public Libraries Systems - Branches and Locations,Public Libraries,Open Government Licence - British Columbia,file,CSV KML MULTIPLE WMS XLSX,2026-09-24,https://catalogue.data.gov.bc.ca/dataset/bc-public-libraries-systems-branches-and-locations,"This dataset includes contact and location data for all library service points in BC. It also includes some primary data on library use and services from the most current year that data is available. The dataset is geolocational, and is available in XLSX, CSV, and KML formats. "
Executive Compensation Disclosure,Public Sector Employers Council Secretariat,Open Government Licence - British Columbia,file,CSV,2026-09-01,https://catalogue.data.gov.bc.ca/dataset/executive-compensation-disclosure,"This data file contains a list of public sector executives, organized by Sector and Employer, whose employers are required to disclose their total compensation each year in accordance with the Public Sector Employers Act if they receive an annualized base salary of $125,000 or more and are one of th"
Public Sector Compensation,Public Sector Employers Council Secretariat,Open Government Licence - British Columbia,file,CSV,2023-07-17,https://catalogue.data.gov.bc.ca/dataset/public-sector-compensation,"This file contains a list of sectors and sub-sectors encompassed by the Public Sector Employers Act, including estimated number of full-time equivalent positions (FTE), number of people employed in each sector (headcount) and total labour costs. Total labour costs include employer paid wages, benefi"
Range Pastures,Range Branch,Open Government Licence - British Columbia,file,KML MULTIPLE WMS,2026-07-23,https://catalogue.data.gov.bc.ca/dataset/range-pastures,A Range Pasture is a grazing area enclosed and separated from other areas by fencing or other barriers (e.g. Natural Range Barrier). May be the management unit of grazing land as reflected in a Range Use Plan. Range Pastures are administrative and not legal boundaries.
Range Tenure Polygons,Range Branch,Open Government Licence - British Columbia,file,KML MULTIPLE WMS,2026-09-24,https://catalogue.data.gov.bc.ca/dataset/range-tenure-polygons,"This spatial layer displays Range Tenures (grazing and hay cutting licence and permits) administered by the Ministry of Forests, Lands and Natural Resource Operations. A Range Tenure is an area of Crown rangeland where a Range Act tenure applies. Tenure holders access a defined amount of forage thro"
Range Units,Range Branch,Open Government Licence - British Columbia,file,KML MULTIPLE WMS,2026-07-23,https://catalogue.data.gov.bc.ca/dataset/range-units,"A Range Unit is an administrative area established to assist in the management of the range program. Typically made up of one or more pastures. Generally, one or more Range Units make up a Stock Range"
Stock Range,Range Branch,Open Government Licence - British Columbia,file,KML MULTIPLE WMS,2026-07-23,https://catalogue.data.gov.bc.ca/dataset/stock-range,"A Stock Range is an administrative area established to coincide with local livestock association areas. Generally, stock ranges are made up of one or more range units. Stock ranges are found in select areas of the province where applicable; not all areas of the province contain stock ranges"
Recreation Line,Recreation Sites and Trails BC,Open Government Licence - British Columbia,file,KML MULTIPLE WMS,2026-09-23,https://catalogue.data.gov.bc.ca/dataset/recreation-line,This is a spatial layer showing Ministry of Forests Recreation Lines. These are the linear spatial representation for features such as recreation trails
Recreation Polygons,Recreation Sites and Trails BC,Open Government Licence - British Columbia,file,KML MULTIPLE WMS,2026-09-23,https://catalogue.data.gov.bc.ca/dataset/recreation-polygons,"The spatial representation of a recreation feature. This can be either a recreation reserve, recreation site, or an interpretative forest"
Recreation Sites Subset - Information Purposes Only,Recreation Sites and Trails BC,Open Government Licence - British Columbia,file,KML MULTIPLE WMS,2026-09-24,https://catalogue.data.gov.bc.ca/dataset/recreation-sites-subset-information-purposes-only,"This data set contains a small sub-set of the WHSE_FOREST_TENURE.FTEN_RECREATION_POLY_SVW layer, in point form, with minimal attribution for the purpose of displaying a select set of high value recreation sites. For access to complete listing of Forest Recreation sites please use [Recreation Polygon"
Recreational Features Inventory,Recreation Sites and Trails BC,Open Government Licence - British Columbia,file,KML MULTIPLE WMS,2026-09-24,https://catalogue.data.gov.bc.ca/dataset/recreational-features-inventory,"The RFI identifies areas of land and water encircling a recreation feature or combination of features that support, or have the potential to support, one or more recreation activities. These areas are rated for their significance or importance to recreation and for their sensitivity to alteration"
Notice of Work (NoW) - Permitted Mine Areas - Regional Mine - Public,Regional Operations ,Open Government Licence - British Columbia,file,KML MULTIPLE WMS,2026-09-24,https://catalogue.data.gov.bc.ca/dataset/notice-of-work-now-permitted-mine-areas-regional-mine-public,This polygonal dataset represents authorized applications for a Mines Act permit known as a Permitted Mine Area (PMA). This dataset can be used in combination with the NoW point dataset which represents both applications for a Mines Act permit and issued authorizations for mining activities proposed
Notice of Work (NoW) Spatial Locations - Public,Regional Operations ,Open Government Licence - British Columbia,file,KML ORACLE_SDE WMS,2026-09-24,https://catalogue.data.gov.bc.ca/dataset/notice-of-work-now-spatial-locations-public,This point dataset represents both applications for a Mines Act permit and issued authorizations for mining activities proposed in the application. Applications for regional Mines Act permits are known as Notice of Work (NoW) applications. Regional mine permits are issued for mineral and coal explor
Caribou Habitat Model - E. Cariboo Region/Columbia Highlands/N. Columbia Mountains (2001),Regional Operations - Cariboo,Open Government Licence - British Columbia,file,KML MULTIPLE WMS,2023-06-29,https://catalogue.data.gov.bc.ca/dataset/caribou-habitat-model-e-cariboo-region-columbia-highlands-n-columbia-mountains-2001,"Summer, Spring, Early Winter, and Late Winter multi-scale habitat model for mountain caribou in the Western Cariboo Region / Columbia Highlands / Northern Columbia Mountains. [Season] field should be used to split the data out into separate summer, spring, early winter, and late winter habitat model"
Caribou Habitat Model for the Western Cariboo Region (2001),Regional Operations - Cariboo,Open Government Licence - British Columbia,file,KML MULTIPLE PDF WMS,2023-06-29,https://catalogue.data.gov.bc.ca/dataset/caribou-habitat-model-for-the-western-cariboo-region-2001,"Summer, Winter Alpine, and Winter Forest-Dwelling habitat model for caribou in the Itcha, Ilgachuz, and Rainbow Mountains of West-Central BC. This habitat model was developed using telemetry from the Itcha-Ilgachuz, Rainbow, and Charlotte Alplands Herds. [Season] field should be used to split the da"
Caribou Habitat Model for the Western Cariboo Region (2017),Regional Operations - Cariboo,Open Government Licence - British Columbia,file,KML MULTIPLE PDF WMS,2023-06-29,https://catalogue.data.gov.bc.ca/dataset/caribou-habitat-model-for-the-western-cariboo-region-2017-,"Summer/Fall and Winter/Forest-Dwelling 2017 habitat model for caribou in the Itcha Ilgachuz area. [Season] field should be used to split the data out into separate summer/fall and winter/forest-dwelling habitat models. Model development is detailed in _Apps, C., and N. Dodd. 2016.. Caribou habitat m"
Draft Viewlines with Direction for the Cariboo Region,Regional Operations - Cariboo,Open Government Licence - British Columbia,file,SHP,2021-04-09,https://catalogue.data.gov.bc.ca/dataset/draft-viewlines-with-direction-for-the-cariboo-region,Draft viewlines originating from viewpoints and leading into viewscapes for the Cariboo Region.
Itcha Ilgachuz Caribou Habitat Area 5-086 Quadrants,Regional Operations - Cariboo,Open Government Licence - British Columbia,file,KML MULTIPLE WMS,2025-08-19,https://catalogue.data.gov.bc.ca/dataset/itcha-ilgachuz-caribou-habitat-area-5-086-quadrants,"The Itcha Ilgachuz Caribou Habitat Area (IICHA) and associated quadrants were developed as a part of the 2002 Northern Caribou Strategy, with revisions in 2011. The boundary is based on caribou telemetry to 2011, and is used to form the outer boundary of the quadrants that are used to help determine"
Landscape Units (Subdivisions) for Wildlife Habitat Area 5-086,Regional Operations - Cariboo,Open Government Licence - British Columbia,file,KML MULTIPLE WMS,2023-06-29,https://catalogue.data.gov.bc.ca/dataset/landscape-units-subdivisions-for-wildlife-habitat-area-5-086,"Landscape Units (Subdivisions) were developed as a part of the 2002 Northern Caribou Strategy and are used for landscape level planning within Wildlife Habitat Area 5-086. For details please see: [Apps, C. D., T. A. Kinley, and J. A. Young. 2001. Multi-scale habitat modeling for woodland caribou in "
Mule Deer Winter Range Habitat Management Zones - Cariboo Region,Regional Operations - Cariboo,Open Government Licence - British Columbia,file,KML MULTIPLE WMS,2026-08-27,https://catalogue.data.gov.bc.ca/dataset/mule-deer-winter-range-habitat-management-zones-cariboo-region,Mule deer habitat management zones and associated timber harvest opportunities within mule deer winter range in the Cariboo Region.
Mule Deer Winter Range Topographic Buffers - Cariboo Region,Regional Operations - Cariboo,Open Government Licence - British Columbia,file,KML MULTIPLE WMS,2025-05-10,https://catalogue.data.gov.bc.ca/dataset/mule-deer-winter-range-topographic-buffers-cariboo-region,Topographic buffers within mule deer winter range in the Cariboo Region.
Northern Caribou Habitat Units of the Itcha and Ilgachuz Areas - Cariboo Region,Regional Operations - Cariboo,Open Government Licence - British Columbia,file,KML MULTIPLE OTHER WMS,2026-03-26,https://catalogue.data.gov.bc.ca/dataset/northern-caribou-habitat-units-of-the-itcha-and-ilgachuz-areas-cariboo-region,"1:50,000 habitat mapping for northern caribou in the Itcha and Ilgachuz Mtn. Areas, circa 1986."
Predicted Spawning Periods for Reduced Risk Work Windows for Quesnel and Central Cariboo Districts,Regional Operations - Cariboo,Open Government Licence - British Columbia,file,KML MULTIPLE WMS,2025-05-10,https://catalogue.data.gov.bc.ca/dataset/predicted-spawning-periods-for-reduced-risk-work-windows-for-quesnel-and-central-cariboo-districts,Fish Spawning Periods for the Quesnel and Central Cariboo Forest Districts.
Slope/Aspect Habitat Type Limitations in Mule Deer Winter Range – Cariboo Region,Regional Operations - Cariboo,Open Government Licence - British Columbia,file,KML MULTIPLE WMS,2023-06-29,https://catalogue.data.gov.bc.ca/dataset/slope-aspect-habitat-type-limitations-in-mule-deer-winter-range-cariboo-region,"Slope/Aspect habitat type limitations (high, moderate, low) in mule deer winter range within the Cariboo Region. These limitations apply only to interior douglas fir (IDF) and bunch grass biogeoclimatic zones within mule deer winter range."
Snowmobile Areas in Parks within the Cariboo Region,Regional Operations - Cariboo,Open Government Licence - British Columbia,file,KML MULTIPLE WMS,2023-06-29,https://catalogue.data.gov.bc.ca/dataset/snowmobile-areas-in-parks-within-the-cariboo-region,Designated play areas for snowmobiles in Tweedsmuir and Itcha-Ilgachuz Provincial Parks. [__Tweedsmuir Provincial Park Master Plan__](https://bcparks.ca/planning/mgmtplns/tweedsmuir/tweeds_mp.pdf?v=1618329316506) [__Itcha Ilgachuz Provincial Park Management Plan__](https://bcparks.ca/planning/mgmtpl
Stand Structure Habitat Classes in Mule Deer Winter Range - Cariboo Region,Regional Operations - Cariboo,Open Government Licence - British Columbia,file,KML MULTIPLE WMS,2025-03-07,https://catalogue.data.gov.bc.ca/dataset/stand-structure-habitat-classes-in-mule-deer-winter-range-cariboo-region,Stand structure habitat classes associated with mule deer winter range in the Cariboo Region.
Timing Windows for Work in and About Waterbodies in the Cariboo Natural Resource Region,Regional Operations - Cariboo,Open Government Licence - British Columbia,file,KML MULTIPLE OTHER WMS,2026-05-25,https://catalogue.data.gov.bc.ca/dataset/timing-windows-for-work-in-and-about-waterbodies-in-the-cariboo-natural-resource-region,"Timing windows are the period(s) during the year when work may be carried out in and about water bodies with the lowest risk to fish and wildlife species and habitat. Timing windows and terms and conditions vary based on regional differences in fish and wildlife species and habitat, and geography. T"
Foreshore Plant Habitat Zones Okanagan Region,Regional Operations - Thompson Okanagan,Open Government Licence - British Columbia,file,KML MULTIPLE WMS,2025-05-12,https://catalogue.data.gov.bc.ca/dataset/foreshore-plant-habitat-zones-okanagan-region,"Foreshore Plant Habitat Zones for Okanagan region lakes. The purpose of this data is to support the Large Lakes Protocol, an interagency document that addresses the processes that need to be followed during foreshore development. The required application process varies depending on habitat value zon"
Kokanee Habitat Zones Okanagan Region,Regional Operations - Thompson Okanagan,Open Government Licence - British Columbia,file,KML MULTIPLE WMS,2025-05-12,https://catalogue.data.gov.bc.ca/dataset/kokanee-habitat-zones-okanagan-region,"Kokanee habitat zones for Okanagan region lakes. The purpose of this data is to support the Large Lakes Protocol, an interagency document that addresses the processes that need to be followed during foreshore development. The required application process varies depending on habitat value zone. The d"
Kokanee Shore Spawner Data - Okanagan Region,Regional Operations - Thompson Okanagan,Open Government Licence - British Columbia,file,KML MULTIPLE WMS,2026-07-03,https://catalogue.data.gov.bc.ca/dataset/kokanee-shore-spawner-data-okanagan-region,"The Okanagan Lake kokanee shore spawner data set is comprised of multiple combined data sets. The historical data sets for the years 1974, 77, 78, 79 and 80 and more recent data sets collected from 2001 to 2016, and 2018. The historical data was derived from information collected in the field and ha"
Mussel Habitat Zones Okanagan Region,Regional Operations - Thompson Okanagan,Open Government Licence - British Columbia,file,KML MULTIPLE WMS,2025-05-12,https://catalogue.data.gov.bc.ca/dataset/mussel-habitat-zones-okanagan-region,"The purpose of this data is to support the Large Lakes Protocol, an interagency document that addresses the processes that need to be followed during foreshore development. The required application process varies depending on habitat value zone"
Great Bear Rainforest - Landscape Reserve Design,Regional Operations - West Coast,Open Government Licence - British Columbia,file,KML ORACLE_SDE WMS,2026-09-24,https://catalogue.data.gov.bc.ca/dataset/great-bear-rainforest-landscape-reserve-design,This layer contains current Landscape Reserve Design (LRD) polygons associated the Great Bear Rainforest. The spatial data layer excludes sensitive information and is publicly viewable and downloadable. This data represents legally established and spatially defined LRD areas and are designed to meet
BC Ideas Exchange - Economic Development Success Stories,Regional and Indigenous Economic Policy,Open Government Licence - British Columbia,file,CSV,2020-12-23,https://catalogue.data.gov.bc.ca/dataset/bc-ideas-exchange-economic-development-success-stories,"Are you looking for economic development ideas and inspiration for your community? The BC Ideas Exchange showcases B.C. communities and their innovative approaches to economic development. The best economic development practices are usually developed through community experience, lessons learned and"
BC Indigenous Business Listings,Regional and Indigenous Economic Policy,Open Government Licence - British Columbia,file,CSV HTML KML MULTIPLE WMS,2026-09-24,https://catalogue.data.gov.bc.ca/dataset/bc-indigenous-business-listings,"The BC Indigenous Business Listings dataset offers a brief summary of Indigenous businesses operating in the province. For each business listed in the dataset, information including the Indigenous owner(s) of the company, location, links to websites as well as primary contact information including e"
Annual Traffic Volumes 2004-2010,Rehabilitation and Maintenance,Open Government Licence - British Columbia,file,XLSX,2022-04-06,https://catalogue.data.gov.bc.ca/dataset/annual-traffic-volumes-2004-2010,Annual traffic volume statistics from the period 2004 to 2010. This includes the Annual Average Daily Traffic volume (AADT) for predefined segments (Uniform Traffic Volume Segments) of the provincial highways. The data also includes the Summer Average Daily Traffic (SADT) volumes for the months of J
Monthly Traffic Volumes - Permanent Counters January 2011-June 2011,Rehabilitation and Maintenance,Open Government Licence - British Columbia,file,XLSX,2022-04-06,https://catalogue.data.gov.bc.ca/dataset/monthly-traffic-volumes-permanent-counters-january-2011-june-2011,"Monthly traffic volume statistics from Permanent counters for the period January 2011 to June 2011. This includes Monthly Average Daily Traffic (MADT), Monthly Average Weekday Traffic, Monthly Average Weekend Traffic, and Monthly Average Daily Traffic by Length bin using the BC 5-bin scheme."
Monthly Traffic Volumes - Permanent Counters October 2009 - December 2010,Rehabilitation and Maintenance,Open Government Licence - British Columbia,file,XLSX,2022-04-06,https://catalogue.data.gov.bc.ca/dataset/monthly-traffic-volumes-permanent-counters-october-2009-december-2010,"Monthly traffic volume statistics from Permanent counters for the period October 2010 to December 2010. This includes Monthly Average Daily Traffic (MADT), Monthly Average Weekday Traffic, Monthly Average Weekend Traffic, and Monthly Average Daily Traffic by Length bin using the BC 5-bin scheme."
Monthly Traffic Volumes - Permanent Counters October January 2004 - June 2009,Rehabilitation and Maintenance,Open Government Licence - British Columbia,file,XLSX,2022-04-06,https://catalogue.data.gov.bc.ca/dataset/monthly-traffic-volumes-permanent-counters-october-january-2004-june-2009,"Monthly traffic statistics from Permanent counters the period January 2004 to September 2009. This includes Monthly Average Daily Traffic (MADT), Monthly Average Weekday Traffic, Monthly Average Weekend Traffic, and Monthly Average Daily Traffic by Length bin using the BC 5-bin scheme."
BC Employment and Assistance Program,Research Branch,Open Government Licence - British Columbia,file,CSV,2026-09-19,https://catalogue.data.gov.bc.ca/dataset/bc-employment-and-assistance-program,"The Ministry reports the breakdown of the BC Employment and Assistance program each month. The data is from 1995 and provides cases, recipients and dependent children by BC Employment and Assistance program designation and family type. "
BC Employment and Assistance Program Flow,Research Branch,Open Government Licence - British Columbia,file,CSV,2026-09-19,https://catalogue.data.gov.bc.ca/dataset/bc-employment-and-assistance-program-flow,"The Ministry reports the monthly caseload flow of the BC Employment and Assistance program. This data dates back to 1997 and reports starting cases (new and cycling cases), continuing cases, cases continuing in the same program or transitioning program as well as stopping cases. "
BC Employment and Assistance Program Transitions,Research Branch,Open Government Licence - British Columbia,file,CSV,2026-09-19,https://catalogue.data.gov.bc.ca/dataset/bc-employment-and-assistance-program-transitions,The Ministry reports the monthly caseload for the BC Employment and Assistance program. This data dates back to 1995 and indicates the transitions (movement) between the various BCEA programs. 
BC Employment and Assistance Program by Age,Research Branch,Open Government Licence - British Columbia,file,CSV,2026-09-19,https://catalogue.data.gov.bc.ca/dataset/bc-employment-and-assistance-program-by-age,"The Ministry reports the breakdown of the BC Employment and Assistance program each month by client age group. This data is from 1995 onwards and includes counts for cases, recipients and dependent children. "
BC Employment and Assistance Program by Census Metropolitan Area,Research Branch,Open Government Licence - British Columbia,file,CSV,2026-09-19,https://catalogue.data.gov.bc.ca/dataset/bc-employment-and-assistance-program-by-census-metropolitan-area,"The Ministry reports the breakdown of the BC Employment and Assistance program each month by census metropolitan area. This data is from 1995 onwards and includes counts for cases, recipients and dependent children. For the data dictionary, refer to the ""BC Employment and Assistance Program metadata"
BC Employment and Assistance Program by Economic Development Region,Research Branch,Open Government Licence - British Columbia,file,CSV,2026-09-19,https://catalogue.data.gov.bc.ca/dataset/bc-employment-and-assistance-program-by-economic-development-region,"The Ministry reports the breakdown of the BC Employment and Assistance program each month by economic development region. This data is from 1995 onwards and includes counts for cases, recipients and dependent children. "
BC Employment and Assistance Program by Federal Electoral District,Research Branch,Open Government Licence - British Columbia,file,CSV,2026-09-19,https://catalogue.data.gov.bc.ca/dataset/bc-employment-and-assistance-program-by-federal-electoral-district,"The Ministry reports the breakdown of the BC Employment and Assistance program each month by federal electoral district. This data is from 1995 onwards and includes counts for cases, recipients and dependent children."
BC Employment and Assistance Program by Health Authority,Research Branch,Open Government Licence - British Columbia,file,CSV,2026-09-19,https://catalogue.data.gov.bc.ca/dataset/bc-employment-and-assistance-program-by-health-authority,"The Ministry reports the breakdown of the BC Employment and Assistance program each month by health authority. This data is from 1995 onwards and includes counts for cases, recipients and dependent children."
BC Employment and Assistance Program by Ministry Region,Research Branch,Open Government Licence - British Columbia,file,CSV,2026-09-19,https://catalogue.data.gov.bc.ca/dataset/bc-employment-and-assistance-program-by-ministry-region,"The Ministry reports the breakdown of the BC Employment and Assistance program each month by region. This data is from 1997 and assumes existing regions for all historical data (back casted). Cases, recipients and dependent children are reported for the Ministry regions. Refer to the ""Ministry of So"
BC Employment and Assistance Program by Municipality,Research Branch,Open Government Licence - British Columbia,file,CSV,2026-09-19,https://catalogue.data.gov.bc.ca/dataset/bc-employment-and-assistance-program-by-municipality,"The Ministry reports the breakdown of the BC Employment and Assistance program each month by the 75 municipalities with the highest BCEA caseloads (i.e. both income assistance and disability assistance). This data is from 1995 onwards and includes counts for cases, recipients and dependent children."
BC Employment and Assistance Program by Provincial Electoral District,Research Branch,Open Government Licence - British Columbia,file,CSV,2026-06-16,https://catalogue.data.gov.bc.ca/dataset/bc-employment-and-assistance-program-by-provincial-electoral-district,"The Ministry reports the breakdown of the BC Employment and Assistance program each month by provincial electoral district. This data is from 1995 onwards and includes counts for cases, recipients and dependent children."
BC Employment and Assistance Program metadata,Research Branch,Open Government Licence - British Columbia,file,CSV,2026-06-16,https://catalogue.data.gov.bc.ca/dataset/bc-employment-and-assistance-program-metadata,The Ministry reports the breakdown of the BC Employment and Assistance program by various dimensions. This is a basic data dictionary to define the codes used. It is intended for programmatic use.
Ministry of Social Development Region Boundaries,Research Branch,Open Government Licence - British Columbia,file,KMZ,2026-06-16,https://catalogue.data.gov.bc.ca/dataset/ministry-of-social-development-region-boundaries,"This file contains the regional boundaries for the five Ministry regions. It is currently available as a .kmz (a compressed .kml file). The Ministry no longer uses a 'regional' model for service delivery. As such, this is just maintained for historical purposes."
Credentials at Public Post-Secondary Institutions by Level and Category,Research and Analysis,Open Government Licence - British Columbia,file,CSV XLSX,2026-06-25,https://catalogue.data.gov.bc.ca/dataset/credentials-at-public-post-secondary-institutions-by-level-and-category,Number of credentials awarded to students at British Columbia's public post-secondary institutions. Data are available at a system level.
Domestic Student Headcount in Adult Basic Education by Gender and Age Group,Research and Analysis,Open Government Licence - British Columbia,file,CSV XLSX,2026-04-30,https://catalogue.data.gov.bc.ca/dataset/domestic-student-headcount-in-adult-basic-education-by-gender-and-age-group,Domestic Adult Basic Education student headcount by age group and gender. This dataset was previously known as: 'Adult Basic Education Headcount by Gender and Age Group at Public Post-Secondary Institutions.'
Domestic and International Student Headcount by Economic Development Region and Institution,Research and Analysis,Open Government Licence - British Columbia,file,CSV XLSX,2026-06-25,https://catalogue.data.gov.bc.ca/dataset/domestic-and-international-student-headcount-by-economic-development-region-and-institution,Number of domestic and international students enrolled at British Columbia's public post-secondary institutions. Data are available by economic development region and institution.
Graduate Tuition Fees for Arts Programs at B.C. Public Post-Secondary Institutions,Research and Analysis,Open Government Licence - British Columbia,file,CSV XLSX,2025-09-11,https://catalogue.data.gov.bc.ca/dataset/graduate-tuition-fees-for-arts-programs-at-b-c-public-post-secondary-institutions,Annual academic arts program graduate level tuition fees for full-time domestic students at public post-secondary institutions by economic development region and by institution. Academic Years 2016/17 to 2025/26.
International Tuition Fees at Public Post-Secondary Institutions by Economic Development Region,Research and Analysis,Open Government Licence - British Columbia,file,CSV XLSX,2025-09-11,https://catalogue.data.gov.bc.ca/dataset/international-tuition-fees-at-public-post-secondary-institutions-by-economic-development-region,Annual academic arts program tuition fees for full-time international students at public post-secondary institutions by economic development region and by institution. Academic Years 2016/17 to 2025/26.
International and Domestic Student Headcount in English Language Learning by Age Group,Research and Analysis,Open Government Licence - British Columbia,file,CSV XLSX,2026-04-30,https://catalogue.data.gov.bc.ca/dataset/international-and-domestic-student-headcount-in-english-language-learning-by-age-group,Previously known as: 'English as a Second Language Domestic and International Student Headcount by Age Group at Public Post-secondary Institutions.'
Locations of B.C. Post-Secondary Institutions,Research and Analysis,Open Government Licence - British Columbia,file,CSV KML MULTIPLE WMS XLSX,2026-09-03,https://catalogue.data.gov.bc.ca/dataset/locations-of-b-c-post-secondary-institutions,List of locations of B.C. public and B.C. private degree granting and non-B.C. degree granting post-secondary institutions.
Mandatory Fees at Public Post-Secondary Institutions by Economic Development Region,Research and Analysis,Open Government Licence - British Columbia,file,CSV XLSX,2025-09-11,https://catalogue.data.gov.bc.ca/dataset/mandatory-fees-at-public-post-secondary-institutions-by-economic-development-region,Annual academic arts program mandatory fees for full-time domestic students at public post-secondary institutions by economic development region and by institution. Academic Years 2016/17 to 2025/26.
Student Loan Default Rates at B.C. Private Post-Secondary Institutions,Research and Analysis,Open Government Licence - British Columbia,file,CSV XLSX,2023-11-01,https://catalogue.data.gov.bc.ca/dataset/student-loan-default-rates-at-b-c-private-post-secondary-institutions,"Percent of British Columbia Student Loan borrowers from British Columbia's private post-secondary institutions who have consolidated their loans and failed to fulfill repayment responsibilities. Data available by institution. Five-year consolidation cohorts, Fiscal Years 2003/04 - 2007/08 to 2007/08"
Student Loan Default Rates at B.C. Public Post-Secondary Institutions,Research and Analysis,Open Government Licence - British Columbia,file,CSV XLSX,2023-11-01,https://catalogue.data.gov.bc.ca/dataset/student-loan-default-rates-at-b-c-public-post-secondary-institutions,"Percent of British Columbia Student Loan borrowers from British Columbia's public post-secondary institutions who have consolidated their loans and failed to fulfill repayment responsibilities. Data available by institution. Five-year consolidation cohorts, Fiscal Years 2003/04 - 2007/08 to 2007/08 "
Student Satisfaction with B.C. Public Post-Secondary Education,Research and Analysis,Open Government Licence - British Columbia,file,CSV XLSX,2026-09-01,https://catalogue.data.gov.bc.ca/dataset/student-satisfaction-with-b-c-public-post-secondary-education,System level performance measure showing percentage of students who were very satisfied or satisfied with the education they received.
Student Society Fees at Public Post-Secondary Institutions by Economic Development Region,Research and Analysis,Open Government Licence - British Columbia,file,CSV XLSX,2026-01-12,https://catalogue.data.gov.bc.ca/dataset/student-society-fees-at-public-post-secondary-institutions-by-economic-development-region,Annual student society fees for full-time domestic students at public post-secondary institutions by economic development region and by institution. Academic Years 2016/17 to 2025/26.
Survey Results of Baccalaureate Graduates by Program Cluster,Research and Analysis,Open Government Licence - British Columbia,file,CSV XLSX,2026-09-01,https://catalogue.data.gov.bc.ca/dataset/survey-results-of-baccalaureate-graduates-by-program-cluster,"Results of the B.C. Baccalaureate Graduate Survey regarding student satisfaction, usefulness of skills and graduate employment outcomes. Data available by program cluster. Aggregation of results from surveys 2023, 2024 and 2025."
Survey Results of Developmental Students by Program Grouping,Research and Analysis,Open Government Licence - British Columbia,file,CSV XLSX,2023-11-01,https://catalogue.data.gov.bc.ca/dataset/survey-results-of-developmental-students-by-program-grouping,"Results of the Developmental Student Outcomes Survey regarding student satisfaction, usefulness of skills and employment outcomes. Data available by program grouping. Aggregation of results from surveys 2012, 2013 and 2014."
"Survey Results of Diploma, Associate Degree and Certificate Students by Program Cluster",Research and Analysis,Open Government Licence - British Columbia,file,CSV XLSX,2025-11-25,https://catalogue.data.gov.bc.ca/dataset/survey-results-of-diploma-associate-degree-and-certificate-students-by-program-cluster,"Results of the B.C. Diploma, Associate Degree and Certificate Student Outcomes Survey regarding student satisfaction, usefulness of skills and employment outcomes. Data available by program cluster. Aggregation of results from surveys 2023, 2024 and 2025."
Survey results of Apprenticeship and Trades Students by Program Cluster,Research and Analysis,Open Government Licence - British Columbia,file,CSV XLSX,2026-09-01,https://catalogue.data.gov.bc.ca/dataset/survey-results-of-apprenticeship-and-trades-students-by-program-cluster,"Survey results of the B.C. Apprenticeship Student Outcomes Survey regarding student satisfaction, usefulness of skills and employment outcomes. Data available by program area. Aggregation of results from surveys 2024, 2025 and 2026."
Tuition Fees for Arts Programs at B.C. Public Post-Secondary Institutions,Research and Analysis,Open Government Licence - British Columbia,file,CSV XLSX,2025-09-11,https://catalogue.data.gov.bc.ca/dataset/tuition-fees-for-arts-programs-at-b-c-public-post-secondary-institutions,Annual academic arts program tuition fees for full-time domestic undergraduate students at public post-secondary institutions by economic development region and by institution. Academic Years 2016/17 to 2025/26.
Unemployment Rate of Graduates from B.C. Public Post-Secondary Institutions by Credential Type,Research and Analysis,Open Government Licence - British Columbia,file,CSV XLSX,2026-09-01,https://catalogue.data.gov.bc.ca/dataset/unemployment-rate-of-graduates-from-b-c-public-post-secondary-institutions-by-credential-type,"System level performance measure showing percentage of graduates who were unemployed at the time of the survey, compared with the percentage of unemployed individuals with high school credentials or less."
Alcohol Driving Prohibitions,RoadSafetyBC,Open Government Licence - British Columbia,file,CSV XLSX,2020-06-09,https://catalogue.data.gov.bc.ca/dataset/alcohol-driving-prohibitions,"Number of administrative alcohol-related driving prohibitions served in British Columbia. Includes Immediate Roadside Prohibitions (IRP) and Administrative Prohibitions (ADP). Breakdown by prohibition duration, type, month and year served. 24-hour prohibitions and criminal code alcohol-related drivi"
Intersection Safety Camera Violation Tickets by Location,RoadSafetyBC,Open Government Licence - British Columbia,file,CSV XLSX,2026-04-07,https://catalogue.data.gov.bc.ca/dataset/intersection-safety-camera-violation-tickets-by-location,The Intersection Safety Camera (ISC) Violation Tickets by Location dataset provides the number of speeding and red light violation tickets issued by intersection location. The dataset begins in 2019. Please note: The dataset includes tickets that may have since been cancelled so the count may differ
Motor Vehicle Fatalities by Month,RoadSafetyBC,Open Government Licence - British Columbia,file,CSV XLSX,2020-06-09,https://catalogue.data.gov.bc.ca/dataset/motor-vehicle-fatalities-by-month,"The number of Motor Vehicle fatalities in British Columbia by month and year. A motor vehicle fatality is a road user (driver, passenger, pedestrian, and cyclist) who is injured in a collision involving a motor vehicle on a 'public highway' as defined in the Motor Vehicle Act and the victim is decea"
Motor Vehicle Fatalities by Region,RoadSafetyBC,Open Government Licence - British Columbia,file,CSV XLSX,2020-06-09,https://catalogue.data.gov.bc.ca/dataset/motor-vehicle-fatalities-by-region,"The number of Motor Vehicle fatalities in British Columbia by police traffic region and year. A motor vehicle fatality is a road user (driver, passenger, pedestrian, and cyclist) who is injured in a collision involving a motor vehicle on a 'public highway' as defined in the Motor Vehicle Act and the"
Motor Vehicle Fatalities by Road User Type,RoadSafetyBC,Open Government Licence - British Columbia,file,CSV XLSX,2020-06-09,https://catalogue.data.gov.bc.ca/dataset/motor-vehicle-fatalities-by-role,"The number of Motor Vehicle fatalities in British Columbia by road user role type. A motor vehicle fatality is a road user (driver, passenger, pedestrian, and cyclist) who is injured in a collision involving a motor vehicle on a 'public highway' as defined in the Motor Vehicle Act and the victim is "
Motor Vehicle Fatalities in British Columbia by Gender,RoadSafetyBC,Open Government Licence - British Columbia,file,CSV XLSX,2022-04-06,https://catalogue.data.gov.bc.ca/dataset/motor-vehicle-fatalities-in-british-columbia-by-gender,The number of Motor Vehicle fatalities in British Columbia by gender and year from 1996 to 2016. Reference URL: http://www.pssg.gov.bc.ca/osmv/data/index.htm
Motor Vehicle Fatalities with Alcohol and/or Drug Involvement,RoadSafetyBC,Open Government Licence - British Columbia,file,CSV XLSX,2020-06-09,https://catalogue.data.gov.bc.ca/dataset/motor-vehicle-fatalities-with-alcohol-and-or-drug-involvement,"The number of Motor Vehicle fatalities in British Columbia with Alcohol and/or Drug involvement by year. A motor vehicle fatality is a road user (driver, passenger, pedestrian, and cyclist) who is injured in a collision involving a motor vehicle on a 'public highway' as defined in the Motor Vehicle "
Motor Vehicle Fatalities with Distraction Involvement,RoadSafetyBC,Open Government Licence - British Columbia,file,CSV XLSX,2020-06-09,https://catalogue.data.gov.bc.ca/dataset/motor-vehicle-fatalities-with-distraction-involvement,"The number of Motor Vehicle fatalities in British Columbia with distraction involvement by year. A motor vehicle fatality is a road user (driver, passenger, pedestrian, and cyclist) who is injured in a collision involving a motor vehicle on a 'public highway' as defined in the Motor Vehicle Act and "
Motor Vehicle Fatalities with Speeding Involvement,RoadSafetyBC,Open Government Licence - British Columbia,file,CSV XLSX,2020-06-09,https://catalogue.data.gov.bc.ca/dataset/motor-vehicle-fatalities-with-speeding-involvement,"The number of Motor Vehicle fatalities in British Columbia with speeding involved by year. A motor vehicle fatality is a road user (driver, passenger, pedestrian, and cyclist) who is injured in a collision involving a motor vehicle on a 'public highway' as defined in the Motor Vehicle Act and the vi"
Motor Vehicle Hospitalizations by Region,RoadSafetyBC,Open Government Licence - British Columbia,file,CSV XLSX,2020-06-09,https://catalogue.data.gov.bc.ca/dataset/motor-vehicle-hospitalizations-by-region,"The number of Motor Vehicle hospitalizations of greater than 24-hours in British Columbia by health region. This data is based on all hospital admissions and includes crashes on roads where the Motor Vehicle Act does not apply (such as forest-service roads, industrial roads and private driveways)."
Motor Vehicle Hospitalizations by Road User Type,RoadSafetyBC,Open Government Licence - British Columbia,file,CSV XLSX,2020-06-09,https://catalogue.data.gov.bc.ca/dataset/motor-vehicle-hospitalizations-by-role,"The number of Motor Vehicle hospitalizations of greater than 24-hours in British Columbia by road user role type. This data is based on all hospital admissions and includes crashes on roads where the Motor Vehicle Act does not apply (such as forest-service roads, industrial roads and private drivewa"
Motor Vehicle Serious Injuries by Month,RoadSafetyBC,Open Government Licence - British Columbia,file,CSV XLSX,2020-06-09,https://catalogue.data.gov.bc.ca/dataset/motor-vehicle-serious-injuries-by-month,The number of serious injuries caused by motor vehicles in British Columbia by month and year. This data includes only crashes attended by a police officer where the officer assesses that a victim will require more than 24 hours of hospitalization. This data excludes victims on roads where the Motor
Motor Vehicle Serious Injuries by Region,RoadSafetyBC,Open Government Licence - British Columbia,file,CSV XLSX,2020-06-09,https://catalogue.data.gov.bc.ca/dataset/motor-vehicle-serious-injuries-by-region,The number of Motor Vehicle serious injuries in British Columbia by police traffic region and year. This data includes only crashes attended by a police officer where the officer assesses that a victim will require more than 24 hours of hospitalization. This data excludes victims on roads where the 
Motor Vehicle Serious Injuries by Road User Type,RoadSafetyBC,Open Government Licence - British Columbia,file,CSV XLSX,2020-06-09,https://catalogue.data.gov.bc.ca/dataset/motor-vehicle-serious-injuries-by-role,The number of Motor Vehicle serious injuries in British Columbia by road user role type. This data includes only crashes attended by a police officer where the officer assesses that a victim will require more than 24 hours of hospitalization. This data excludes victims on roads where the Motor Vehic
Motor Vehicle Serious Injuries with Alcohol and/or Drug Involvement,RoadSafetyBC,Open Government Licence - British Columbia,file,CSV XLSX,2020-06-09,https://catalogue.data.gov.bc.ca/dataset/motor-vehicle-serious-injuries-with-alcohol-and-or-drug-involvement,The number of Motor Vehicle serious injuries in British Columbia with Alcohol and/or Drug involvement by year. This data includes only crashes attended by a police officer where the officer assesses that a victim will require more than 24 hours of hospitalization. This data excludes victims on roads
Motor Vehicle Serious Injuries with Distraction Involvement,RoadSafetyBC,Open Government Licence - British Columbia,file,CSV XLSX,2020-06-09,https://catalogue.data.gov.bc.ca/dataset/motor-vehicle-serious-injuries-with-distraction-involvement,The number of Motor Vehicle serious injuries in British Columbia with distraction involvement by year. This data includes only crashes attended by a police officer where the officer assesses that a victim will require more than 24 hours of hospitalization. This data excludes victims on roads where t
Motor Vehicle Serious Injuries with Speeding Involvement,RoadSafetyBC,Open Government Licence - British Columbia,file,CSV XLSX,2020-06-09,https://catalogue.data.gov.bc.ca/dataset/motor-vehicle-serious-injuries-with-speeding-involvement,The number of Motor Vehicle serious injuries in British Columbia with speeding involved by year. This data includes only crashes attended by a police officer where the officer assesses that a victim will require more than 24 hours of hospitalization. This data excludes victims on roads where the Mot
Reviews for Alcohol Driving Prohibitions,RoadSafetyBC,Open Government Licence - British Columbia,file,CSV XLSX,2020-06-09,https://catalogue.data.gov.bc.ca/dataset/reviews-for-alcohol-driving-prohibitions,"Number of reviews conducted by RoadSafetyBC for alcohol-related driving prohibitions served in British Columbia. Breakdown by reviews outcomes (successful and unsuccessful), type of prohibition (Immediate Roadside Prohibitions and Administrative Prohibitions), month and year served."
Unlicensed Driving Prohibitions,RoadSafetyBC,Open Government Licence - British Columbia,file,CSV XLSX,2020-06-09,https://catalogue.data.gov.bc.ca/dataset/unlicensed-driving-prohibitions,Number of Unlicensed driving prohibitions served in British Columbia. Breakdown by month and year served.
Vehicle Impoundment Reviews,RoadSafetyBC,Open Government Licence - British Columbia,file,CSV XLSX,2020-06-09,https://catalogue.data.gov.bc.ca/dataset/vehicle-impoundment-reviews,"Number of Vehicle Impoundment (VI) reviews conducted by RoadSafetyBC. Breakdown by review outcome, month and year served."
Vehicle Impoundments,RoadSafetyBC,Open Government Licence - British Columbia,file,CSV XLSX,2020-06-09,https://catalogue.data.gov.bc.ca/dataset/vehicle-impoundments,"Number of Vehicle Impoundments (VI) for alcohol and non-alcohol related driving offences in British Columbia. Breakdown by offence type, prohibition length, month and year served."
Service BC Office Locations,Service Analytics and Standards - Service BC,Open Government Licence - British Columbia,file,CSV KML MULTIPLE WMS,2026-09-24,https://catalogue.data.gov.bc.ca/dataset/service-bc-office-locations,"The Service BC Office Locations is comprised of all Service BC locations in the province. These offices provide front line support for many of the hundreds of programs and services the provincial government offers to residents, businesses and visitors."
Active Apprenticeship Registrations by Trade and Economic Development Region,SkilledTradesBC,Open Government Licence - SkilledTradesBC,file,XLSX,2026-09-22,https://catalogue.data.gov.bc.ca/dataset/active-apprenticeship-registrations-by-trade-and-economic-development-region,"The number of active apprenticeship registrations as of March 31, 2026 by trade and economic development region. "
Active Apprenticeship Registrations by Trade and Gender,SkilledTradesBC,Open Government Licence - SkilledTradesBC,file,XLSX,2026-09-22,https://catalogue.data.gov.bc.ca/dataset/active-apprenticeship-registrations-by-trade-and-gender,The number of active apprenticeship registrations as of March 31 from 2017 to 2026 by trade and gender. 
Active Apprenticeship Registrations by Trade and Indigenous,SkilledTradesBC,Open Government Licence - SkilledTradesBC,file,XLSX,2026-09-22,https://catalogue.data.gov.bc.ca/dataset/active-apprenticeship-registrations-by-trade-and-indigenous,The number of active Indigenous and non-Indigenous apprenticeship registrations as of March 31 from 2017 to 2026 by trade.
Certificates of Qualification Issued by SkilledTradesBC,SkilledTradesBC,Open Government Licence - SkilledTradesBC,file,XLSX,2026-09-22,https://catalogue.data.gov.bc.ca/dataset/certificates-of-qualification-issued-by-skilledtradesbc,"The number of apprenticeship and trade qualifier certifications issued by SkilledTradesBC by fiscal year, trade, and gender from 2016/17 to 2025/26. "
Certificates of Qualification Issued by SkilledTradesBC by Trade and Economic Development Region,SkilledTradesBC,Open Government Licence - SkilledTradesBC,file,XLSX,2026-09-23,https://catalogue.data.gov.bc.ca/dataset/certificates-of-qualification-issued-by-skilledtradesbc-by-trade-and-economic-development-region,The number of apprenticeship and trade qualifier certifications issued by SkilledTradesBC by trade and economic development region from April 2025 to March 2026.
New Apprenticeship Registrations by Fiscal Year and Gender,SkilledTradesBC,Open Government Licence - SkilledTradesBC,file,XLSX,2026-09-22,https://catalogue.data.gov.bc.ca/dataset/new-apprenticeship-registrations-by-fiscal-year-and-gender,"The number of new apprenticeship registrations by fiscal year, trade and gender from 2016/17 to 2025/26."
New Apprenticeship Registrations by Trade and Economic Development Region,SkilledTradesBC,Open Government Licence - SkilledTradesBC,file,XLSX,2026-09-23,https://catalogue.data.gov.bc.ca/dataset/new-apprenticeship-registrations-by-trade-and-economic-development-region,The number of new apprenticeship registrations by trade and economic development region from April 2025 to March 2026.
Mobile Business Licence Partnerships,Small Business,Open Government Licence - British Columbia,file,CSV KML MULTIPLE WMS,2023-06-29,https://catalogue.data.gov.bc.ca/dataset/mobile-business-licence-partnerships,"Current communities partnering in a mobile business licence program with neighboring communities. To view the the Mobile Business Licence partnerships in the BC Economic atlas, [click here](https://maps.gov.bc.ca/ess/hm/bcea/?catalogLayers=6081,6120,6082&center=-13000000,6450000,102100&legendFirst)."
Guide to Indigenous Organizations and Services in BC,Socio-Economic Partnerships,Open Government Licence - British Columbia,file,CSV XLSX,2021-08-24,https://catalogue.data.gov.bc.ca/dataset/guide-to-indigenous-organizations-and-services-in-bc,"The Guide is a provincial resource listing of approximately 800 community-based services and organizations referenced in approximately 1,000 entries, most of which are Indigenous/Aboriginal controlled and operate on a not-for-profit basis. It is based on the most current information available at the"
BC Training and Education Savings Program,Student Certification,Open Government Licence - British Columbia,file,CSV XLSX,2022-04-06,https://catalogue.data.gov.bc.ca/dataset/bc-training-and-education-savings-program,"Eligible population estimates for the BC Training and Education Savings Program (BCTESP) and cumulative number of grant beneficiaries as of the December 31st, 2018 report date."
Oil and Gas Land Plats,Tenure and Resource Stewardship,Open Government Licence - British Columbia,file,KML MULTIPLE WMS,2026-09-24,https://catalogue.data.gov.bc.ca/dataset/oil-and-gas-land-plats,"Land Plats illustrate in map view the oil or gas Spacing Areas delimited in a pool, and names the geological formation in which the pool is recognised. Land Plats are the sole official record of where the Director of PandNG Titles Branch recognizes a pool of hydrocarbons to exist for the purpose of "
Oil and Gas Tenure Areas,Tenure and Resource Stewardship,Open Government Licence - British Columbia,file,KML MULTIPLE WMS,2026-09-24,https://catalogue.data.gov.bc.ca/dataset/oil-and-gas-tenure-areas,Tenure Areas are geographic administrative areas named for local features and used to group petroleum and natural gas Land Plats situated within the same local geographic area.
Provincial Oil and Gas Tenure Registry Extract (non-confidential records),Tenure and Resource Stewardship,Open Government Licence - British Columbia,file,ZIP,2026-09-08,https://catalogue.data.gov.bc.ca/dataset/provincial-oil-and-gas-tenure-registry-extract-non-confidential-records-,A multi-file snapshot of provincial Crown petroleum and natural gas tenure in British Columbia. The data is provided in a format intended for use by data vendors and others interested in viewing the data in a relational database. Please refer to the included data dictionary for a complete listing of
Ungulate Winter Range - Proposed,Terrestrial Species Recovery,Open Government Licence - British Columbia,file,KML MULTIPLE WMS,2026-08-27,https://catalogue.data.gov.bc.ca/dataset/ungulate-winter-range-proposed,"An Ungulate Winter Range (UWR) is defined as an area that contains habitat that is necessary to meet the winter habitat requirements of an ungulate species. UWRs are based on current understanding of ungulate habitat requirements in winter, as interpreted by FLNR regional staff from current scientif"
Wildlife Habitat Areas - Approved,Terrestrial Species Recovery,Open Government Licence - British Columbia,file,KML MULTIPLE WMS,2026-02-26,https://catalogue.data.gov.bc.ca/dataset/wildlife-habitat-areas-approved,The dataset contains approved legal boundaries for wildlife habitat areas and specified areas for species at risk and regionally important wildlife. Additional information including approved orders associated with WHAs is available [here](http://www.env.gov.bc.ca/cgi-bin/apps/faw/wharesult.cgi?searc
Wildlife Habitat Areas - Proposed,Terrestrial Species Recovery,Open Government Licence - British Columbia,file,KML MULTIPLE WMS,2026-09-22,https://catalogue.data.gov.bc.ca/dataset/wildlife-habitat-areas-proposed,Wildlife habitat areas (WHAs) are mapped areas that are necessary to meet the habitat requirements of an Identified Wildlife element. WHAs designate critical habitats in which activities are managed to limit their impact on the Identified Wildlife element for which the area was established. The purp
Lobbyists Registry Open Datasets,The Office of the Registrar of Lobbyists for British Columbia,Open Data Licence - Office of the Registrar of Lobbyists for British Columbia,file,XLSX ZIP,2026-09-21,https://catalogue.data.gov.bc.ca/dataset/lobbyists-registry-open-datasets,"The Office of the Registrar of Lobbyists has oversight over the administration of the Lobbyists Transparency Act, which supports transparent, accountable lobbying in British Columbia. Here you will find open data sets on Lobbying Registration Returns and Lobbying Activity Reports in British Columbia"
TransLink - Cardlocks,TransLink,Open Government Licence – TransLink,file,GEOJSON KML SHP,2021-11-05,https://catalogue.data.gov.bc.ca/dataset/translink-cardlocks,This data set includes the locations of cardlocks in Metro Vancouver that were easily identifiable from various websites at the time the data set was created (late 2018). 
TransLink - Dangerous Goods Restrictions,TransLink,Open Government Licence – TransLink,file,GEOJSON KML SHP,2021-11-05,https://catalogue.data.gov.bc.ca/dataset/translink-dangerous-goods-restrictions,This data set provides the location of road restrictions that apply to vehicles that transport dangerous goods in the Metro Vancouver region.
TransLink - Downtown Vancouver,TransLink,Open Government Licence – TransLink,file,GEOJSON KML SHP,2021-11-05,https://catalogue.data.gov.bc.ca/dataset/translink-downtown-vancouver,"The downtown area of Vancouver has time and vehicle-length based restrictions for trucks, which are captured by the spatial extent of this data set. "
TransLink - Industrial Areas,TransLink,Open Government Licence – TransLink,file,GEOJSON KML SHP,2021-11-05,https://catalogue.data.gov.bc.ca/dataset/translink-industrial-areas,"This dataset shows the location of land classified as ""Industrial Use"" as of 2011 in Metro Vancouver. This dataset is a subset of the 2011 Generalized Land Use Classification dataset downloaded from Metro Vancouver's Open Data Catalogue (http://www.metrovancouver.org/data). "
TransLink - Inspection Stations,TransLink,Open Government Licence – TransLink,file,GEOJSON KML SHP,2021-11-05,https://catalogue.data.gov.bc.ca/dataset/translink-inspection-stations,"This data set shows the locations of commercial vehicle inspection stations in Metro Vancouver, including address and phone numbers. The data source is the Province of BC (http://www.th.gov.bc.ca/CVSE/inspection_stations.htm). "
TransLink - Major Road Network,TransLink,Open Government Licence – TransLink,file,GEOJSON KML SHP,2021-11-05,https://catalogue.data.gov.bc.ca/dataset/translink-major-road-network,"The Major Road Network (MRN) supports the safe and efficient movement of people and goods across the Metro Vancouver region. It includes more than 600 kilometres of major arterial roads that carry commuter, transit, and truck traffic. The MRN connects the provincial highway system with the local roa"
TransLink - Metro Vancouver Boundary,TransLink,Open Government Licence – TransLink,file,GEOJSON KML SHP,2021-11-05,https://catalogue.data.gov.bc.ca/dataset/translink-metro-vancouver-boundary,"This data set shows the boundary of TransLink's service area, which aligns with the boundary of the Metro Vancouver region. It is a subset of the Municipal Boundaries data set downloaded from Metro Vancouver's Open Data Catalogue (http://www.metrovancouver.org/data). "
TransLink - Oversize-Overweight (OS-OW) Truck Routes,TransLink,Open Government Licence – TransLink,file,GEOJSON KML SHP,2021-11-05,https://catalogue.data.gov.bc.ca/dataset/translink-oversize-overweight-os-ow-truck-routes,"This data set includes pre-screened routes for the following vehicle size and weight envelopes: Overall Height (OAH) up to 4.88 m; Overall Width (OAW) up to 5.00 m; Gross Vehicle Weight (GVW) up to 80,000 kg; Gross Vehicle Weight (GVW) up to 85,000 kg; Gross Vehicle Weight (GVW) up to 125,000 kg. Th"
TransLink - Port of Vancouver Facilities / Terminals,TransLink,Open Government Licence – TransLink,file,GEOJSON KML SHP,2021-11-05,https://catalogue.data.gov.bc.ca/dataset/translink-port-of-vancouver-facilities-terminals,"This data set shows the location of Port of Vancouver facilities and marine terminals in Metro Vancouver. These include facilities operated by a number of different companies and in a variety of different sectors including: auto, bulk, break bulk, container, coal, grain, oil/chemical and passenger. "
TransLink - Temporary Road Closures,TransLink,Open Government Licence – TransLink,file,GEOJSON KML SHP,2021-11-05,https://catalogue.data.gov.bc.ca/dataset/translink-temporary-road-closures,"This data set shows longer-term, temporary road closures that impact goods movement in the Metro Vancouver region. In general, the closures are construction-related, have a duration of at least 3 months, and the location is on a designated municipal truck route or a road that is part of the Major Ro"
TransLink - Truck Parking,TransLink,Open Government Licence – TransLink,file,GEOJSON KML SHP,2020-08-06,https://catalogue.data.gov.bc.ca/dataset/translink-truck-parking,This dataset shows the locations of officially recognized truck parking facilities in Metro Vancouver. Data sources include the Province of BC and the City of Surrey (https://www.surrey.ca/city-services/791.aspx). 
TransLink - Truck Routes,TransLink,Open Government Licence – TransLink,file,GEOJSON KML SHP,2021-11-05,https://catalogue.data.gov.bc.ca/dataset/translink-truck-routes,"This data set shows the spatial extent of Municipal Truck Routes, Truck Travel Restrictions & Advisories, Municipal Roads with No Truck Travel Restrictions, Provincial Highways, and Federal Roads in Metro Vancouver. "
BC Stop of Interest Signs,Transportation Services,Open Government Licence - British Columbia,file,CSV,2025-05-07,https://catalogue.data.gov.bc.ca/dataset/bc-stop-of-interest-signs,"The Stop of Interest signage program was introduced in 1958 as a British Columbia Centennial Project. Most of the signs erected at the time related to themes of settlement, industry or transportation within British Columbia. Since the start of the program, 139 signs have been installed throughout al"
DriveBC HighwayCams,Transportation Services,Open Government Licence - British Columbia,file,CSV,2026-06-05,https://catalogue.data.gov.bc.ca/dataset/bc-highwaycams,"A list of the locations, web addresses and attributes regarding Ministry owned highway web cameras. Attributes include: *DriveBC camera page, image, image thumbnail, Replay-the-Day, camera identifier, highway number, highway description, name, caption, credit/extra information, compass orientation, "
Historical DriveBC Events,Transportation Services,Open Government Licence - British Columbia,file,CSV KMZ,2026-05-21,https://catalogue.data.gov.bc.ca/dataset/historical-drivebc-events,"This annually updated dataset provides all of the previously published road conditions, traffic incidents, and current and planned road construction activities as published on [DriveBC web site](http://drivebc.ca/) beginning with 2006. Current information on DriveBC road events is available via the "
2011/12 Forecasts - Year in Review Tbl A2.1,Treasury Board Staff,Open Government Licence - British Columbia,file,XLSX,2022-06-01,https://catalogue.data.gov.bc.ca/dataset/2011-12-forecasts-year-in-review-tbl-a2-1,"A tabular presentation of British Columbia 2011-12 budget forecasts from the perspective of the year in review, including quaterly updates and totals for revenue changes, expense changes and forecast allowance changes."
2012-13 First Quarterly Report - 2012-13 Capital Projects Greater Than $50 million Tbl 3.11,Treasury Board Staff,Open Government Licence - British Columbia,file,XLSX,2022-06-01,https://catalogue.data.gov.bc.ca/dataset/2012-13-first-quarterly-report-2012-13-capital-projects-greater-than-50-million-tbl-3-11,"A tabular presentation of British Columbia capital expenditure projects in excess of $50 million, showing totals for taxpayer-supported and self-supported capital project expenditures, and including projected completion dates, project financing sources, and cumulative spending to June 30, 2012."
2012-13 First Quarterly Report - 2012-13 Capital Spending Tbl 3.10,Treasury Board Staff,Open Government Licence - British Columbia,file,XLSX,2022-06-01,https://catalogue.data.gov.bc.ca/dataset/2012-13-first-quarterly-report-2012-13-capital-spending-tbl-3-10,"A tabular presentation of the British Columbia government's capital spending including budgeted and actual values at June 30, 2012, actual values at June 30, 2011, full year budget and forecast for 2012-13, and actual values for 2011-12."
2012-13 First Quarterly Report - 2012-13 Expense by Function Tbl 3.9,Treasury Board Staff,Open Government Licence - British Columbia,file,XLSX,2022-06-01,https://catalogue.data.gov.bc.ca/dataset/2012-13-first-quarterly-report-2012-13-expense-by-function-tbl-3-9,"A tabular presentation of the British Columbia government's expense by function including budgeted and actual values at June 30, 2012, actual values at June 30, 2011, full year budget and forecast for 2012-13, and actual values for 2011-12."
"2012-13 First Quarterly Report - 2012-13 Expense by Ministry, Program and Agency Tbl 3.8",Treasury Board Staff,Open Government Licence - British Columbia,file,XLSX,2022-06-01,https://catalogue.data.gov.bc.ca/dataset/2012-13-first-quarterly-report-2012-13-expense-by-ministry-program-and-agency-tbl-3-8,"A tabular presentation of the British Columbia government's expense by ministry, program and agency including budgeted and actual values at June 30, 2012, actual values at June 30, 2011, full year budget and forecast for 2012-13, and actual values for 2011-12."
2012-13 First Quarterly Report - 2012-13 Forecast Changes from Budget 2012 Tbl 3.2,Treasury Board Staff,Open Government Licence - British Columbia,file,XLSX,2022-06-01,https://catalogue.data.gov.bc.ca/dataset/2012-13-first-quarterly-report-2012-13-forecast-changes-from-budget-2012-tbl-3-2,A taular presentation of changes from budgeted 2012-13 revenue and expenditure for the British Columbia government for the first 2012-13 quarterly report.
2012-13 First Quarterly Report - 2012-13 Operating Statement Tbl 3.6,Treasury Board Staff,Open Government Licence - British Columbia,file,XLSX,2022-06-01,https://catalogue.data.gov.bc.ca/dataset/2012-13-first-quarterly-report-2012-13-operating-statement-tbl-3-6,"A tabular presentation of the British Columbia operating statement, including budgeted and actual values at June 30, 2012, actual values at June 30, 2011, full year budget and forecast for 2012-13, and actual values for 2011-12."
2012-13 First Quarterly Report - 2012-13 Provincial Debt Tbl 3.12,Treasury Board Staff,Open Government Licence - British Columbia,file,XLSX,2022-06-01,https://catalogue.data.gov.bc.ca/dataset/2012-13-first-quarterly-report-2012-13-provincial-debt-tbl-3-12,"A tabular presentation of the British Columbia government's provincial debt including budgeted and actual values at June 30, 2012, actual values at June 30, 2011, full year budget and forecast for 2012-13, and actual values for 2011-12."
2012-13 First Quarterly Report - 2012-13 Revenue by Source Tbl 3.7,Treasury Board Staff,Open Government Licence - British Columbia,file,XLSX,2022-06-01,https://catalogue.data.gov.bc.ca/dataset/2012-13-first-quarterly-report-2012-13-revenue-by-source-tbl-3-7,"A tabular presentation of the British Columbia government's revenue, including budgeted and actual values at June 30, 2012, actual values at June 30, 2011, full year budget and forecast for 2012-13, and actual values for 2011-12."
2012-13 First Quarterly Report - 2012-13 Statement of Financial Position Tbl 3.13,Treasury Board Staff,Open Government Licence - British Columbia,file,XLSX,2022-06-01,https://catalogue.data.gov.bc.ca/dataset/2012-13-first-quarterly-report-2012-13-statement-of-financial-position-tbl-3-13,"A tabular presentation of the British Columbia government's financial position including budgeted and actual values at June 30, 2012, actual values at June 30, 2011, full year budget and forecast for 2012-13, and actual values for 2011-12."
2012-13 First Quarterly Report - BC Components of Nominal Income and Expenditure 2010-16 Tbl 2.6.2,Treasury Board Staff,Open Government Licence - British Columbia,file,XLSX,2022-06-01,https://catalogue.data.gov.bc.ca/dataset/2012-13-first-quarterly-report-bc-components-of-nominal-income-and-expenditure-2010-16-tbl-2-6-2,"A tabular presentation of British Columbia's nominal income and expenditure components for 2010 to 2016 including labour income, personal income, corporate profits, retail sales, housing starts and BC CPI."
2012-13 First Quarterly Report - BC Gross Domestic Product 2010-16 Tbl 2.6.1,Treasury Board Staff,Open Government Licence - British Columbia,file,XLSX,2022-06-01,https://catalogue.data.gov.bc.ca/dataset/2012-13-first-quarterly-report-bc-gross-domestic-product-2010-16-tbl-2-6-1,A tabular presentation of British Columbia's real and nominal gross domestic product for 2010 to 2016 including components of real GDP at market prices.
2012-13 First Quarterly Report - BC Labour Market Indicators 2010-16 Tbl 2.6.3,Treasury Board Staff,Open Government Licence - British Columbia,file,XLSX,2022-06-01,https://catalogue.data.gov.bc.ca/dataset/2012-13-first-quarterly-report-bc-labour-market-indicators-2010-16-tbl-2-6-3,"A talular presentation of British Columbia's labour market indicators for 2010 to 2016 including population, labour force, net in-migration, employment, and unemployment rate."
2012-13 First Quarterly Report - BC Major Economic Assumptions 2010-16 Tbl 2.6.4,Treasury Board Staff,Open Government Licence - British Columbia,file,XLSX,2022-06-01,https://catalogue.data.gov.bc.ca/dataset/2012-13-first-quarterly-report-bc-major-economic-assumptions-2010-16-tbl-2-6-4,"A tabular presentation of major economic assumptions for British Columbia's forecast for 2010 to 2016 including the real GDPs of Canada, US, Japan, Europe and China; industrial production of the US, Japan, Europe and China; housing starts for Canada, US and Japan; Canada's CPI; Canadian and US 3-mon"
2012-13 First Quarterly Report - Canadian Real GDP Forecast Tbl 2.3,Treasury Board Staff,Open Government Licence - British Columbia,file,XLS,2022-06-01,https://catalogue.data.gov.bc.ca/dataset/2012-13-first-quarterly-report-canadian-real-gdp-forecast-tbl-2-3,A tabular presentation of the forecast for Canadian real GDP growth in 2012 and 2013 by the BC Ministry of Finance and Consensus Economics (August 2012).
2012-13 First Quarterly Report - Capital Spending 2005-06 to 2014-15 Tbls A10,Treasury Board Staff,Open Government Licence - British Columbia,file,XLSX,2022-06-01,https://catalogue.data.gov.bc.ca/dataset/2012-13-first-quarterly-report-capital-spending-2005-06-to-2014-15-tbls-a10,"Table A10 a tabular presentation of British Columbia capital spending, actual values 2005-06 through 2011-2012 and updated forecast for 2012-13 to 2014-15, including average annual change; percentage of GDP, growth rates and per capita amounts."
2012-13 First Quarterly Report - Capital Spending Update Tbl 3.4,Treasury Board Staff,Open Government Licence - British Columbia,file,XLSX,2022-06-01,https://catalogue.data.gov.bc.ca/dataset/2012-13-first-quarterly-report-capital-spending-update-tbl-3-4,A tabular presentation of changes from budgeted 2012-13 capital spending for the British Columbia government for the first 2012-13 quarterly report.
2012-13 First Quarterly Report - Economic Indicators Tbl 2.1,Treasury Board Staff,Open Government Licence - British Columbia,file,XLS,2022-06-01,https://catalogue.data.gov.bc.ca/dataset/2012-13-first-quarterly-report-economic-indicators-tbl-2-1,"A tabular presentation of quarterly changes in key British Columbia economic indicators ? employment, manufacturing shipments, exports, retail sales, housing starts and non-residential building permits."
2012-13 First Quarterly Report - Expense Assumptions Tbl A3,Treasury Board Staff,Open Government Licence - British Columbia,file,XLSX,2022-06-01,https://catalogue.data.gov.bc.ca/dataset/2012-13-first-quarterly-report-expense-assumptions-tbl-a3,A tabular presentation of the British Columbia government's expense assumptions for the 2012-13 Budget and updated forecast for 2012-13 to 2014-15.
2012-13 First Quarterly Report - Expense by Function 2005-06 to 2014-15 Tbls A7 A8,Treasury Board Staff,Open Government Licence - British Columbia,file,XLSX,2022-06-01,https://catalogue.data.gov.bc.ca/dataset/2012-13-first-quarterly-report-expense-by-function-2005-06-to-2014-15-tbls-a7-a8,"Table A7 a tabular presentation of British Columbia expense by function, actual values 2005-06 through 2011-2012 and updated forecast for 2012-13 to 2014-15, including average annual change; Table A6 a tabular presentation of expense by function components percentage of GDP, growth rates and per cap"
2012-13 First Quarterly Report - Fiscal Plan Tbl 1.2,Treasury Board Staff,Open Government Licence - British Columbia,file,XLS,2022-06-01,https://catalogue.data.gov.bc.ca/dataset/2012-13-first-quarterly-report-fiscal-plan-tbl-1-2,A tabular summary of British Columbia's operating statement forecast for 2012-13 to 2014-15.
2012-13 First Quarterly Report - Forecast Update Tbl 1.1,Treasury Board Staff,Open Government Licence - British Columbia,file,XLS,2022-06-01,https://catalogue.data.gov.bc.ca/dataset/2012-13-first-quarterly-report-forecast-update-tbl-1-1,"A tabular summary of British Columbia's financial forecast and economic growth forecast including updated financial amounts for 2012-13 to 2014-15, and real/nominal GDP forecasts for 2012 to 2014."
2012-13 First Quarterly Report - Forecast Update Tbl 3.1,Treasury Board Staff,Open Government Licence - British Columbia,file,XLSX,2022-06-01,https://catalogue.data.gov.bc.ca/dataset/2012-13-first-quarterly-report-forecast-update-tbl-3-1,"A tabular summary of British Columbia's financial forecast and economic growth forecast including budgeted financial amounts for 2012-13 and the first quarter forecast for 2012-13, and real/nominal GDP forecasts for 2012."
2012-13 First Quarterly Report - Full-time Equivalents 2005-06 to 2014-15 Tbls A9,Treasury Board Staff,Open Government Licence - British Columbia,file,XLSX,2022-06-01,https://catalogue.data.gov.bc.ca/dataset/2012-13-first-quarterly-report-full-time-equivalents-2005-06-to-2014-15-tbls-a9,"Table A9 tabular presentation of British Columbia full-time equivalent employment, actual values 2005-06 through 2011-2012 and updated forecast for 2012-13 to 2014-15, including average annual change, growth rates and per capita amounts."
2012-13 First Quarterly Report - Key Provincial Debt Indicators 2005-06 to 2014-15 Tbl A15,Treasury Board Staff,Open Government Licence - British Columbia,file,XLSX,2022-06-01,https://catalogue.data.gov.bc.ca/dataset/2012-13-first-quarterly-report-key-provincial-debt-indicators-2005-06-to-2014-15-tbl-a15,"Table A15 a tabular presentation of British Columbia key provincial debt indicators, actual values 2005-06 through 2011-2012 and updated forecast for 2012-13 to 2014-15, including debt to revenue ratio, debt per capita, percentage of GDP, interest bite, interest costs and interest rate."
2012-13 First Quarterly Report - Natural Gas Price Forecasts Tbl A2,Treasury Board Staff,Open Government Licence - British Columbia,file,XLSX,2022-06-01,https://catalogue.data.gov.bc.ca/dataset/2012-13-first-quarterly-report-natural-gas-price-forecasts-tbl-a2,A tabular presentation of natural gas price forecasts for 2012-13 to 2014-15 by 24 private sector entities.
2012-13 First Quarterly Report - Notional Allocations to Contingencies Tbl 1.4,Treasury Board Staff,Open Government Licence - British Columbia,file,XLSX,2022-06-01,https://catalogue.data.gov.bc.ca/dataset/2012-13-first-quarterly-report-notional-allocations-to-contingencies-tbl-1-4,A tabular summary of notional allocations to the Contingencies and New Programs Vote in British Columbia's financial forecast for 2012-13 to 2014-15.
2012-13 First Quarterly Report - Notional Allocations to Contingencies Tbl 3.3,Treasury Board Staff,Open Government Licence - British Columbia,file,XLSX,2022-06-01,https://catalogue.data.gov.bc.ca/dataset/2012-13-first-quarterly-report-notional-allocations-to-contingencies-tbl-3-3,A tabular summary of notional allocations to the Contingencies and New Programs Vote in British Columbia's financial forecast as at the 2012-13 budget and first Quarterly Report.
2012-13 First Quarterly Report - Operating Statement 2005-06 to 2014-15 Tbl A4,Treasury Board Staff,Open Government Licence - British Columbia,file,XLSX,2022-06-01,https://catalogue.data.gov.bc.ca/dataset/2012-13-first-quarterly-report-operating-statement-2005-06-to-2014-15-tbl-a4,"Table A4 a tabular presentation summarizing British Columbia operating statements actual values 2005-06 through 2011-2012 and updated forecast for 2012-13 to 2014-15, including average annual change."
2012-13 First Quarterly Report - Private Sector Canadian Interest Rate Forecasts Tbl 2.4,Treasury Board Staff,Open Government Licence - British Columbia,file,XLS,2022-06-01,https://catalogue.data.gov.bc.ca/dataset/2012-13-first-quarterly-report-private-sector-canadian-interest-rate-forecasts-tbl-2-4,A tabular presentation of interest rate forecasts for Canadian 3-month Treasury Bills and 10-year Government Bonds in 2012 and 2013 by 6 private sector institutions.
2012-13 First Quarterly Report - Private Sector Exchange Rate Forecasts Tbl 2.5,Treasury Board Staff,Open Government Licence - British Columbia,file,XLS,2022-06-01,https://catalogue.data.gov.bc.ca/dataset/2012-13-first-quarterly-report-private-sector-exchange-rate-forecasts-tbl-2-5,A tabular presentation of the United States exchange rate forecasts for 2012 and 2013 by 6 private sector institutions.
2012-13 First Quarterly Report - Provincial Debt 2005-06 to 2014-15 Tbls A13 A14,Treasury Board Staff,Open Government Licence - British Columbia,file,XLSX,2022-06-01,https://catalogue.data.gov.bc.ca/dataset/2012-13-first-quarterly-report-provincial-debt-2005-06-to-2014-15-tbls-a13-a14,"Table A13 a tabular presentation of British Columbia provincial debt components, actual values 2005-06 through 2011-2012 and updated forecast for 2012-13 to 2014-15, including average annual change. Table A14 a tabular presentation of provincial debt components percentage of GDP, growth rates and pe"
2012-13 First Quarterly Report - Provincial Debt Update Tbl 3.5,Treasury Board Staff,Open Government Licence - British Columbia,file,XLSX,2022-06-01,https://catalogue.data.gov.bc.ca/dataset/2012-13-first-quarterly-report-provincial-debt-update-tbl-3-5,A tabular presentation of changes from the budgeted 2012-13 provincial debt forecast for the British Columbia government for the first 2012-13 quarterly report.
2012-13 First Quarterly Report - Revenue Assumptions Tbl A1,Treasury Board Staff,Open Government Licence - British Columbia,file,XLSX,2022-06-01,https://catalogue.data.gov.bc.ca/dataset/2012-13-first-quarterly-report-revenue-assumptions-tbl-a1,A tabular presentation of the British Columbia government's revenue assumptions for the 2012-13 Budget and updated forecast for 2012-13 to 2014-15.
2012-13 First Quarterly Report - Revenue by Source 2005-06 to 2014-15 Tbls A5 A6,Treasury Board Staff,Open Government Licence - British Columbia,file,XLSX,2022-06-01,https://catalogue.data.gov.bc.ca/dataset/2012-13-first-quarterly-report-revenue-by-source-2005-06-to-2014-15-tbls-a5-a6,"Table A5 a tabular presentation of British Columbia revenue by source, actual values 2005-06 through 2011-2012 and updated forecast for 2012-13 to 2014-15, including average annual change; Table A6 a tabular presentation of revenue by source components percentage of GDP, growth rates and per capita "
2012-13 First Quarterly Report - Statement of Financial Position 2005-06 to 2014-15 Tbls A11 A12,Treasury Board Staff,Open Government Licence - British Columbia,file,XLSX,2022-06-01,https://catalogue.data.gov.bc.ca/dataset/2012-13-first-quarterly-report-statement-of-financial-position-2005-06-to-2014-15-tbls-a11-a12,"Table A11 a tabular presentation of British Columbia's statement of financial position, actual values 2005-06 through 2011-2012 and updated forecast for 2012-13 to 2014-15, including average annual change, percentage of GDP, growth rates and per capita amounts. Table A112 a tabular presentation of c"
2012-13 First Quarterly Report - Taxpayer-supported Capital Spending Update Tbl 1.5,Treasury Board Staff,Open Government Licence - British Columbia,file,XLS,2022-06-01,https://catalogue.data.gov.bc.ca/dataset/2012-13-first-quarterly-report-taxpayer-supported-capital-spending-update-tbl-1-5,A tabular summary of British Columbia's capital spending showing changes from Budget 2012 for the 2012-13 to 2014-15 fiscal years.
2012-13 First Quarterly Report - Taxpayer-supported Debt Update Tbl 1.3,Treasury Board Staff,Open Government Licence - British Columbia,file,XLS,2022-06-01,https://catalogue.data.gov.bc.ca/dataset/2012-13-first-quarterly-report-taxpayer-supported-debt-update-tbl-1-3,A tabular summary of British Columbia's taxpayer-supported debt showing changes from Budget 2012 for the 2012-13 to 2014-15 fiscal years.
2012-13 First Quarterly Report - US Real GDP Forecast Tbl 2.2,Treasury Board Staff,Open Government Licence - British Columbia,file,XLS,2022-06-01,https://catalogue.data.gov.bc.ca/dataset/2012-13-first-quarterly-report-us-real-gdp-forecast-tbl-2-2,A tabular presentation of the United States forecast for real GDP in 2012 and 2013 by the BC Ministry of Finance and Consensus Economics (August 2012).
2012-13 Second Quarterly Report - 2012-13 Capital Projects Greater Than $50 million Tbl 1.14,Treasury Board Staff,Open Government Licence - British Columbia,file,XLSX,2022-06-01,https://catalogue.data.gov.bc.ca/dataset/2012-13-second-quarterly-report-2012-13-capital-projects-greater-than-50-million-tbl-1-14,"A tabular presentation of British Columbia capital expenditure projects in excess of $50 million, showing totals for taxpayer-supported and self-supported capital project expenditures, and including projected completion dates, project financing sources, and spending up to September 30, 2012."
2012-13 Second Quarterly Report - 2012-13 Capital Spending Tbl 1.13,Treasury Board Staff,Open Government Licence - British Columbia,file,XLSX,2022-06-01,https://catalogue.data.gov.bc.ca/dataset/2012-13-second-quarterly-report-2012-13-capital-spending-tbl-1-13,"A tabular presentation of the British Columbia government's capital spending, including budgeted and actual values at September 30, 2012, actual values at September 30, 2011, full year budget and forecast for 2012-13, and actual values for 2011-12."
2012-13 Second Quarterly Report - 2012-13 Expense by Function Tbl 1.9,Treasury Board Staff,Open Government Licence - British Columbia,file,XLSX,2022-06-01,https://catalogue.data.gov.bc.ca/dataset/2012-13-second-quarterly-report-2012-13-expense-by-function-tbl-1-9,"A tabular presentation of the British Columbia government's functional spending, including budgeted and actual values at September 30, 2012, actual values at September 30, 2011, full year budget and forecast for 2012-13, and actual values for 2011-12."
"2012-13 Second Quarterly Report - 2012-13 Expense by Ministry, Program and Agency Tbl 1.8",Treasury Board Staff,Open Government Licence - British Columbia,file,XLSX,2022-06-01,https://catalogue.data.gov.bc.ca/dataset/2012-13-second-quarterly-report-2012-13-expense-by-ministry-program-and-agency-tbl-1-8,"A tabular presentation of the British Columbia government's spending, including budgeted and actual values at September 30, 2012, actual values at September 30, 2011, full year budget and forecast for 2012-13, and actual values for 2011-12."
2012-13 Second Quarterly Report - 2012-13 Forecast Changes from Budget 2012 Tbl 1.6,Treasury Board Staff,Open Government Licence - British Columbia,file,XLSX,2022-06-01,https://catalogue.data.gov.bc.ca/dataset/2012-13-second-quarterly-report-2012-13-forecast-changes-from-budget-2012-tbl-1-6,A tabular presentation of changes from the budgeted 2012-13 deficit for the British Columbia government for the first and second 2012-13 quarterly reports.
2012-13 Second Quarterly Report - 2012-13 Full-Time Equivalents Tbl 1.12,Treasury Board Staff,Open Government Licence - British Columbia,file,XLSX,2022-06-01,https://catalogue.data.gov.bc.ca/dataset/2012-13-second-quarterly-report-2012-13-full-time-equivalents-tbl-1-12,"A tabular presentation of the British Columbia government's full-time equivalent employment for the full year budget and forecast for 2012-13, and actual values for 2011-12."
2012-13 Second Quarterly Report - 2012-13 Operating Statement Tbl 1.5,Treasury Board Staff,Open Government Licence - British Columbia,file,XLSX,2022-06-01,https://catalogue.data.gov.bc.ca/dataset/2012-13-second-quarterly-report-2012-13-operating-statement-tbl-1-5,"A tabular presentation of the British Columbia operating statement, including budgeted and actual values at September 30, 2012, actual values at September 30, 2011, full year budget and forecast for 2012-13, and actual values for 2011-12."
2012-13 Second Quarterly Report - 2012-13 Provincial Debt Tbl 1.15,Treasury Board Staff,Open Government Licence - British Columbia,file,XLSX,2022-06-01,https://catalogue.data.gov.bc.ca/dataset/2012-13-second-quarterly-report-2012-13-provincial-debt-tbl-1-15,"A tabular presentation of the British Columbia government's debt, including budgeted and actual values at September 30, 2012, actual values at September 30, 2011, full year budget and forecast for 2012-13, and actual values for 2011-12."
2012-13 Second Quarterly Report - 2012-13 Revenue Assumptions Tbl 1.10,Treasury Board Staff,Open Government Licence - British Columbia,file,XLSX,2022-06-01,https://catalogue.data.gov.bc.ca/dataset/2012-13-second-quarterly-report-2012-13-revenue-assumptions-tbl-1-10,A tabular presentation of the British Columbia government's revenue assumptions for the 2012-13 Budget and for the first and second 2012-13 quarterly reports.
2012-13 Second Quarterly Report - 2012-13 Revenue by Source Tbl 1.7,Treasury Board Staff,Open Government Licence - British Columbia,file,XLSX,2022-06-01,https://catalogue.data.gov.bc.ca/dataset/2012-13-second-quarterly-report-2012-13-revenue-by-source-tbl-1-7,"A tabular presentation of the British Columbia government's revenue, including budgeted and actual values at September 30, 2012, actual values at September 30, 2011, full year budget and forecast for 2012-13, and actual values for 2011-12."
2012-13 Second Quarterly Report - 2012-13 Spending Assumptions Tbl 1.11,Treasury Board Staff,Open Government Licence - British Columbia,file,XLSX,2022-06-01,https://catalogue.data.gov.bc.ca/dataset/2012-13-second-quarterly-report-2012-13-spending-assumptions-tbl-1-11,A tabular presentation of the British Columbia government's spending assumptions for the 2012-13 Budget and for the first and second 2012-13 quarterly reports.
2012-13 Second Quarterly Report - 2012-13 Statement of Financial Position Tbl 1.16,Treasury Board Staff,Open Government Licence - British Columbia,file,XLSX,2022-06-01,https://catalogue.data.gov.bc.ca/dataset/2012-13-second-quarterly-report-2012-13-statement-of-financial-position-tbl-1-16,"A tabular presentation summarizing British Columbia's financial position statement at March 31, 2012, September 30, 2012 and forecast for March 31, 2013; and a tabular presentation summarizing British Columbia changes in financial position at September 30, 2012 and a forecast for March 31, 2013."
2012-13 Second Quarterly Report - Capital Spending Update Tbl 1.3,Treasury Board Staff,Open Government Licence - British Columbia,file,XLSX,2022-06-01,https://catalogue.data.gov.bc.ca/dataset/2012-13-second-quarterly-report-capital-spending-update-tbl-1-3,A tabular presentation of changes from budgeted 2012-13 capital spending for the British Columbia government for the first and second 2012-13 quarterly reports.
2012-13 Second Quarterly Report - Economic Indicators Tbl 2.1,Treasury Board Staff,Open Government Licence - British Columbia,file,XLS,2022-06-01,https://catalogue.data.gov.bc.ca/dataset/2012-13-second-quarterly-report-economic-indicators-tbl-2-1,"A tabular presentation of quarterly changes in key British Columbia economic indicators ? employment, manufacturing shipments, exports, retail sales, housing starts and non-residential building permits."
2012-13 Second Quarterly Report - Forecast Update Tbl 1.1,Treasury Board Staff,Open Government Licence - British Columbia,file,XLSX,2022-06-01,https://catalogue.data.gov.bc.ca/dataset/2012-13-second-quarterly-report-forecast-update-tbl-1-1,"A tabular summary of British Columbia's financial forecast and economic growth forecast including budgeted financial amounts for 2012-13, first quarter forecast for 2012-13, second quarter forecast for 2012-13 and real/nominal GDP forecasts for 2012."
2012-13 Second Quarterly Report - Notional Allocations to Contingencies Tbl 1.2,Treasury Board Staff,Open Government Licence - British Columbia,file,XLSX,2022-06-01,https://catalogue.data.gov.bc.ca/dataset/2012-13-second-quarterly-report-notional-allocations-to-contingencies-tbl-1-2,"A tabular presentation of spending pressures notionally allocated to the Contingencies and New Programs Vote as shown in the 2012-13 budget, first quarter forecast and second quarter forecast."
2012-13 Second Quarterly Report - Private Sector Canadian Interest Rate Forecasts Tbl 2.2,Treasury Board Staff,Open Government Licence - British Columbia,file,XLS,2022-06-01,https://catalogue.data.gov.bc.ca/dataset/2012-13-second-quarterly-report-private-sector-canadian-interest-rate-forecasts-tbl-2-2,A tabular presentation of interest rate forecasts for Canadian 3-month Treasury Bills and 10-year Government Bonds in 2012 and 2013 by 6 private sector institutions.
2012-13 Second Quarterly Report - Private Sector Exchange Rate Forecasts Tbl 2.3,Treasury Board Staff,Open Government Licence - British Columbia,file,XLS,2022-06-01,https://catalogue.data.gov.bc.ca/dataset/2012-13-second-quarterly-report-private-sector-exchange-rate-forecasts-tbl-2-3,A tabular presentation of the United States exchange rate forecasts for 2012 and 2013 by 6 private sector institutions.
2012-13 Second Quarterly Report - Provincial Debt Update Tbl 1.4,Treasury Board Staff,Open Government Licence - British Columbia,file,XLSX,2022-06-01,https://catalogue.data.gov.bc.ca/dataset/2012-13-second-quarterly-report-provincial-debt-update-tbl-1-4,A tabular presentation of changes from budgeted 2012-13 provincial debt projections for the British Columbia government for the first and second 2012-13 quarterly reports.
2013 Financial-Economic Rev - 2012/13 Forecasts - Year in Review Tbl A2.1,Treasury Board Staff,Open Government Licence - British Columbia,file,XLSX,2024-03-07,https://catalogue.data.gov.bc.ca/dataset/2013-financial-economic-rev-2012-13-forecasts-year-in-review-tbl-a2-1,"A tabular presentation of British Columbia 2012-13 fiscal forecasts from the perspective of the year in review, including quaterly updates and totals for revenue changes, expense changes and forecast allowance changes."
2013 Financial-Economic Rev - BC Employment by Industry - 2001-12 Tbl A1.5,Treasury Board Staff,Open Government Licence - British Columbia,file,XLS,2022-06-01,https://catalogue.data.gov.bc.ca/dataset/2013-financial-economic-rev-bc-employment-by-industry-2001-12-tbl-a1-5,A tabular presentation of British Columbia employment by industry 2001 to 2012.
2013 Financial-Economic Rev - BC Forest Sector Economic Activity Indicators 2008-12 Tbl A1.10,Treasury Board Staff,Open Government Licence - British Columbia,file,XLS,2022-06-01,https://catalogue.data.gov.bc.ca/dataset/2013-financial-economic-rev-bc-forest-sector-economic-activity-indicators-2008-12-tbl-a1-10,"A tabular presentation of forest sector economic activity including wood production, timber scaled by species, harvest volumes, pulp and paper shipments and industrial product price indices, 2008 to 2012 with 2011 to 2012 percent change."
2013 Financial-Economic Rev - Capital Spending - 2001-02 to 2012-13 Tbl A2.10,Treasury Board Staff,Open Government Licence - British Columbia,file,XLSX,2022-06-01,https://catalogue.data.gov.bc.ca/dataset/2013-financial-economic-rev-capital-spending-2001-02-to-2012-13-tbl-a2-10,"Table A2.10 - A tabular presentation of British Columbia taxpayer-supported and self-supported capital spending, 2001-2002 through 2012-2013, actual values, including average annual change percentage, with values for percent of Nominal GDP, growth rates and per capita expenditure."
2013 Financial-Economic Rev - Capital Spending - Budget 2011 Tbl 2.8,Treasury Board Staff,Open Government Licence - British Columbia,file,XLSX,2022-06-01,https://catalogue.data.gov.bc.ca/dataset/2013-financial-economic-rev-capital-spending-budget-2011-tbl-2-8,"A tabular presentation of British Columbia capital spending showing totals for taxpayer-supported and self-supported expenditures, showing Budget 2012 values, and actual values for 2012/13 and 2011/12."
2013 Financial-Economic Rev - Components of BC Population Change - 1975-2012 Tbl A1.14,Treasury Board Staff,Open Government Licence - British Columbia,file,XLSX,2022-06-01,https://catalogue.data.gov.bc.ca/dataset/2013-financial-economic-rev-components-of-bc-population-change-1975-2012-tbl-a1-14,"A tabular presentation of British Columbia population changes including inter-provincial and international migration, births and deaths and population totals, 1975 to 2012."
2013 Financial-Economic Rev - Consumption and Other Tax Revenues Change from Budget 2011 Tbl 2.2,Treasury Board Staff,Open Government Licence - British Columbia,file,XLSX,2022-06-01,https://catalogue.data.gov.bc.ca/dataset/2013-financial-economic-rev-consumption-and-other-tax-revenues-change-from-budget-2011-tbl-2-2,"A tabular presentation of British Columbia consumption and other tax revenue changes from Budget 2012, with economic indicator percentage changes."
2013 Financial-Economic Rev - Energy and Mineral Revenues Change from Budget 2011 Tbl 2.3,Treasury Board Staff,Open Government Licence - British Columbia,file,XLSX,2022-06-01,https://catalogue.data.gov.bc.ca/dataset/2013-financial-economic-rev-energy-and-mineral-revenues-change-from-budget-2011-tbl-2-3,"A tabular presentation of British Columbia energy and mineral revenues changes from Budget 2012, with price indicators in Budget 2012 and actual prices."
2013 Financial-Economic Rev - Expense by Ministry - Program and Agency - Budget 2011 Tbl 2.7,Treasury Board Staff,Open Government Licence - British Columbia,file,XLSX,2022-06-01,https://catalogue.data.gov.bc.ca/dataset/2013-financial-economic-rev-expense-by-ministry-program-and-agency-budget-2011-tbl-2-7,"A tabular presentation of the British Columbia expense by ministry, program and agency, consistent with March 31, 2013 government accounting policies, showing Budget 2012 values, and actual values for 2012/13 and 2011/12."
2013 Financial-Economic Rev - Financial Statement of Auditor General Qualifications Tbl 2.16,Treasury Board Staff,Open Government Licence - British Columbia,file,XLSX,2022-06-01,https://catalogue.data.gov.bc.ca/dataset/2013-financial-economic-rev-financial-statement-of-auditor-general-qualifications-tbl-2-16,A tabular presentation showing the impact the Auditor Generals qualifications would have on the 2012/13 Public Accounts if government had adopted his approach.
2013 Financial-Economic Rev - Forest Revenues Change from Budget 2011 Tbl 2.4,Treasury Board Staff,Open Government Licence - British Columbia,file,XLSX,2022-06-01,https://catalogue.data.gov.bc.ca/dataset/2013-financial-economic-rev-forest-revenues-change-from-budget-2011-tbl-2-4,"A tabular presentation of British Columbia forest revenue changes from Budget 2012, with price indicators in Budget 2012 and actual prices."
2013 Financial-Economic Rev - Full-Time Equivalents (FTEs) - 2001-02 to 2012-13 Tbl A2.9,Treasury Board Staff,Open Government Licence - British Columbia,file,XLSX,2022-06-01,https://catalogue.data.gov.bc.ca/dataset/2013-financial-economic-rev-full-time-equivalents-ftes-2001-02-to-2012-13-tbl-a2-9,"Table A2.9 - A tabular presentation of British Columbia totals for full-time equivalents, 2001-2002 through 2012-2013, actual values, including average annual change percentage."
2013 Financial-Economic Rev - Historical Commodity Prices (in US Dollars) 2002 to 2012 Tbl A1.9,Treasury Board Staff,Open Government Licence - British Columbia,file,XLSX,2022-06-01,https://catalogue.data.gov.bc.ca/dataset/2013-financial-economic-rev-historical-commodity-prices-in-us-dollars-2002-to-2012-tbl-a1-9,"A tabular presentation of historical commodity prices in United States dollars, 2002 - 2012, including metals, forest products, oil, natural gas and coal."
2013 Financial-Economic Rev - Historical Provincial Debt Summary - 1969-1970 to 2012-13 Tbl A2.15,Treasury Board Staff,Open Government Licence - British Columbia,file,XLSX,2022-06-01,https://catalogue.data.gov.bc.ca/dataset/2013-financial-economic-rev-historical-provincial-debt-summary-1969-1970-to-2012-13-tbl-a2-15,"A tabular presentation summarizing British Columbia historical taxpayer-supported self-supported provincial debt, 1969-1970 through 2012-2013, including total debt, total debt as a percentage of GDP, and total taxpayer-supported debt as a percentage of GDP."
2013 Financial-Economic Rev - International Goods Exports by Market Area - 2010 to 2012 Tbl A1.8,Treasury Board Staff,Open Government Licence - British Columbia,file,XLS,2022-06-01,https://catalogue.data.gov.bc.ca/dataset/2013-financial-economic-rev-international-goods-exports-by-market-area-2010-to-2012-tbl-a1-8,"A tabular presentation of British Columbia international goods exports by market area, 2010 - 2012, including 2011-12 percent change, and 2011 and 2012 percent of total, with explanatory notes defining market areas."
2013 Financial-Economic Rev - Interprovincial Comparison of Credit Ratings - July 2012 Tbl 2.12,Treasury Board Staff,Open Government Licence - British Columbia,file,XLSX,2022-06-01,https://catalogue.data.gov.bc.ca/dataset/2013-financial-economic-rev-interprovincial-comparison-of-credit-ratings-july-2012-tbl-2-12,"A tabular comparison of Canadian interprovincial credit ratings as of July 2013, arranged by province and rating agency, with explanatory notes on rating values."
2013 Financial-Economic Rev - Interprovincial Comparisons of Tax Rates - 2013 Tbl A4.2,Treasury Board Staff,Open Government Licence - British Columbia,file,XLSX,2022-06-01,https://catalogue.data.gov.bc.ca/dataset/2013-financial-economic-rev-interprovincial-comparisons-of-tax-rates-2013-tbl-a4-2,"A tabular comparison of selected interprovincial tax rates, rates known as of July 1, 2013."
2013 Financial-Economic Rev - Key Debt Indicators - 2007-08 to 2011-12 Tbl 2.11,Treasury Board Staff,Open Government Licence - British Columbia,file,XLSX,2022-06-01,https://catalogue.data.gov.bc.ca/dataset/2013-financial-economic-rev-key-debt-indicators-2007-08-to-2011-12-tbl-2-11,"A tabular presentation of British Columbia total and taxpayer-supported key debt indicators, for the years 2008/09 throught 2012/13, including budgeted and actual values 2012/13; and with explanatory notes on inclusions, exclusions, debt ratios, GDP, interest cost, weighted averages, and consolidate"
2013 Financial-Economic Rev - Key Provincial Debt Indicators - 200-02 to 2012-13 Tbl A2.13,Treasury Board Staff,Open Government Licence - British Columbia,file,XLSX,2022-06-01,https://catalogue.data.gov.bc.ca/dataset/2013-financial-economic-rev-key-provincial-debt-indicators-200-02-to-2012-13-tbl-a2-13,"Table A2.13 - A tabular presentation of British Columbia key provincial debt indicators, 2001-2002 through 2012-2013, actual values, including average annual change percentage, and including select debt, interest and background information."
2013 Financial-Economic Rev - Net Liabilities and Accumulated Surplus Tbl 2.13,Treasury Board Staff,Open Government Licence - British Columbia,file,XLSX,2022-06-01,https://catalogue.data.gov.bc.ca/dataset/2013-financial-economic-rev-net-liabilities-and-accumulated-surplus-tbl-2-13,"A tabular presentation of British Columbia net liabilities and accumulated surplus, including totals for financial and non-financial assets, budgeted and actual values for 2012/13, actual values 2011/12, and annual change."
2013 Financial-Economic Rev - Operating Statement - 2001-02 to 2012-13 Tbl A2.2,Treasury Board Staff,Open Government Licence - British Columbia,file,XLSX,2022-06-01,https://catalogue.data.gov.bc.ca/dataset/2013-financial-economic-rev-operating-statement-2001-02-to-2012-13-tbl-a2-2,"A tabular presentation summarizing British Columbia operating statements, actual values, 2001-2002 through 2012-2013, including average annual change percentage."
2013 Financial-Economic Rev - Operating Statement Tbl 2.1,Treasury Board Staff,Open Government Licence - British Columbia,file,XLSX,2022-06-01,https://catalogue.data.gov.bc.ca/dataset/2013-financial-economic-rev-operating-statement-tbl-2-1,"A tabular presentation of the British Columbia operating statement, consistent with March 31, 2013 government accounting policies, and including budgeted values 2012/13, actual values for 2012/13 and 2011/12."
2013 Financial-Economic Rev - Other Revenue Change from Budget 2011 Tbl 2.5,Treasury Board Staff,Open Government Licence - British Columbia,file,XLSX,2022-06-01,https://catalogue.data.gov.bc.ca/dataset/2013-financial-economic-rev-other-revenue-change-from-budget-2011-tbl-2-5,A tabular presentation of British Columbia other revenue changes from Budget 2012.
2013 Financial-Economic Rev - Pension Plan Balances - Budget 2011 Tbl 2.14,Treasury Board Staff,Open Government Licence - British Columbia,file,XLSX,2022-06-01,https://catalogue.data.gov.bc.ca/dataset/2013-financial-economic-rev-pension-plan-balances-budget-2011-tbl-2-14,"A tabular presentation of British Columbia public service, minicipal teachers, college, and other pension plan balances reported within the public accounts, for 2012-13 and 2011-12, including explanatory notes on assessments, deficits, liability, responsibility, and with definition of other included"
2013 Financial-Economic Rev - Petroleum and Natural Gas Activity Indicators - 2004 to 2012 Tbl A1.12,Treasury Board Staff,Open Government Licence - British Columbia,file,XLSX,2022-06-01,https://catalogue.data.gov.bc.ca/dataset/2013-financial-economic-rev-petroleum-and-natural-gas-activity-indicators-2004-to-2012-tbl-a1-12,"A tabular presentation of British Columbia petroleum and natural gas activity indicators, 2004 - 2012; production exclusive of gas retieved from storage; revenue inclusive of Crown Royalties, Crown reserve disposition bonuses, fees, and rentals."
2013 Financial-Economic Rev - Population and Labour Market Statistics - 2008-12 Tbl 1.1,Treasury Board Staff,Open Government Licence - British Columbia,file,XLSX,2022-06-01,https://catalogue.data.gov.bc.ca/dataset/2013-financial-economic-rev-population-and-labour-market-statistics-2008-12-tbl-1-1,"A tabular presentation of British Columbia population, net migration, labour force, employment and unemployment rate for 2008 to 2012 (Source: Statistics Canada)."
2013 Financial-Economic Rev - Price and Earnings Indices - 2008-12 Tbl 1.2,Treasury Board Staff,Open Government Licence - British Columbia,file,XLSX,2022-06-01,https://catalogue.data.gov.bc.ca/dataset/2013-financial-economic-rev-price-and-earnings-indices-2008-12-tbl-1-2,A tabular presentation of British Columbia CPI and provincial earnings for 2008 to 2012 (Source: Statistics Canada).
2013 Financial-Economic Rev - Provincial Debt Summary - Budget 2011 Tbl 2.10,Treasury Board Staff,Open Government Licence - British Columbia,file,XLSX,2022-06-01,https://catalogue.data.gov.bc.ca/dataset/2013-financial-economic-rev-provincial-debt-summary-budget-2011-tbl-2-10,"A tabular presentation summarizing British Columbia taxpayer-supported and self-supported debt, showing Budget 2012 values, and actual values for 2012/13 and 2011/12."
2013 Financial-Economic Rev - Revenue by Source - Budget 2011 Tbl 2.6,Treasury Board Staff,Open Government Licence - British Columbia,file,XLSX,2022-06-01,https://catalogue.data.gov.bc.ca/dataset/2013-financial-economic-rev-revenue-by-source-budget-2011-tbl-2-6,"A tabular presentation of British Columbia revenue by source showing Budget 2012 values, and actual values for 2012/13 and 2011/12."
2013 Financial-Economic Rev - Taxpayer-supported Contractual Obligations Tbl 2.15,Treasury Board Staff,Open Government Licence - British Columbia,file,XLSX,2022-06-01,https://catalogue.data.gov.bc.ca/dataset/2013-financial-economic-rev-taxpayer-supported-contractual-obligations-tbl-2-15,"A tabular presentation summarizing BC government contractual obligations for the fiscal years 2013/14 to 2017/18, and total obligations."
2013-14 First Quarterly Report - 2013-14 Forecast Changes from June Update 2013 Tbl 1.2,Treasury Board Staff,Open Government Licence - British Columbia,file,XLSX,2024-03-07,https://catalogue.data.gov.bc.ca/dataset/2013-14-first-quarterly-report-2013-14-forecast-changes-from-june-update-2013-tbl-1-2,A tabular presentation of changes from budgeted 2013-14 revenue and expenditure for the British Columbia government for the first 2013-14 quarterly report.
2013-14 First Quarterly Report - 2013-14 Spending Assumptions Tbl 1.11,Treasury Board Staff,Open Government Licence - British Columbia,file,XLSX,2022-06-01,https://catalogue.data.gov.bc.ca/dataset/2013-14-first-quarterly-report-2013-14-spending-assumptions-tbl-1-11,A tabular presentation of the British Columbia government's spending assumptions for the June 2013 Budget Update and for the 2013-14 first quarterly report..
2013-14 First Quarterly Report - Capital Projects Greater Than $50 million Tbl 1.14,Treasury Board Staff,Open Government Licence - British Columbia,file,XLSX,2022-06-01,https://catalogue.data.gov.bc.ca/dataset/2013-14-first-quarterly-report-capital-projects-greater-than-50-million-tbl-1-14,"A tabular presentation of British Columbia capital expenditure projects in excess of $50 million, showing totals for taxpayer-supported and self-supported capital project expenditures, and including projected completion dates, project financing sources, and cumulative spending to June 30, 2013."
2013-14 First Quarterly Report - Capital Spending Tbl 1.13,Treasury Board Staff,Open Government Licence - British Columbia,file,XLSX,2022-06-01,https://catalogue.data.gov.bc.ca/dataset/2013-14-first-quarterly-report-capital-spending-tbl-1-13,"A tabular presentation of the British Columbia government's capital spending including budgeted and actual values at June 30, 2013, actual values at June 30, 2012, full year budget and forecast for 2013-14, and actual values for 2012-13."
2013-14 First Quarterly Report - Capital Spending Update Tbl 1.4,Treasury Board Staff,Open Government Licence - British Columbia,file,XLSX,2022-06-01,https://catalogue.data.gov.bc.ca/dataset/2013-14-first-quarterly-report-capital-spending-update-tbl-1-4,A tabular presentation of changes from budgeted 2013-14 capital spending for the British Columbia government for the first 2013-14 quarterly report.
2013-14 First Quarterly Report - Economic Indicators Tbl 2.1,Treasury Board Staff,Open Government Licence - British Columbia,file,XLS,2022-06-01,https://catalogue.data.gov.bc.ca/dataset/2013-14-first-quarterly-report-economic-indicators-tbl-2-1,"A tabular presentation of quarterly changes in key British Columbia economic indicators - employment, manufacturing shipments, exports, retail sales, housing starts and non-residential building permits."
2013-14 First Quarterly Report - Expense by Function Tbl 1.9,Treasury Board Staff,Open Government Licence - British Columbia,file,XLSX,2022-06-01,https://catalogue.data.gov.bc.ca/dataset/2013-14-first-quarterly-report-expense-by-function-tbl-1-9,"A tabular presentation of the British Columbia government's expense by function including budgeted and actual values at June 30, 2013, actual values at June 30, 2012, full year budget and forecast for 2013-14, and actual values for 2012-13."
2013-14 First Quarterly Report - Expense by Ministry - Program and Agency Tbl 1.8,Treasury Board Staff,Open Government Licence - British Columbia,file,XLSX,2022-06-01,https://catalogue.data.gov.bc.ca/dataset/2013-14-first-quarterly-report-expense-by-ministry-program-and-agency-tbl-1-8,"A tabular presentation of the British Columbia government's expense by ministry, program and agency including budgeted and actual values at June 30, 2013, actual values at June 30, 2012, full year budget and forecast for 2013-14, and actual values for 2012-13."
2013-14 First Quarterly Report - Forecast Update Tbl 1.1,Treasury Board Staff,Open Government Licence - British Columbia,file,XLSX,2022-06-01,https://catalogue.data.gov.bc.ca/dataset/2013-14-first-quarterly-report-forecast-update-tbl-1-1,A tabular summary of British Columbia's financial forecast including budgeted financial amounts for 2013-14 and the first quarter forecast for 2013-14.
2013-14 First Quarterly Report - Full-Time Equivalents Tbl 1.12,Treasury Board Staff,Open Government Licence - British Columbia,file,XLSX,2022-06-01,https://catalogue.data.gov.bc.ca/dataset/2013-14-first-quarterly-report-full-time-equivalents-tbl-1-12,"A tabular presentation of the British Columbia government's full-time equivalent employment for the full year budget and forecast for 2013-14, and actual values for 2012-13."
2013-14 First Quarterly Report - Notional Allocations to Contingencies Tbl 1.3,Treasury Board Staff,Open Government Licence - British Columbia,file,XLSX,2022-06-01,https://catalogue.data.gov.bc.ca/dataset/2013-14-first-quarterly-report-notional-allocations-to-contingencies-tbl-1-3,A tabular summary of notional allocations to the Contingencies and New Programs Vote in British Columbia's financial forecast as at the 2013-14 budget and first Quarterly Report.
2013-14 First Quarterly Report - Operating Statement Tbl 1.6,Treasury Board Staff,Open Government Licence - British Columbia,file,XLSX,2022-06-01,https://catalogue.data.gov.bc.ca/dataset/2013-14-first-quarterly-report-operating-statement-tbl-1-6,"A tabular presentation of the British Columbia operating statement, including budgeted and actual values at June 30, 2013, actual values at June 30, 2012, full year budget and forecast for 2013-14, and actual values for 2012-13."
2013-14 First Quarterly Report - Private Sector Canadian Interest Rate Forecasts Tbl 2.2,Treasury Board Staff,Open Government Licence - British Columbia,file,XLS,2022-06-01,https://catalogue.data.gov.bc.ca/dataset/2013-14-first-quarterly-report-private-sector-canadian-interest-rate-forecasts-tbl-2-2,"A tabular presentation of interest rate forecasts for Canadian 3-month Treasury Bills and 10-year Government Bonds in 2013 by 6 private sector institutions as at July 22, 2013."
2013-14 First Quarterly Report - Private Sector Exchange Rate Forecasts Tbl 2.3,Treasury Board Staff,Open Government Licence - British Columbia,file,XLS,2022-06-01,https://catalogue.data.gov.bc.ca/dataset/2013-14-first-quarterly-report-private-sector-exchange-rate-forecasts-tbl-2-3,"A tabular presentation of the United States exchange rate forecasts for 2013 by 6 private sector institutions as at July 22, 2013."
2013-14 First Quarterly Report - Provincial Debt Tbl 1.15,Treasury Board Staff,Open Government Licence - British Columbia,file,XLSX,2022-06-01,https://catalogue.data.gov.bc.ca/dataset/2013-14-first-quarterly-report-provincial-debt-tbl-1-15,"A tabular presentation of the British Columbia government's provincial debt including budgeted and actual values at June 30, 2013, actual values at June 30, 2012, full year budget and forecast for 2013-14, and actual values for 2012-13."
2013-14 First Quarterly Report - Provincial Debt Update Tbl 1.5,Treasury Board Staff,Open Government Licence - British Columbia,file,XLSX,2022-06-01,https://catalogue.data.gov.bc.ca/dataset/2013-14-first-quarterly-report-provincial-debt-update-tbl-1-5,A tabular presentation of changes from the budgeted 2013-14 provincial debt forecast for the British Columbia government for the first 2013-14 quarterly report.
2013-14 First Quarterly Report - Revenue Assumptions Tbl 1.10,Treasury Board Staff,Open Government Licence - British Columbia,file,XLSX,2022-06-01,https://catalogue.data.gov.bc.ca/dataset/2013-14-first-quarterly-report-revenue-assumptions-tbl-1-10,A tabular presentation of the British Columbia government's revenue assumptions for the June 2013 Budget Update and for the 2013-14 first quarterly report.
2013-14 First Quarterly Report - Revenue by Source Tbl 1.7,Treasury Board Staff,Open Government Licence - British Columbia,file,XLSX,2022-06-01,https://catalogue.data.gov.bc.ca/dataset/2013-14-first-quarterly-report-revenue-by-source-tbl-1-7,"A tabular presentation of the British Columbia government's revenue, including budgeted and actual values at June 30, 2013, actual values at June 30, 2012, full year budget and forecast for 2013-14, and actual values for 2012-13."
2013-14 First Quarterly Report - Statement of Financial Position Tbl 1.16,Treasury Board Staff,Open Government Licence - British Columbia,file,XLSX,2022-06-01,https://catalogue.data.gov.bc.ca/dataset/2013-14-first-quarterly-report-statement-of-financial-position-tbl-1-16,"A tabular presentation of the British Columbia government's financial position including budgeted and actual values at June 30, 2013, actual values at June 30, 2012, full year budget and forecast for 2013-14, and actual values for 2012-13."
2013-14 Second Quarterly Report - Capital Projects Greater Than $50 million Tbl 1.14,Treasury Board Staff,Open Government Licence - British Columbia,file,XLSX,2022-06-01,https://catalogue.data.gov.bc.ca/dataset/2013-14-second-quarterly-report-capital-projects-greater-than-50-million-tbl-1-14,"A tabular presentation of British Columbia capital expenditure projects in excess of $50 million, showing totals for taxpayer-supported and self-supported capital project expenditures, and including projected completion dates, project financing sources, and cumulative spending to June 30, 2013."
2013-14 Second Quarterly Report - Capital Spending Tbl 1.13,Treasury Board Staff,Open Government Licence - British Columbia,file,XLSX,2022-06-01,https://catalogue.data.gov.bc.ca/dataset/2013-14-second-quarterly-report-capital-spending-tbl-1-13,"A tabular presentation of the British Columbia government's capital spending including budgeted and actual values at June 30, 2013, actual values at June 30, 2012, full year budget and forecast for 2013-14, and actual values for 2012-13."
2013-14 Second Quarterly Report - Capital Spending Update Tbl 1.4,Treasury Board Staff,Open Government Licence - British Columbia,file,XLSX,2022-06-01,https://catalogue.data.gov.bc.ca/dataset/2013-14-second-quarterly-report-capital-spending-update-tbl-1-4,A tabular presentation of changes from budgeted 2013-14 capital spending for the British Columbia government for the first 2013-14 quarterly report.
2013-14 Second Quarterly Report - Economic Indicators Tbl 2.1,Treasury Board Staff,Open Government Licence - British Columbia,file,XLS,2022-06-01,https://catalogue.data.gov.bc.ca/dataset/2013-14-second-quarterly-report-economic-indicators-tbl-2-1,"A tabular presentation of quarterly changes in key British Columbia economic indicators ? employment, manufacturing shipments, exports, retail sales, housing starts and non-residential building permits."
2013-14 Second Quarterly Report - Expense by Function Tbl 1.9,Treasury Board Staff,Open Government Licence - British Columbia,file,XLSX,2022-06-01,https://catalogue.data.gov.bc.ca/dataset/2013-14-second-quarterly-report-expense-by-function-tbl-1-9,"A tabular presentation of the British Columbia government's expense by function including budgeted and actual values at June 30, 2013, actual values at June 30, 2012, full year budget and forecast for 2013-14, and actual values for 2012-13."
"2013-14 Second Quarterly Report - Expense by Ministry, Program and Agency Tbl 1.8",Treasury Board Staff,Open Government Licence - British Columbia,file,XLSX,2022-06-01,https://catalogue.data.gov.bc.ca/dataset/2013-14-second-quarterly-report-expense-by-ministry-program-and-agency-tbl-1-8,"A tabular presentation of the British Columbia government's expense by ministry, program and agency including budgeted and actual values at June 30, 2013, actual values at June 30, 2012, full year budget and forecast for 2013-14, and actual values for 2012-13."
2013-14 Second Quarterly Report - Forecast Update Tbl 1.1,Treasury Board Staff,Open Government Licence - British Columbia,file,XLSX,2022-06-01,https://catalogue.data.gov.bc.ca/dataset/2013-14-second-quarterly-report-forecast-update-tbl-1-1,A tabular summary of British Columbia's financial forecast including budgeted financial amounts for 2013-14 and the first quarter forecast for 2013-14.
2013-14 Second Quarterly Report - Full-Time Equivalents Tbl 1.12,Treasury Board Staff,Open Government Licence - British Columbia,file,XLSX,2022-06-01,https://catalogue.data.gov.bc.ca/dataset/2013-14-second-quarterly-report-full-time-equivalents-tbl-1-12,"A tabular presentation of the British Columbia government's full-time equivalent employment for the full year budget and forecast for 2013-14, and actual values for 2012-13."
2013-14 Second Quarterly Report - Notional Allocations to Contingencies Tbl 1.3,Treasury Board Staff,Open Government Licence - British Columbia,file,XLSX,2022-06-01,https://catalogue.data.gov.bc.ca/dataset/2013-14-second-quarterly-report-notional-allocations-to-contingencies-tbl-1-3,A tabular summary of notional allocations to the Contingencies and New Programs Vote in British Columbia's financial forecast as at the 2013-14 budget and first Quarterly Report.
2013-14 Second Quarterly Report - Operating Statement Tbl 1.6,Treasury Board Staff,Open Government Licence - British Columbia,file,XLSX,2022-06-01,https://catalogue.data.gov.bc.ca/dataset/2013-14-second-quarterly-report-operating-statement-tbl-1-6,"A tabular presentation of the British Columbia operating statement, including budgeted and actual values at June 30, 2013, actual values at June 30, 2012, full year budget and forecast for 2013-14, and actual values for 2012-13."
2013-14 Second Quarterly Report - Private Sector Canadian Interest Rate Forecasts Tbl 2.2,Treasury Board Staff,Open Government Licence - British Columbia,file,XLS,2022-06-01,https://catalogue.data.gov.bc.ca/dataset/2013-14-second-quarterly-report-private-sector-canadian-interest-rate-forecasts-tbl-2-2,"A tabular presentation of interest rate forecasts for Canadian 3-month Treasury Bills and 10-year Government Bonds in 2013 by 6 private sector institutions as at July 22, 2013."
2013-14 Second Quarterly Report - Private Sector Exchange Rate Forecasts Tbl 2.3,Treasury Board Staff,Open Government Licence - British Columbia,file,XLS,2022-06-01,https://catalogue.data.gov.bc.ca/dataset/2013-14-second-quarterly-report-private-sector-exchange-rate-forecasts-tbl-2-3,"A tabular presentation of the United States exchange rate forecasts for 2013 by 6 private sector institutions as at July 22, 2013."
2013-14 Second Quarterly Report - Provincial Debt Tbl 1.15,Treasury Board Staff,Open Government Licence - British Columbia,file,XLSX,2022-06-01,https://catalogue.data.gov.bc.ca/dataset/2013-14-second-quarterly-report-provincial-debt-tbl-1-15,"A tabular presentation of the British Columbia government's provincial debt including budgeted and actual values at June 30, 2013, actual values at June 30, 2012, full year budget and forecast for 2013-14, and actual values for 2012-13."
2013-14 Second Quarterly Report - Provincial Debt Update Tbl 1.5,Treasury Board Staff,Open Government Licence - British Columbia,file,XLSX,2022-06-01,https://catalogue.data.gov.bc.ca/dataset/2013-14-second-quarterly-report-provincial-debt-update-tbl-1-5,A tabular presentation of changes from the budgeted 2013-14 provincial debt forecast for the British Columbia government for the first 2013-14 quarterly report.
2013-14 Second Quarterly Report - Revenue Assumptions Tbl 1.10,Treasury Board Staff,Open Government Licence - British Columbia,file,XLSX,2022-06-01,https://catalogue.data.gov.bc.ca/dataset/2013-14-second-quarterly-report-revenue-assumptions-tbl-1-10,A tabular presentation of the British Columbia government's revenue assumptions for the June 2013 Budget Update and for the 2013-14 first quarterly report.
2013-14 Second Quarterly Report - Revenue by Source Tbl 1.7,Treasury Board Staff,Open Government Licence - British Columbia,file,XLSX,2022-06-01,https://catalogue.data.gov.bc.ca/dataset/2013-14-second-quarterly-report-revenue-by-source-tbl-1-7,"A tabular presentation of the British Columbia government's revenue, including budgeted and actual values at June 30, 2013, actual values at June 30, 2012, full year budget and forecast for 2013-14, and actual values for 2012-13."
2013-14 Second Quarterly Report - Spending Assumptions Tbl 1.11,Treasury Board Staff,Open Government Licence - British Columbia,file,XLSX,2022-06-01,https://catalogue.data.gov.bc.ca/dataset/2013-14-second-quarterly-report-spending-assumptions-tbl-1-11,A tabular presentation of the British Columbia government's spending assumptions for the June 2013 Budget Update and for the 2013-14 first quarterly report..
2013-14 Second Quarterly Report - Statement of Financial Position Tbl 1.16,Treasury Board Staff,Open Government Licence - British Columbia,file,XLSX,2022-06-01,https://catalogue.data.gov.bc.ca/dataset/2013-14-second-quarterly-report-statement-of-financial-position-tbl-1-16,"A tabular presentation of the British Columbia government's financial position including budgeted and actual values at June 30, 2013, actual values at June 30, 2012, full year budget and forecast for 2013-14, and actual values for 2012-13."
2013-14 Third Quarterly Report - 2013-14 Financial Forecast Changes from June Update 2013 Tbl 4.2,Treasury Board Staff,Open Government Licence - British Columbia,file,XLSX,2022-06-01,https://catalogue.data.gov.bc.ca/dataset/2013-14-third-quarterly-report-2013-14-financial-forecast-changes-from-june-update-2013-tbl-4-2,A tabular presentation of changes from budgeted 2013-14 revenue and expenditure for the British Columbia government for the first 2013-14 quarterly report.
2013-14 Third Quarterly Report - Capital Spending Tbl 4.10,Treasury Board Staff,Open Government Licence - British Columbia,file,XLSX,2022-06-01,https://catalogue.data.gov.bc.ca/dataset/2013-14-third-quarterly-report-capital-spending-tbl-4-10,"A tabular presentation of the British Columbia government's capital spending including budgeted and actual values at June 30, 2013, actual values at June 30, 2012, full year budget and forecast for 2013-14, and actual values for 2012-13."
2013-14 Third Quarterly Report - Capital Spending Update Tbl 4.4,Treasury Board Staff,Open Government Licence - British Columbia,file,XLSX,2022-06-01,https://catalogue.data.gov.bc.ca/dataset/2013-14-third-quarterly-report-capital-spending-update-tbl-4-4,A tabular presentation of changes from budgeted 2013-14 capital spending for the British Columbia government for the first 2013-14 quarterly report.
2013-14 Third Quarterly Report - Expense by Function Tbl 4.9,Treasury Board Staff,Open Government Licence - British Columbia,file,XLSX,2022-06-01,https://catalogue.data.gov.bc.ca/dataset/2013-14-third-quarterly-report-expense-by-function-tbl-4-9,"A tabular presentation of the British Columbia government's expense by function including budgeted and actual values at June 30, 2013, actual values at June 30, 2012, full year budget and forecast for 2013-14, and actual values for 2012-13."
"2013-14 Third Quarterly Report - Expense by Ministry, Program and Agency Tbl 4.8",Treasury Board Staff,Open Government Licence - British Columbia,file,XLSX,2022-06-01,https://catalogue.data.gov.bc.ca/dataset/2013-14-third-quarterly-report-expense-by-ministry-program-and-agency-tbl-4-8,"A tabular presentation of the British Columbia government's expense by ministry, program and agency including budgeted and actual values at June 30, 2013, actual values at June 30, 2012, full year budget and forecast for 2013-14, and actual values for 2012-13."
2013-14 Third Quarterly Report - Forecast Update Tbl 4.1,Treasury Board Staff,Open Government Licence - British Columbia,file,XLSX,2022-06-01,https://catalogue.data.gov.bc.ca/dataset/2013-14-third-quarterly-report-forecast-update-tbl-4-1,A tabular summary of British Columbia's financial forecast including budgeted financial amounts for 2013-14 and the first quarter forecast for 2013-14.
2013-14 Third Quarterly Report - Notional Allocations to Contingencies Tbl 4.3,Treasury Board Staff,Open Government Licence - British Columbia,file,XLSX,2022-06-01,https://catalogue.data.gov.bc.ca/dataset/2013-14-third-quarterly-report-notional-allocations-to-contingencies-tbl-4-3,A tabular summary of notional allocations to the Contingencies and New Programs Vote in British Columbia's financial forecast as at the 2013-14 budget and first Quarterly Report.
2013-14 Third Quarterly Report - Operating Statement Tbl 4.6,Treasury Board Staff,Open Government Licence - British Columbia,file,XLSX,2022-06-01,https://catalogue.data.gov.bc.ca/dataset/2013-14-third-quarterly-report-operating-statement-tbl-4-6,"A tabular presentation of the British Columbia operating statement, including budgeted and actual values at June 30, 2013, actual values at June 30, 2012, full year budget and forecast for 2013-14, and actual values for 2012-13."
2013-14 Third Quarterly Report - Provincial Debt Tbl 4.11,Treasury Board Staff,Open Government Licence - British Columbia,file,XLSX,2022-06-01,https://catalogue.data.gov.bc.ca/dataset/2013-14-third-quarterly-report-provincial-debt-tbl-4-11,"A tabular presentation of the British Columbia government's provincial debt including budgeted and actual values at June 30, 2013, actual values at June 30, 2012, full year budget and forecast for 2013-14, and actual values for 2012-13."
2013-14 Third Quarterly Report - Provincial Debt Update Tbl 4.5,Treasury Board Staff,Open Government Licence - British Columbia,file,XLSX,2022-06-01,https://catalogue.data.gov.bc.ca/dataset/2013-14-third-quarterly-report-provincial-debt-update-tbl-4-5,A tabular presentation of changes from the budgeted 2013-14 provincial debt forecast for the British Columbia government for the first 2013-14 quarterly report.
2013-14 Third Quarterly Report - Revenue by Source Tbl 4.7,Treasury Board Staff,Open Government Licence - British Columbia,file,XLSX,2022-06-01,https://catalogue.data.gov.bc.ca/dataset/2013-14-third-quarterly-report-revenue-by-source-tbl-4-7,"A tabular presentation of the British Columbia government's revenue, including budgeted and actual values at June 30, 2013, actual values at June 30, 2012, full year budget and forecast for 2013-14, and actual values for 2012-13."
2013-14 Third Quarterly Report - Statement of Financial Position Tbl 4.12,Treasury Board Staff,Open Government Licence - British Columbia,file,XLSX,2022-06-01,https://catalogue.data.gov.bc.ca/dataset/2013-14-third-quarterly-report-statement-of-financial-position-tbl-4-12,"A tabular presentation of the British Columbia government's financial position including budgeted and actual values at June 30, 2013, actual values at June 30, 2012, full year budget and forecast for 2013-14, and actual values for 2012-13."
2014 Financial-Economic Rev,Treasury Board Staff,Open Government Licence - British Columbia,file,XLSX,2022-06-01,https://catalogue.data.gov.bc.ca/dataset/2014-financial-economic-rev,"Province of British Columbia 2014 Financial and Economic Review, presented as 46 tabular data files."
2015-16 First Quarterly Report,Treasury Board Staff,Open Government Licence - British Columbia,file,XLSX,2022-06-01,https://catalogue.data.gov.bc.ca/dataset/2015-16-first-quarterly-report,"A tabular summary of British Columbia's 2015-16 First Quarterly Report - Fiscal Plan Update 2015/16 - 2017/18, 2015/16 Economic Outlook and Financial Forecast & Three Month Results April - June 2015"
2015-16 Second Quarterly Report,Treasury Board Staff,Open Government Licence - British Columbia,file,XLSX,2022-06-01,https://catalogue.data.gov.bc.ca/dataset/2015-16-second-quarterly-report,"A tabular summary of British Columbia's 2015-16 Second Quarterly Report - Fiscal Plan Update 2015/16 - 2017/18, Economic Outlook & Six Month Financial Results April - September 2015"
2016-17 First Quarterly Report,Treasury Board Staff,Open Government Licence - British Columbia,file,XLS XLSX,2022-06-01,https://catalogue.data.gov.bc.ca/dataset/2016-17-first-quarterly-report,"A tabular summary of British Columbia's 2016-17 First Quarterly Report - Fiscal Plan Update 2016/17 - 2018/19, 2016/17 Economic Outlook and Financial Forecast & Three Month Results April - June 2016"
2016-17 Second Quarterly Report,Treasury Board Staff,Open Government Licence - British Columbia,file,XLS,2022-06-01,https://catalogue.data.gov.bc.ca/dataset/2016-17-second-quarterly-report,"A tabular summary of British Columbia's 2016-17 Second Quarterly Report - Fiscal Plan Update 2016/17 - 2018/19, Economic Outlook & Six Month Financial Results April - September 2016"
2017 Financial-Economic Rev,Treasury Board Staff,Open Government Licence - British Columbia,file,XLSX,2022-06-01,https://catalogue.data.gov.bc.ca/dataset/2017-financial-economic-rev,A tabular summary of the Province of British Columbia 2017 Financial and Economic Review.
2017-18 Second Quarterly Report,Treasury Board Staff,Open Government Licence - British Columbia,file,XLS,2022-06-01,https://catalogue.data.gov.bc.ca/dataset/2017-18-second-quarterly-report,"A tabular summary of British Columbia's 2017-18 Second Quarterly Report - Fiscal Plan Update 2017/18 - 2019/20, Economic Outlook & Six Month Financial Results April - September 2017"
2018 Financial-Economic Rev,Treasury Board Staff,Open Government Licence - British Columbia,file,XLSX,2022-06-01,https://catalogue.data.gov.bc.ca/dataset/2018-financial-economic-rev,A tabular summary of the Province of British Columbia 2018 Financial and Economic Review.
2018-19 First Quarterly Report,Treasury Board Staff,Open Government Licence - British Columbia,file,XLSX,2022-06-01,https://catalogue.data.gov.bc.ca/dataset/2018-19-first-quarterly-report,"A tabular summary of British Columbia's 2018-19 First Quarterly Report - Fiscal Plan Update 2018/19 - 2020/21, 2018/19 Economic Outlook and Financial Forecast & Three Month Results April - June 2018"
2018-19 Second Quarterly Report,Treasury Board Staff,Open Government Licence - British Columbia,file,XLSX,2022-06-01,https://catalogue.data.gov.bc.ca/dataset/2018-19-second-quarterly-report,"A tabular summary of British Columbia's 2018-19 Second Quarterly Report - Fiscal Plan Update 2018/19 - 2020/21, Economic Outlook & Six Month Financial Results April - September 2019"
2019 Financial-Economic Rev,Treasury Board Staff,Open Government Licence - British Columbia,file,XLSX,2022-06-01,https://catalogue.data.gov.bc.ca/dataset/2019-financial-economic-rev,A tabular summary of the Province of British Columbia 2019 Financial and Economic Review.
2019-20 First Quarterly Report,Treasury Board Staff,Open Government Licence - British Columbia,file,XLSX,2022-06-01,https://catalogue.data.gov.bc.ca/dataset/2019-20-first-quarterly-report,"A tabular summary of British Columbia's 2019-20 First Quarterly Report - Fiscal Plan Update 2019/20 - 2021/22, 2019/20 Economic Outlook and Financial Forecast & Three Month Results April - June 2019"
2019-20 Second Quarterly Report,Treasury Board Staff,Open Government Licence - British Columbia,file,XLSX,2022-06-01,https://catalogue.data.gov.bc.ca/dataset/2019-20-second-quarterly-report,"A tabular summary of British Columbia's 2019-20 Second Quarterly Report - Fiscal Plan Update 2019/20 - 2021/22, Economic Outlook & Six Month Financial Results April - September 2019"
2020 Financial and Economic Review,Treasury Board Staff,Open Government Licence - British Columbia,file,PDF XLSX,2022-06-01,https://catalogue.data.gov.bc.ca/dataset/2020-financial-and-economic-review,A tabular summary of the Province of British Columbia 2020 Financial and Economic Review.
2020-21 First Quarterly Report,Treasury Board Staff,Open Government Licence - British Columbia,file,XLSX,2022-06-01,https://catalogue.data.gov.bc.ca/dataset/2020-21-first-quarterly-report,"A tabular summary of British Columbia's 2020-21 First Quarterly Report - Fiscal Plan Update 2020/21 - 2022/23, 2020/21 Economic Outlook and Financial Forecast & Three Month Results April - June 2020"
2021 Financial-Economic Rev,Treasury Board Staff,Open Government Licence - British Columbia,file,PDF XLSX,2022-06-01,https://catalogue.data.gov.bc.ca/dataset/2021-financial-economic-rev,A tabular summary of the Province of British Columbia 2021 Financial and Economic Review.
2021-22 First Quarterly Report,Treasury Board Staff,Open Government Licence - British Columbia,file,XLSX,2022-06-01,https://catalogue.data.gov.bc.ca/dataset/2021-22-first-quarterly-report,A tabular summary of British Columbia's 2021-22 First Quarterly Report - 2021/22 Economic Outlook and Financial Forecast & Three Month Results April - June 2021.
2021-22 Second Quarterly Report,Treasury Board Staff,Open Government Licence - British Columbia,file,XLSX,2022-06-01,https://catalogue.data.gov.bc.ca/dataset/2021-22-second-quarterly-report,"A tabular summary of British Columbia's 2021-22 Second Quarterly Report - Fiscal Plan Update 2021/22 - 2023/24, Economic Outlook & Six Month Financial Results April - September 2021"
2022 BC Financial and Economic Review,Treasury Board Staff,Open Government Licence - British Columbia,file,PDF XLSX,2023-07-20,https://catalogue.data.gov.bc.ca/dataset/2022-bc-financial-and-economic-review,A tabular summary of the Province of British Columbia 2022 Financial and Economic Review.
2022-23 First Quarterly Report,Treasury Board Staff,Open Government Licence - British Columbia,file,XLSX,2023-01-09,https://catalogue.data.gov.bc.ca/dataset/2022-23-first-quarterly-report,A tabular summary of British Columbia's 2022-23 First Quarterly Report - 2022/23 Economic Outlook and Financial Forecast & Three Month Results April - June 2022.
2022-23 Second Quarterly Report,Treasury Board Staff,Open Government Licence - British Columbia,file,XLSX,2023-05-15,https://catalogue.data.gov.bc.ca/dataset/2022-23-second-quarterly-report,"A tabular summary of British Columbia's 2022-23 Second Quarterly Report - Fiscal Plan Update 2022/23 - 2024/25, Economic Outlook & Six Month Financial Results April - September 2022"
2023 BC Financial and Economic Review,Treasury Board Staff,Open Government Licence - British Columbia,file,PDF XLSX,2024-06-05,https://catalogue.data.gov.bc.ca/dataset/2023-bc-financial-and-economic-review-,A tabular summary of the Province of British Columbia 2023 Financial and Economic Review.
2023-24 First Quarterly Report,Treasury Board Staff,Open Government Licence - British Columbia,file,XLSX,2024-07-08,https://catalogue.data.gov.bc.ca/dataset/2023-24-first-quarterly-report-,A tabular summary of British Columbia's 2023-24 First Quarterly Report - 2023/24 Economic Outlook and Financial Forecast & Three Month Results April - June 2023.
2023-24 Second Quarterly Report,Treasury Board Staff,Open Government Licence - British Columbia,file,XLSX,2024-07-08,https://catalogue.data.gov.bc.ca/dataset/2023-24-second-quarterly-report-,"A tabular summary of British Columbia's 2023-24 Second Quarterly Report - Fiscal Plan Update 2023/24 - 2025/26, Economic Outlook & Six Month Financial Results April - September 2023"
2024 BC Financial and Economic Review,Treasury Board Staff,Open Government Licence - British Columbia,file,XLSX,2025-04-03,https://catalogue.data.gov.bc.ca/dataset/2024-bc-financial-and-economic-review,A tabular summary of the Province of British Columbia 2024 Financial and Economic Review.
2024-25 First Quarterly Report,Treasury Board Staff,Open Government Licence - British Columbia,file,XLSX,2025-04-03,https://catalogue.data.gov.bc.ca/dataset/2024-25-first-quarterly-report,A tabular summary of British Columbia's 2024-25 First Quarterly Report - 2024/25 Economic Outlook and Financial Forecast & Three Month Results April - June 2024.
2025 BC Financial and Economic Review,Treasury Board Staff,Open Government Licence - British Columbia,file,XLSX,2025-12-02,https://catalogue.data.gov.bc.ca/dataset/2025-bc-financial-and-economic-review,A tabular summary of the Province of British Columbia 2025 Financial and Economic Review.
2025-26 First Quarterly Report,Treasury Board Staff,Open Government Licence - British Columbia,file,XLSX,2025-12-05,https://catalogue.data.gov.bc.ca/dataset/2025-26-first-quarterly-report,A tabular summary of British Columbia's 2025-26 First Quarterly Report - 2025/26 Economic Outlook and Financial Forecast & Three Month Results April - June 2025.
2025-26 Second Quarterly Report,Treasury Board Staff,Open Government Licence - British Columbia,file,XLSX,2026-04-29,https://catalogue.data.gov.bc.ca/dataset/2025-26-second-quarterly-report,"A tabular summary of British Columbia's 2025-26 Second Quarterly Report - Fiscal Plan Update 2025/26 - 2027/28, Economic Outlook & Six Month Financial Results April - September 2025"
BC 2013-14 Second Quarterly Report - 2013-14 Forecast Changes from June Update 2013 and First Quarterly Report Table 1.2,Treasury Board Staff,Open Government Licence - British Columbia,file,XLSX,2020-06-11,https://catalogue.data.gov.bc.ca/dataset/bc-2013-14-second-quarterly-report-2013-14-forecast-changes-from-june-update-2013-and-first-quarterl,A tabular presentation of changes from budgeted 2013-14 revenue and expenditure for the British Columbia government for the first 2013-14 quarterly report.
BC 2014-15 First Quarterly Report Tbls,Treasury Board Staff,Open Government Licence - British Columbia,file,XLSX,2022-06-01,https://catalogue.data.gov.bc.ca/dataset/bc-2014-15-first-quarterly-report-tbls,"Thirty two tabular presentations of budget items for the British Columbia government for the first 2014-15 quarterly report, which includes: Fiscal Plan Update, 2014/15 – 2016/17, Economic Outlook and Financial Forecast, 2014/15 and Three Month Results April – June, 2014"
BC 2014-15 Second Quarterly Report Tbls,Treasury Board Staff,Open Government Licence - British Columbia,file,XLSX,2022-06-01,https://catalogue.data.gov.bc.ca/dataset/bc-2014-15-second-quarterly-report-tbls,"Eighteen tabular presentations of budget items for the British Columbia government for the second 2014-15 quarterly report, which includes: 2014/15 Financial Update, Economic Outlook and Six Month Financial Results, April – September 2014"
BC Finance - 2013 Financial and Economic Review - Aggregate and Labour Market Indicators - 1982 to 2012 with annual percentage changes - Table A1.1A,Treasury Board Staff,Open Government Licence - British Columbia,file,XLSX,2020-06-11,https://catalogue.data.gov.bc.ca/dataset/bc-finance-2013-financial-and-economic-review-aggregate-and-labour-market-indicators-1982-to-2012-wi,"A tabular presentation of British Columbia international aggregate and labour market indicators, including nominal and real GDP; population; labour force; employment and unemployment rate; household income;; capital formation and business incorporations, 1982 to 2012 with annual percentage changes."
BC Finance - 2013 Financial and Economic Review - BC Capital Investment by Industry - 2008 to 2012 and 2013 Intentions - Table A1.6,Treasury Board Staff,Open Government Licence - British Columbia,file,XLSX,2020-06-11,https://catalogue.data.gov.bc.ca/dataset/bc-finance-2013-financial-and-economic-review-bc-capital-investment-by-industry-2008-to-2012-and-201,A tabular presentation of British Columbia capital investments by industry with actual values from 2008 to 2012 and 2013 intentions with percentage changes from 2011 to 2012 and 2012 to 2013.
BC Finance - 2013 Financial and Economic Review - BC GDP - Income Based - 2007 to 2012 with annual percentage changes - Table A1.4,Treasury Board Staff,Open Government Licence - British Columbia,file,XLS,2020-06-11,https://catalogue.data.gov.bc.ca/dataset/bc-finance-2013-financial-and-economic-review-bc-gdp-income-based-2007-to-2012-with-annual-percentag,"A tabular presentation of British Columbia real GDP components showing employee compensation, operating surpluses, and business incomes, 2007 to 2012 with annual percentage changes."
BC Finance - 2013 Financial and Economic Review - BC GDP at Basic Prices - by Industry - 2007 to 2012 with annual percentage changes - Table A1.3,Treasury Board Staff,Open Government Licence - British Columbia,file,XLS,2020-06-11,https://catalogue.data.gov.bc.ca/dataset/bc-finance-2013-financial-and-economic-review-bc-gdp-at-basic-prices-by-industry-2007-to-2012-with-a,"A tabular presentation of British Columbia real GDP components showing industry components including farming, natural resources, manufacturing, construction, utilities, transportation, sales, finance and insurance, real estate, public administration and other components, 2007 to 2012 with annual per"
BC Finance - 2013 Financial and Economic Review - BC Hydro - Five-Year Income Statement for the Years Ended March 31 - 2009 to 2013 - Table 3.1,Treasury Board Staff,Open Government Licence - British Columbia,file,XLSX,2020-06-11,https://catalogue.data.gov.bc.ca/dataset/bc-finance-2013-financial-and-economic-review-bc-hydro-five-year-income-statement-for-the-years-ende,"A tabular presentation of the British Columbia Hydro and Power Authority five-year income statement, 2008/09 through 2012/13 with miscellaneous financial data and performance indicators."
BC Finance - 2013 Financial and Economic Review - BC Lottery Corporation Five-Year Income Statement for the Years Ended March 31 - 2009 to 2013 - Table 3.3,Treasury Board Staff,Open Government Licence - British Columbia,file,XLSX,2020-06-11,https://catalogue.data.gov.bc.ca/dataset/bc-finance-2013-financial-and-economic-review-bc-lottery-corporation-five-year-income-statement-for-,"A tabular presentation of the British Columbia Lottery Corporation five-year income statement, 2008/09 through 2012/13 with miscellaneous financial data and performance indicators."
BC Finance - 2013 Financial and Economic Review - BC Railway Company - Five-Year Income Statement for the Years Ended March 31 - 2009 to 2013 - Table 3.7,Treasury Board Staff,Open Government Licence - British Columbia,file,XLSX,2020-06-11,https://catalogue.data.gov.bc.ca/dataset/bc-finance-2013-financial-and-economic-review-bc-railway-company-five-year-income-statement-for-the-,"A tabular presentation of the British Columbia Railway Company five-year income statement, 2008/09 through 2012/13."
BC Finance - 2013 Financial and Economic Review - BC Real GDP at Market Prices - Expenditure Based - 2007 to 2012 with annual percentage changes - Table A1.2,Treasury Board Staff,Open Government Licence - British Columbia,file,XLS,2020-06-11,https://catalogue.data.gov.bc.ca/dataset/bc-finance-2013-financial-and-economic-review-bc-real-gdp-at-market-prices-expenditure-based-2007-to,"A tabular presentation of British Columbia real GDP components showing household and general government expenditures, residential and non-residential structures, machinery and equipment, intellectual property, fixed capital, imports, and exports, 2007 to 2012 with annual percentage changes."
BC Finance - 2013 Financial and Economic Review - Capital Expenditure Projects Greater Than $50 Million - 02-21-2012 - Table 2.9,Treasury Board Staff,Open Government Licence - British Columbia,file,XLSX,2020-06-11,https://catalogue.data.gov.bc.ca/dataset/bc-finance-2013-financial-and-economic-review-capital-expenditure-projects-greater-than-50-million-0,"A tabular presentation of British Columbia capital expenditure projects in excess of $50 million, showing total anticipated costs for taxpayer-supported and self-supported capital projects, and including projected completion dates, project financing sources, and total spending at March 31, 2013."
BC Finance - 2013 Financial and Economic Review - Columbia Power Corporation - Five-Year Income Statement for the Years Ended March 31 - 2009 to 2013 - Table 3.5,Treasury Board Staff,Open Government Licence - British Columbia,file,XLSX,2020-06-11,https://catalogue.data.gov.bc.ca/dataset/bc-finance-2013-financial-and-economic-review-columbia-power-corporation-five-year-income-statement-,"A tabular presentation of the Columbia Power Corporation five-year income statement, 2008/09 through 2012/13 with miscellaneous financial data and performance indicators."
BC Finance - 2013 Financial and Economic Review - Commodity Production Indicators - 1982 to 2012 with annual percentage changes - Table A1.1D,Treasury Board Staff,Open Government Licence - British Columbia,file,XLSX,2020-06-11,https://catalogue.data.gov.bc.ca/dataset/bc-finance-2013-financial-and-economic-review-commodity-production-indicators-1982-to-2012-with-annu,"A tabular presentation of British Columbia commodity production indicators; including lumber, timber, pulp, newsprint, oil and gas, coal, minerals, electricity, farm receipts, and seafood; 1982 to 2012 with annual percentage changes."
BC Finance - 2013 Financial and Economic Review - Expense by Function - 2001-02 to 2012-13 - Table A2.7; Expense by Function Supplementary Information - 2001-02 to 2012-13 - Table A2.8,Treasury Board Staff,Open Government Licence - British Columbia,file,XLSX,2020-06-11,https://catalogue.data.gov.bc.ca/dataset/bc-finance-2013-financial-and-economic-review-expense-by-function-2001-02-to-2012-13-table-a2-7-expe,"Table A2.7 - A tabular presentation summarizing British Columbia expense by function, actual values, 2001-2002 through 2012-2013, including average annual change percentage; Table A2.8 A tabular presentation of British Columbia expense by function supplementary information, actual values, 2001-2002 "
BC Finance - 2013 Financial and Economic Review - Historical Operating Statement Surplus (Deficit) - 1969-1970 to 2012-13 - Table A2.14,Treasury Board Staff,Open Government Licence - British Columbia,file,XLSX,2020-06-11,https://catalogue.data.gov.bc.ca/dataset/bc-finance-2013-financial-and-economic-review-historical-operating-statement-surplus-deficit-1969-19,"A tabular summary of British Columbia historical operating statement surplus (deficit) reports, 1969-1970 through 2012-2013, showing consolidated revenue fund aggregate revenues and expenditures, and net income for Crown agencies, SUCH sector and regional authorities."
BC Finance - 2013 Financial and Economic Review - Historical Value of Mineral - Petroleum and Natural Gas Shipments 1991 to 2012 - Table A1.11,Treasury Board Staff,Open Government Licence - British Columbia,file,XLS,2020-06-11,https://catalogue.data.gov.bc.ca/dataset/bc-finance-2013-financial-and-economic-review-historical-value-of-mineral-petroleum-and-natural-gas-,"A tabular presentation of the historical value of British Columbia mineral, petroleum and natural gas shipments, 1991 - 2012."
BC Finance - 2013 Financial and Economic Review - Insurance Corporation of BC -  Five-Year Income Statement for the Years Ended December 31 - 2008 to 2012 - Table 3.4,Treasury Board Staff,Open Government Licence - British Columbia,file,XLSX,2020-06-11,https://catalogue.data.gov.bc.ca/dataset/bc-finance-2013-financial-and-economic-review-insurance-corporation-of-bc-five-year-income-statement,"A tabular presentation of the Insurance Corporation of British Columbia five-year income statement, 2008 through 2012 with miscellaneous financial data and performance indicators."
BC Finance - 2013 Financial and Economic Review - International Goods Exports by Major Market and Selected Commodities - 2012 - Table A1.7,Treasury Board Staff,Open Government Licence - British Columbia,file,XLS,2020-06-11,https://catalogue.data.gov.bc.ca/dataset/bc-finance-2013-financial-and-economic-review-international-goods-exports-by-major-market-and-select,"A tabular presentation of British Columbia international goods exports by major market and selected commodities, 2012."
BC Finance - 2013 Financial and Economic Review - Liquor Distribution Branch - Five-Year Income Statement for the Years Ended March 31 - 2009 to 2013 - Table 3.2,Treasury Board Staff,Open Government Licence - British Columbia,file,XLSX,2020-06-11,https://catalogue.data.gov.bc.ca/dataset/bc-finance-2013-financial-and-economic-review-liquor-distribution-branch-five-year-income-statement-,"A tabular presentation of the British Columbia Liquor Distribution Branch five-year income statement, 2008/09 through 2012/13 with miscellaneous financial data and performance indicators."
BC Finance - 2013 Financial and Economic Review - Other Economic Indicators - 1982 to 2012 with annual percentage changes - Table A1.1C,Treasury Board Staff,Open Government Licence - British Columbia,file,XLSX,2020-06-11,https://catalogue.data.gov.bc.ca/dataset/bc-finance-2013-financial-and-economic-review-other-economic-indicators-1982-to-2012-with-annual-per,"A tabular presentation of British Columbia manufacturing shipments, retail sales, housing starts, non-residential building permits, tourism GDP high-tech GDP and BC product exports, 1982 to 2012 with annual percentage changes."
BC Finance - 2013 Financial and Economic Review - Prices - Earnings and Financial Indicators - 1982 to 2012 with annual percentage changes - Table A1.1B,Treasury Board Staff,Open Government Licence - British Columbia,file,XLSX,2020-06-11,https://catalogue.data.gov.bc.ca/dataset/bc-finance-2013-financial-and-economic-review-prices-earnings-and-financial-indicators-1982-to-2012-,"A tabular presentation of prices, earnings and financial indicators in British Columbia, including CPI; interest, mortgage and exchange rates; wages and household income, 1982 to 2012 with annual percentage changes."
BC Finance - 2013 Financial and Economic Review - Provincial Debt - 2001-02 to 2012-13 - Table A2.11; Provincial Debt Supplementary Information - 2001-02 to 2012-13 - Table A2.12,Treasury Board Staff,Open Government Licence - British Columbia,file,XLSX,2020-06-11,https://catalogue.data.gov.bc.ca/dataset/bc-finance-2013-financial-and-economic-review-provincial-debt-2001-02-to-2012-13-table-a2-11-provinc,"Table A2.11 - A tabular presentation summarizing British Columbia taxpayer-supported and self-supported provincial debt, actual values, 2001-2002 through 2012-2013, including average annual change percentage; Table A2.12 A tabular presentation of British Columbia provincial debt supplementary inform"
BC Finance - 2013 Financial and Economic Review - Revenue by Source - 2001-02 to 2012-13 - Table A2.5; Revenue by Source Supplementary Information - 2001-02 to 2012-13 - Table A2.6,Treasury Board Staff,Open Government Licence - British Columbia,file,XLSX,2020-06-11,https://catalogue.data.gov.bc.ca/dataset/bc-finance-2013-financial-and-economic-review-revenue-by-source-2001-02-to-2012-13-table-a2-5-revenu,"Table A2.5 - A tabular presentation summarizing British Columbia revenue by source, actual values, 2001-2002 through 2012-2013, including average annual change percentage; Table A2.6 A tabular presentation of British Columbia revenue by source supplementary information, actual values, 2001-2002 thro"
BC Finance - 2013 Financial and Economic Review - Statement of Financial Position - 2001-02 to 2012-13 - Table A2.3; Changes in Financial Position - 2001-02 to 2012-13 - Table A2.4,Treasury Board Staff,Open Government Licence - British Columbia,file,XLSX,2020-06-11,https://catalogue.data.gov.bc.ca/dataset/bc-finance-2013-financial-and-economic-review-statement-of-financial-position-2001-02-to-2012-13-tab,"Table A2.3 a tabular presentation summarizing British Columbia financial position statements, actual values, 2001-2002 through 2012-2013, including average annual change percentage; Table A2.4 A tabular presentation summarizing British Columbia changes in financial position, actual values, 2001-2002"
BC Finance - 2013 Financial and Economic Review - Supply and Consumption of Electrical Energy in BC - 1989 to 2012 - Table A1.13,Treasury Board Staff,Open Government Licence - British Columbia,file,XLS,2020-06-11,https://catalogue.data.gov.bc.ca/dataset/bc-finance-2013-financial-and-economic-review-supply-and-consumption-of-electrical-energy-in-bc-1989,A tabular presentation of British Columbia supply and consumption of electrical energy 1989 to 2012.
BC Finance - 2013 Financial and Economic Review - Transportation Investment Corporation - Five-Year Income Statement for the Years Ended March 31 - 2009 to 2013 - Table 3.6,Treasury Board Staff,Open Government Licence - British Columbia,file,XLSX,2020-06-11,https://catalogue.data.gov.bc.ca/dataset/bc-finance-2013-financial-and-economic-review-transportation-investment-corporation-five-year-income,"A tabular presentation of the Transportation Investment Corporation (the Port Mann Bridge-Highway 1 improvements project) five-year income statement, 2008/09 through 2012/13."
"BC Finance - Expense by Function, 1999-2000 to 2010-11, Table A2.7; Expense by Function Supplementary Information, 1999-2000 to 2010-11, Table A2.8",Treasury Board Staff,Open Government Licence - British Columbia,file,XLSX,2020-06-11,https://catalogue.data.gov.bc.ca/dataset/bc-finance-expense-by-function-1999-2000-to-2010-11-table-a2-7-expense-by-function-supplementary-inf,"Table A2.7 - A tabular presentation summarizing British Columbia expense by function, actual values, 1999-2000 through 2010-2011, including percent of average annual change; Table A2.8 A tabular presentation of British Columbia expense by function supplementary information, actual values, 2000-2001 "
"BC Finance - Provincial Debt, 1999-2000 to 2010-11, Table A2.11; Provincial Debt Supplementary Information, 1999-2000 to 2010-11, Table A2.12",Treasury Board Staff,Open Government Licence - British Columbia,file,XLSX,2020-06-11,https://catalogue.data.gov.bc.ca/dataset/bc-finance-provincial-debt-1999-2000-to-2010-11-table-a2-11-provincial-debt-supplementary-informatio,"Table A2.11 - A tabular presentation summarizing British Columbia taxpayer-supported and self-supported provincial debt, actual values, 1999-2000 through 2010-2011, including percent of average annual change; Table A2.12 A tabular presentation of British Columbia provincial debt supplementary inform"
"BC Finance - Revenue by Source, 1999-2000 to 2010-11, Table A2.5; Revenue by Source Supplementary Information, 1999-2000 to 2010-11, Table A2.6",Treasury Board Staff,Open Government Licence - British Columbia,file,XLSX,2020-06-11,https://catalogue.data.gov.bc.ca/dataset/bc-finance-revenue-by-source-1999-2000-to-2010-11-table-a2-5-revenue-by-source-supplementary-informa,"Table A2.5 - A tabular presentation summarizing British Columbia revenue by source, actual values, 1999-2000 through 2010-2011, including percent of average annual change; Table A2.6 A tabular presentation of British Columbia revenue by source supplementary information, actual values, 2000-2001 thro"
"BC Finance - Statement of Financial Position, 1999-2000 to 2010-11, Table A2.3; Changes in Financial Position, 2000-01 to 2010-11, Table A2.4",Treasury Board Staff,Open Government Licence - British Columbia,file,XLSX,2020-06-11,https://catalogue.data.gov.bc.ca/dataset/bc-finance-statement-of-financial-position-1999-2000-to-2010-11-table-a2-3-changes-in-financial-posi,"Table A2.3 a tabular presentation summarizing British Columbia financial position statements, actual values, 1999-2000 through 2010-2011, including average annual change; Table A2.4 A tabular presentation summarizing British Columbia changes in financial position, actual values, 2000-2001 through 20"
"BC Finance - Statement of Financial Position, 2000-01 to 2011-12, Table A2.3; Changes in Financial Position, 2000-01 to 2010-12, Table A2.4",Treasury Board Staff,Open Government Licence - British Columbia,file,XLSX,2020-06-11,https://catalogue.data.gov.bc.ca/dataset/bc-finance-statement-of-financial-position-2000-01-to-2011-12-table-a2-3-changes-in-financial-positi,"Table A2.3 a tabular presentation summarizing British Columbia financial position statements, actual values, 2000-2001 through 2010-2011, including average annual change; Table A2.4 A tabular presentation summarizing British Columbia changes in financial position, actual values, 2001-2002 through 20"
BC International Goods Exports by Market Area Tbl A1.8,Treasury Board Staff,Open Government Licence - British Columbia,file,XLSX,2022-06-01,https://catalogue.data.gov.bc.ca/dataset/bc-international-goods-exports-by-market-area-tbl-a1-8,"A tabular presentation of British Columbia international goods exports by market area, 2008 - 2010, including 2009-10 percent of change, and 2009 and 2010 percent of total, with explanatory notes defining market areas (Source: BC Stats)."
BC Share of Federal Excise Duty on Cannabis,Treasury Board Staff,Open Government Licence - British Columbia,file,XLSX,2026-09-01,https://catalogue.data.gov.bc.ca/dataset/bc-share-of-federal-excise-duty-on-cannabis,The report provides the exact cash amount received by the province of British Columbia from the federal government for British Columbia’s share of the federal excise duty on cannabis.
Budget 2012 - Canadian Real GDP Tbl 3.4,Treasury Board Staff,Open Government Licence - British Columbia,file,XLSX,2022-06-01,https://catalogue.data.gov.bc.ca/dataset/budget-2012-canadian-real-gdp-tbl-3-4,"A tabular presentation of the Canadian real GDP forecast, expressed for 2012 and 2013 as a percent change in real GDP"
Budget 2012 - Capital Expenditure Projects Greater than $50 Million Tbl 1.19,Treasury Board Staff,Open Government Licence - British Columbia,file,XLSX,2022-06-01,https://catalogue.data.gov.bc.ca/dataset/budget-2012-capital-expenditure-projects-greater-than-50-million-tbl-1-19,"A tabular presentation of the British Columbia capital expenditure projects in excess of $50 million, including schools, post-secondary institutions, health facilities, transportation, power generation and transmission, and other projects; with proposed completion dates, cost to December 31, 2011, p"
Budget 2012 - Capital Spending Tbl 1.17,Treasury Board Staff,Open Government Licence - British Columbia,file,XLSX,2022-06-01,https://catalogue.data.gov.bc.ca/dataset/budget-2012-capital-spending-tbl-1-17,"A tabular presentation of British Columbia taxpayer-supported and self-supported capital spending, including updated forecast values for 2011-12, budget estimates for 2012-13, and planned values for 2013-14 and 2014-15"
Budget 2012 - Carbon Tax Tbls Tbl 1 and Tbl 2,Treasury Board Staff,Open Government Licence - British Columbia,file,XLSX,2022-06-01,https://catalogue.data.gov.bc.ca/dataset/budget-2012-carbon-tax-tbls-tbl-1-and-tbl-2,"Carbon Tax Topic Box Tables: Table 1 - Revenue Neutral Carbon Tax Report 2010-11 and 2011-12, includes carbon tax revenue offset by designated personal and corporate tax measures for fiscal years 2010-11 and 2011-12; Table 2 - Revenue Neutral Carbon Tax Plan 2012-13 to 2014-15, includes carbon tax r"
Budget 2012 - Corporate Income Tax Changes Tbl 1.5,Treasury Board Staff,Open Government Licence - British Columbia,file,XLSX,2022-06-01,https://catalogue.data.gov.bc.ca/dataset/budget-2012-corporate-income-tax-changes-tbl-1-5,"A tabular summary of British Columbia corporate income tax revenue for fiscal years 2011-12 through 2014-15, including annual percentage growth"
Budget 2012 - Deficit to Debt Reconciliation Tbl 1.22,Treasury Board Staff,Open Government Licence - British Columbia,file,XLSX,2022-06-01,https://catalogue.data.gov.bc.ca/dataset/budget-2012-deficit-to-debt-reconciliation-tbl-1-22,"A tabular presentation of British Columbia reconciliation of debt summary results to provincial debt changes based on annual surplus or deficit, investment working capital changes, capital and other asset changes, other debt changes, and total percentage debt increase; including updated forecast val"
Budget 2012 - Draw Down Contingencies Tbl 1.24,Treasury Board Staff,Open Government Licence - British Columbia,file,XLSX,2022-06-01,https://catalogue.data.gov.bc.ca/dataset/budget-2012-draw-down-contingencies-tbl-1-24,"A tabular presentation of the British Columbia draw down on the contingencies vote for the years 2012-13, 2013-14, 2014-15, based on the Budget 2011 and Budget 2012 contingencies allowances"
Budget 2012 - Economic Forecasts Tbls 3.7.1 to 3.7.4,Treasury Board Staff,Open Government Licence - British Columbia,file,XLSX,2022-06-01,https://catalogue.data.gov.bc.ca/dataset/budget-2012-economic-forecasts-tbls-3-7-1-to-3-7-4,"Economic Forecasts, , including 2010 actual values, 2011 estimated values, and 2012 through 2016 forecast values: Table 3.7.1 - Gross Domestic Product: British Columbia; Table 3.7.2 - Components of Nominal Income and Expenditure; Table 3.7.3 - Labour Market Indicators; Table 3.7.4 - Major Economic A"
Budget 2012 - Economic Indicators Tbl 3.1,Treasury Board Staff,Open Government Licence - British Columbia,file,XLSX,2022-06-01,https://catalogue.data.gov.bc.ca/dataset/budget-2012-economic-indicators-tbl-3-1,"A tabular presentation of British Columbia economic indicators, includes percent changes in six economic measures for the third quarter, 2011; the fourth quarter, 2011; and annual change 2010-11"
Budget 2012 - Exchange Rate Tbl 3.6,Treasury Board Staff,Open Government Licence - British Columbia,file,XLSX,2022-06-01,https://catalogue.data.gov.bc.ca/dataset/budget-2012-exchange-rate-tbl-3-6,"A tabular presentation of private sector exchange rate forecasts, includes 2012 and 2013 average annual exchange rate by financial institution, for conversion of United States cents to Canadian dollars, as of January 05,2012"
Budget 2012 - Expense by Ministry Tbl 1.9,Treasury Board Staff,Open Government Licence - British Columbia,file,XLSX,2022-06-01,https://catalogue.data.gov.bc.ca/dataset/budget-2012-expense-by-ministry-tbl-1-9,"A tabular presentation of British Columbia expense by ministry, program and agency, including updated forecast values for 2011-12, budget estimates for 2012-13, and planned expense for 2013-14 and 2014-15"
Budget 2012 - Federal Transfers Tbl 1.7,Treasury Board Staff,Open Government Licence - British Columbia,file,XLSX,2022-06-01,https://catalogue.data.gov.bc.ca/dataset/budget-2012-federal-transfers-tbl-1-7,"A tabular summary of federal contributions and transfers to British Columbia programs, including BC percentage share of the national population, for fiscal years 2011-12 through 2014-15"
Budget 2012 - Grade 12 Completion Rates Tbl 1.13,Treasury Board Staff,Open Government Licence - British Columbia,file,XLSX,2022-06-01,https://catalogue.data.gov.bc.ca/dataset/budget-2012-grade-12-completion-rates-tbl-1-13,"A tabular presentation of the high school completion rates for British Columbia students for the years 2001-02 through 2010-11, includes totals and percentage rates for all and aboriginal students for both public and independent schools"
Budget 2012 - Health Funding Plan Tbl 1.11,Treasury Board Staff,Open Government Licence - British Columbia,file,XLSX,2022-06-01,https://catalogue.data.gov.bc.ca/dataset/budget-2012-health-funding-plan-tbl-1-11,"A tabular presentation of planned British Columbia health care funding by source for the years 2012-13, 2013-14 and 2014-15, including values for total revenue, total expenditure and health care costs in excess of revenue"
"Budget 2012 - Health Funding Report, Updated Tbl 4.4",Treasury Board Staff,Open Government Licence - British Columbia,file,XLSX,2022-06-01,https://catalogue.data.gov.bc.ca/dataset/budget-2012-health-funding-report-updated-tbl-4-4,"A tabular presentation of the British Columbia 2011-12 third quarter health funding report update, including values for total revenue, total expenditure and health care costs in excess of revenue, with Public Account values for 2010-11 and updated forecast values for 2011-12"
Budget 2012 - Justice System Tbl 1.15,Treasury Board Staff,Open Government Licence - British Columbia,file,XLSX,2022-06-01,https://catalogue.data.gov.bc.ca/dataset/budget-2012-justice-system-tbl-1-15,"A tabular presentation of planned costs and cost increases of funding the British Columbia justice system, by expenditure for the years 2012-13, 2013-14 and 2014-15"
Budget 2012 - Key Economic Indicators Tbl 3.2,Treasury Board Staff,Open Government Licence - British Columbia,file,XLSX,2022-06-01,https://catalogue.data.gov.bc.ca/dataset/budget-2012-key-economic-indicators-tbl-3-2,"A tabular presentation of British Columbia key economic indicators, includes percent annual changes in nine economic measures, 2011 estimated values and 2012 through 2016 forecast values"
Budget 2012 - Major Factors Underlying Revenue Tbl 1.3,Treasury Board Staff,Open Government Licence - British Columbia,file,XLSX,2022-06-01,https://catalogue.data.gov.bc.ca/dataset/budget-2012-major-factors-underlying-revenue-tbl-1-3,"A tabular presentation of the major factors underlying British Columbia revenue by percentage growth of key revenue items as of February 21, 2012 and May 03, 2011; with annual values for 2011 through 2014 and fiscal year values for 2011-12 through 2014-15"
Budget 2012 - Major Sensitivities Tbl 1.23,Treasury Board Staff,Open Government Licence - British Columbia,file,XLSX,2022-06-01,https://catalogue.data.gov.bc.ca/dataset/budget-2012-major-sensitivities-tbl-1-23,"A tabular presentation of the current British Columbia key fiscal sensitivities by variable, monetary or percentage increase, and annual fiscal impact"
Budget 2012 - Natural Gas Price Forecast Tbl A6,Treasury Board Staff,Open Government Licence - British Columbia,file,XLSX,2022-06-01,https://catalogue.data.gov.bc.ca/dataset/budget-2012-natural-gas-price-forecast-tbl-a6,"A tabular presentation of private sector forecasts of British Columbia natural gas prices for the calendar years 2012, 2013 and 2014, including values adjusted to the fiscal years 2012-13, 2013-14 and 2014-15"
Budget 2012 - Notional Allocations To Contingencies Tbl 1.25,Treasury Board Staff,Open Government Licence - British Columbia,file,XLSX,2022-06-01,https://catalogue.data.gov.bc.ca/dataset/budget-2012-notional-allocations-to-contingencies-tbl-1-25,"A tabular presentation of British Columbia notional allocations to contingencies and allowances for unforeseen pressures for the years 2012-13, 2013-14, 2014-15"
Budget 2012 - Operating Statement Tbl 1.1,Treasury Board Staff,Open Government Licence - British Columbia,file,XLSX,2022-06-01,https://catalogue.data.gov.bc.ca/dataset/budget-2012-operating-statement-tbl-1-1,"A tabular presentation of the British Columbia three year fiscal plan, including revenue, expense, surplus or deficit, capital spending, provincial debt, taxpayer-supported debt-to- GDP ratio, and economic forecast; with updated forecast values for 2011-12, budget estimates for 2012-13, and planned "
Budget 2012 - Personal Income Tax Changes Tbl 1.4,Treasury Board Staff,Open Government Licence - British Columbia,file,XLSX,2022-06-01,https://catalogue.data.gov.bc.ca/dataset/budget-2012-personal-income-tax-changes-tbl-1-4,"A tabular summary of British Columbia personal income tax revenue for fiscal years 2011-12 through 2014-15, including basic PIT revenue, Budget 2012 revenue, annual revenue growth, annual personal income growth, annual labour income growth, and elasticity"
Budget 2012 - Post-secondary Institution Outcomes Tbl 1.12,Treasury Board Staff,Open Government Licence - British Columbia,file,XLSX,2022-06-01,https://catalogue.data.gov.bc.ca/dataset/budget-2012-post-secondary-institution-outcomes-tbl-1-12,"A tabular presentation for the years 2004 through 2010 of the number of and satisfaction rates associated with British Columbia post-secondary credentials, including university diplomas, college and institutional diplomas, trade accreditations, and developmental certificates."
Budget 2012 - Private Sector Canadian Interest Rate Forecasts Tbl 3.5,Treasury Board Staff,Open Government Licence - British Columbia,file,XLSX,2022-06-01,https://catalogue.data.gov.bc.ca/dataset/budget-2012-private-sector-canadian-interest-rate-forecasts-tbl-3-5,"A tabular presentation of private sector Canadian interest rate forecast, includes 2012 and 2013 average annual percent interest rate by financial institution, for both 3-month Treasury Bills and 10-year Government Bonds, as of January 05, 2012"
"Budget 2012 - Provincial And Federal Taxes, Appendix Tbl A3",Treasury Board Staff,Open Government Licence - British Columbia,file,XLSX,2022-06-01,https://catalogue.data.gov.bc.ca/dataset/budget-2012-provincial-and-federal-taxes-appendix-tbl-a3,"A tabular presentation of provincial and federal 2012 taxes by province, including several sample values per two income family of four, unattached individual, and senior couple; with explanatory notes"
Budget 2012 - Provincial Borrowing Requirements Tbl 1.21,Treasury Board Staff,Open Government Licence - British Columbia,file,XLSX,2022-06-01,https://catalogue.data.gov.bc.ca/dataset/budget-2012-provincial-borrowing-requirements-tbl-1-21,"A tabular presentation of British Columbia provincial borrowing requirements based on total debt at the beginning of the year, total debt at the end of the year, and percentage annual debt growth; including updated forecast values for 2011-12, budget estimates for 2012-13, and planned values for 201"
Budget 2012 - Provincial Debt Tbl 1.20,Treasury Board Staff,Open Government Licence - British Columbia,file,XLSX,2022-06-01,https://catalogue.data.gov.bc.ca/dataset/budget-2012-provincial-debt-tbl-1-20,"A tabular summary of British Columbia taxpayer-supported and self-supported provincial debt, including direct operating values, forecast allowance, total provincial debt, debt at a percentage of GDP, taxpayer-supported debt per capita, and taxpayer-supported interest bite; with updated forecast valu"
"Budget 2012 - Provincial Personal Income Taxes, Appendix Tbl A4",Treasury Board Staff,Open Government Licence - British Columbia,file,XLSX,2022-06-01,https://catalogue.data.gov.bc.ca/dataset/budget-2012-provincial-personal-income-taxes-appendix-tbl-a4,"A tabular interprovincial comparison of 2012 provincial personal income taxes payable on individual taxable income ranging from $10,000.00 to $150,000.00, includes values for provincial personal income tax as a percentage of taxable income, and with explanatory notes"
Budget 2012 - Revenue Assumptions Tbl A5,Treasury Board Staff,Open Government Licence - British Columbia,file,XLSX,2022-06-01,https://catalogue.data.gov.bc.ca/dataset/budget-2012-revenue-assumptions-tbl-a5,"A tabular presentation of the British Columbia revenue sources and material assumptions, including taxation, natural resource sales, transfers and royalties, health and social transfers, federal contributions, direct service delivery agency revenue, and Crown corporation net income; with updated for"
Budget 2012 - Revenue by Source Tbl 1.8,Treasury Board Staff,Open Government Licence - British Columbia,file,XLSX,2022-06-01,https://catalogue.data.gov.bc.ca/dataset/budget-2012-revenue-by-source-tbl-1-8,"A tabular presentation of British Columbia revenue by source, including taxation, natural resources, other provincial revenue, federal contributions, and commercial Crown corporation net income, with updated forecast values for 2011-12, budget estimates for 2012-13, and planned revenue for 2013-14 a"
Budget 2012 - Sales Taxes Tbl 1.6,Treasury Board Staff,Open Government Licence - British Columbia,file,XLSX,2022-06-01,https://catalogue.data.gov.bc.ca/dataset/budget-2012-sales-taxes-tbl-1-6,"A tabular summary of British Columbia sales tax revenue for fiscal years 2011-12 through 2014-15, including harmonized sales tax, social services tax, designated property tax, and annual percentage growth"
Budget 2012 - Spending Assumptions Tbl A7,Treasury Board Staff,Open Government Licence - British Columbia,file,XLSX,2022-06-01,https://catalogue.data.gov.bc.ca/dataset/budget-2012-spending-assumptions-tbl-a7,"A tabular presentation of the British Columbia Ministry programs and material assumption expenses, including updated forecast values for 2011-12, budget estimates for 2012-13, and planned budget expenses for 2013-14 and 2014-15, with sensitivities potentially affecting 2012-13 estimates"
Budget 2012 - Summary Changes From Budget 2011 Tbl 1.2,Treasury Board Staff,Open Government Licence - British Columbia,file,XLSX,2022-06-01,https://catalogue.data.gov.bc.ca/dataset/budget-2012-summary-changes-from-budget-2011-tbl-1-2,"A tabular summary of the British Columbia fiscal plan update of changes from Budget 2011, including the Budget 2011 fiscal plan, measures to balance the budget, net changes, and the Budget 2012 fiscal plan, for the years 2012-13, 2013-14, 2014-15"
Budget 2012 - Summary Tax Measures Tbl 2.1,Treasury Board Staff,Open Government Licence - British Columbia,file,XLSX,2022-06-01,https://catalogue.data.gov.bc.ca/dataset/budget-2012-summary-tax-measures-tbl-2-1,A tabular presentation of British Columbia summary tax measures with effective dates and taxpayer impacts for fiscal years 2012-13 and 2013-14
Budget 2012 - Supplement to the Estimates,Treasury Board Staff,Open Government Licence - British Columbia,file,XLSX,2022-06-01,https://catalogue.data.gov.bc.ca/dataset/budget-2012-supplement-to-the-estimates,"Tabular Budget 2012 supplementary information for the Fiscal Year Ending March 31, 2013 providing additional information on proposed spending, organized into major categories such as salaries, grants, capital, travel, and operations, including summary and detailed Consolidated Revenue Fund expenses "
Budget 2012 - Supports To Individuals and Families Tbl 1.16,Treasury Board Staff,Open Government Licence - British Columbia,file,XLSX,2022-06-01,https://catalogue.data.gov.bc.ca/dataset/budget-2012-supports-to-individuals-and-families-tbl-1-16,"A tabular presentation of planned costs of direct support to British Columbia individuals and families for the years 2012-13, 2013-14 and 2014-15, includes values for income assistance, support for developmental disabilities and communications assistance"
"Budget 2012 - Tax Expenditure Reports, Appendix Tbl A1.1 To A1.4",Treasury Board Staff,Open Government Licence - British Columbia,file,XLSX,2022-06-01,https://catalogue.data.gov.bc.ca/dataset/budget-2012-tax-expenditure-reports-appendix-tbl-a1-1-to-a1-4,"Tax Expenditure Reports: Table A1.1 - Personal Income Tax - Tax Expenditures, includes estimated 2011-12 costs for provincial and federal measures; Table A1.2 - Corporate Income Tax - Tax Expenditures, includes estimated 2011-12 costs; Table A1.3 - Property Taxes - Tax Expenditures, includes estimat"
"Budget 2012 - Tax Rates 2012, Appendix Tbl A2",Treasury Board Staff,Open Government Licence - British Columbia,file,XLSX,2022-06-01,https://catalogue.data.gov.bc.ca/dataset/budget-2012-tax-rates-2012-appendix-tbl-a2,"A tabular comparison of interprovincial, non-personal 2012 tax rates, as of February 01, 2012"
Budget 2012 - Ten Year Debt Indicators Tbl A19,Treasury Board Staff,Open Government Licence - British Columbia,file,XLSX,2022-06-01,https://catalogue.data.gov.bc.ca/dataset/budget-2012-ten-year-debt-indicators-tbl-a19,"A tabular presentation of British Columbia key provincial debt indicators for the 10 years from 2005 through 2015; including debt to revenue, debt per capita, debt to nominal GDP, interest bite, interest costs, and interest rates; with actual values for 2005-06 through 2011-12, updated forecast valu"
"Budget 2012 - Ten-Year Balance Sheet, Published Version Tbls A15 and A16",Treasury Board Staff,Open Government Licence - British Columbia,file,XLSX,2022-06-01,https://catalogue.data.gov.bc.ca/dataset/budget-2012-ten-year-balance-sheet-published-version-tbls-a15-and-a16,"A tabular presentation of the British Columbia financial position information for the 10 years from 2005 through 2015: Table A15 - Statement of Financial Position, including financial assets and liabilities, capital and other assets, accumulated surplus or deficit, percentage of nominal GDP, growth "
Budget 2012 - Ten-Year Capital Tbl A14,Treasury Board Staff,Open Government Licence - British Columbia,file,XLSX,2022-06-01,https://catalogue.data.gov.bc.ca/dataset/budget-2012-ten-year-capital-tbl-a14,"A tabular presentation of British Columbia capital spending information for the 10 years from 2005 through 2015, including taxpayer-supported and self-supported capital spending , growth rates and capital spending per capita, with actual values for 2005-06 through 2011-12, updated forecast values fo"
Budget 2012 - Ten-Year Debt Tbls A17 and A18,Treasury Board Staff,Open Government Licence - British Columbia,file,XLSX,2022-06-01,https://catalogue.data.gov.bc.ca/dataset/budget-2012-ten-year-debt-tbls-a17-and-a18,"A tabular presentation of British Columbia provincial debt information for the 10 years from 2005 through 2015: Table A17 - Provincial Debt, including taxpayer-supported and self-supported debt, forecast allowance, and total provincial debt, with actual values for 2005-06 through 2011-12, updated fo"
Budget 2012 - Ten-Year Expense Tbls A11 and A12,Treasury Board Staff,Open Government Licence - British Columbia,file,XLSX,2022-06-01,https://catalogue.data.gov.bc.ca/dataset/budget-2012-ten-year-expense-tbls-a11-and-a12,"A tabular presentation of British Columbia expense and supplementary information for the 10 years from 2005 through 2015: Table A11 - Expense by Function, including unusual items and percentage of operating cost, with actual values for 2005-06 through 2011-12, updated forecast values for 2012-13, pl"
Budget 2012 - Ten-Year FTEs Tbl A13,Treasury Board Staff,Open Government Licence - British Columbia,file,XLSX,2022-06-01,https://catalogue.data.gov.bc.ca/dataset/budget-2012-ten-year-ftes-tbl-a13,"A tabular presentation of British Columbia Full-time Equivalent (FTE) information for the 10 years from 2005 through 2015, including taxpayer-supported programs and agencies, growth rates and population by FTE, with actual values for 2005-06 through 2011-12, updated forecast values for 2012-13, plan"
Budget 2012 - Ten-Year Operating Statement Tbl A8,Treasury Board Staff,Open Government Licence - British Columbia,file,XLSX,2022-06-01,https://catalogue.data.gov.bc.ca/dataset/budget-2012-ten-year-operating-statement-tbl-a8,"A tabular presentation of British Columbia operating statements that includes revenue, expense, surplus, and deficit information for the 10 years from 2005 through 2015; including actual values for 2005-06 through 2011-12, updated forecast values for 2012-13, planned values for 2013-14 and 2014-15, "
Budget 2012 - Ten-Year Revenue Tbls A9 and A10,Treasury Board Staff,Open Government Licence - British Columbia,file,XLSX,2022-06-01,https://catalogue.data.gov.bc.ca/dataset/budget-2012-ten-year-revenue-tbls-a9-and-a10,"A tabular presentation of British Columbia revenue and supplementary information for the 10 years from 2005 through 2015: Table A9 - Revenue by Source, including tax revenue, natural resource revenue and other revenue, with actual values for 2005-06 through 2011-12, updated forecast values for 2012-"
Budget 2012 - Third Quarter 2011-12 Changes - Capital Tbl 4.5,Treasury Board Staff,Open Government Licence - British Columbia,file,XLSX,2022-06-01,https://catalogue.data.gov.bc.ca/dataset/budget-2012-third-quarter-2011-12-changes-capital-tbl-4-5,"A tabular presentation of the British Columbia 2011-12 third quarter capital spending update, including revised First, Second, and Third Quarter values and total change"
Budget 2012 - Third Quarter 2011-12 Changes - Debt Tbl 4.6,Treasury Board Staff,Open Government Licence - British Columbia,file,XLSX,2022-06-01,https://catalogue.data.gov.bc.ca/dataset/budget-2012-third-quarter-2011-12-changes-debt-tbl-4-6,"A tabular presentation of the British Columbia 2011-12 third quarter provincial debt update, including revised First, Second, and Third Quarter values and total change"
Budget 2012 - Third Quarter 2011-12 Forecast Changes Tbl 4.2,Treasury Board Staff,Open Government Licence - British Columbia,file,XLSX,2022-06-01,https://catalogue.data.gov.bc.ca/dataset/budget-2012-third-quarter-2011-12-forecast-changes-tbl-4-2,"A tabular presentation of the British Columbia 2011-12 third quarter forecast update, including revised First, Second, and Third Quarter values and total change to revenue, expenditure and forecast allowances"
Budget 2012 - Third Quarter 2011-12 Forecast Update Tbl 4.1,Treasury Board Staff,Open Government Licence - British Columbia,file,XLSX,2022-06-01,https://catalogue.data.gov.bc.ca/dataset/budget-2012-third-quarter-2011-12-forecast-update-tbl-4-1,"A tabular presentation of the British Columbia Budget 2011 quarterly report forecasts, including Budget 2011, First Quarter Report, Second Quarter Report, and Third Quarter Report values for revenue, expense, deficit, capital spending, provincial debt, taxpayer-supported debt-to- GDP ratio, and econ"
Budget 2012 - Third Quarter Balance Sheet Tbl 4.13,Treasury Board Staff,Open Government Licence - British Columbia,file,XLSX,2022-06-01,https://catalogue.data.gov.bc.ca/dataset/budget-2012-third-quarter-balance-sheet-tbl-4-13,"A tabular presentation of the British Columbia 2011-12 third quarter statement of financial position update, including actual values to March 31, 2011, year-to-date values to December 31, 2011, and forecast values to March 31, 2012 for financial assets, liabilitie3s, capital and other non-financial "
"Budget 2012 - Third Quarter Capital to December 31, 2011 Tbl 4.11",Treasury Board Staff,Open Government Licence - British Columbia,file,XLSX,2022-06-01,https://catalogue.data.gov.bc.ca/dataset/budget-2012-third-quarter-capital-to-december-31-2011-tbl-4-11,"A tabular presentation of the British Columbia 2011-12 third quarter update for capital spending, including year-to-date (December 31, 2011) and full year budget values, actual values, variance values and actual 2010-11 values for taxpayer-supported, self-supported and total capital spending"
Budget 2012 - Third Quarter Contingencies Tbl 4.3,Treasury Board Staff,Open Government Licence - British Columbia,file,XLSX,2022-06-01,https://catalogue.data.gov.bc.ca/dataset/budget-2012-third-quarter-contingencies-tbl-4-3,A tabular presentation of the British Columbia 2011-12 third quarter update of notional allocations to contingencies
"Budget 2012 - Third Quarter Debt to December 31, 2011 Tbl 4.12",Treasury Board Staff,Open Government Licence - British Columbia,file,XLSX,2022-06-01,https://catalogue.data.gov.bc.ca/dataset/budget-2012-third-quarter-debt-to-december-31-2011-tbl-4-12,"A tabular presentation of the British Columbia 2011-12 third quarter update for provincial debt, including year-to-date (December 31, 2011) and full year budget values, actual values, variance values and actual 2010-11 values for taxpayer-supported, self-supported and total provincial debt"
Budget 2012 - Third Quarter Expense by Function Tbl 4.10,Treasury Board Staff,Open Government Licence - British Columbia,file,XLSX,2022-06-01,https://catalogue.data.gov.bc.ca/dataset/budget-2012-third-quarter-expense-by-function-tbl-4-10,"A tabular presentation of the British Columbia 2011-12 third quarter update for expense by function, including year-to-date (December 31, 2011) and full year budget values, actual values, variance values and actual 2010-11 values for health, education, social services, other functions, and total exp"
Budget 2012 - Third Quarter Expense by Ministry Tbl 4.9,Treasury Board Staff,Open Government Licence - British Columbia,file,XLSX,2022-06-01,https://catalogue.data.gov.bc.ca/dataset/budget-2012-third-quarter-expense-by-ministry-tbl-4-9,"A tabular presentation of the British Columbia 2011-12 third quarter update for expense by ministry, program and agency, including year-to-date (December 31, 2011) and full year budget values, actual values, variance values and actual 2010-11 values"
Budget 2012 - Third Quarter Revenue Tbl 4.8,Treasury Board Staff,Open Government Licence - British Columbia,file,XLSX,2022-06-01,https://catalogue.data.gov.bc.ca/dataset/budget-2012-third-quarter-revenue-tbl-4-8,"A tabular presentation of the British Columbia 2011-12 third quarter update of revenue by source, including year-to-date (December 31, 2011) and full year budget values, actual values, variance values and actual 2010-11 values for taxation, natural resources, other provincial revenue, federal contri"
Budget 2012 - Third Quarter Summary Tbl 4.7,Treasury Board Staff,Open Government Licence - British Columbia,file,XLSX,2022-06-01,https://catalogue.data.gov.bc.ca/dataset/budget-2012-third-quarter-summary-tbl-4-7,"A tabular presentation of the British Columbia 2011-12 third quarter operating statement update, including year-to-date (December 31, 2011) and full year budget values, actual values, variance values and actual 2010-11 values for revenue, expense, surplus or deficit, forecast allowance, and accumula"
Budget 2012 - Transition Rates To Post-secondary Institutions Tbl 1.14,Treasury Board Staff,Open Government Licence - British Columbia,file,XLSX,2022-06-01,https://catalogue.data.gov.bc.ca/dataset/budget-2012-transition-rates-to-post-secondary-institutions-tbl-1-14,"A tabular presentation of the transition rates for British Columbia students from high school to post-secondary education for the graduation years 2001-02 through 2008-09, includes percentage rates for immediate transition and transition after a two-year delay"
Budget 2012 - Transportation Investment Plan Tbl 1.18,Treasury Board Staff,Open Government Licence - British Columbia,file,XLSX,2022-06-01,https://catalogue.data.gov.bc.ca/dataset/budget-2012-transportation-investment-plan-tbl-1-18,"A tabular presentation of British Columbia provincial transportation investments by Transportation Investment Plan and Provincial Transit Plan infrastructure investment item, including investment funded by partner contributions; with updated forecast values for 2011-12, budget estimates for 2012-13,"
Budget 2012 - United States Real GDP Forecast Tbl 3.3,Treasury Board Staff,Open Government Licence - British Columbia,file,XLSX,2022-06-01,https://catalogue.data.gov.bc.ca/dataset/budget-2012-united-states-real-gdp-forecast-tbl-3-3,"A tabular presentation of the United States real GDP forecast, expressed for 2012 and 2013 as a percent change in real GDP"
Budget 2013 - June update - Supplement to the Estimates,Treasury Board Staff,Open Government Licence - British Columbia,file,CSV XLSX,2022-06-01,https://catalogue.data.gov.bc.ca/dataset/budget-2013-june-update-supplement-to-the-estimates,"Tabular Budget 2013 June update supplementary information for the Fiscal Year Ending March 31, 2014 providing additional information on proposed spending, organized into major categories such as salaries, grants, capital, travel, and operations, including summary and detailed Consolidated Revenue Fu"
Budget 2013 - Supplement to the Estimates,Treasury Board Staff,Open Government Licence - British Columbia,file,CSV XLSX,2022-06-01,https://catalogue.data.gov.bc.ca/dataset/budget-2013-supplement-to-the-estimates,"Tabular Budget 2013 supplementary information for the Fiscal Year Ending March 31, 2014 providing additional information on proposed spending, organized into major categories such as salaries, grants, capital, travel, and operations, including summary and detailed Consolidated Revenue Fund expenses "
Budget 2013 June Update - BC GDP 2011 to 2017 Tbls 3.6.1,Treasury Board Staff,Open Government Licence - British Columbia,file,XLSX,2022-06-01,https://catalogue.data.gov.bc.ca/dataset/budget-2013-june-update-bc-gdp-2011-to-2017-tbls-3-6-1,"Economic Forecasts, including 2011 actual values, 2012 estimated values, and 2013 through 2017 forecast values: numerous measurements of British Columbia Gross Domestic Product"
Budget 2013 June Update - Canadian Real GDP Tbl 3.3,Treasury Board Staff,Open Government Licence - British Columbia,file,XLS,2022-06-01,https://catalogue.data.gov.bc.ca/dataset/budget-2013-june-update-canadian-real-gdp-tbl-3-3,"A tabular presentation of the Canadian real GDP forecast, expressed for 2013 and 2014 as a percent change in real GDP"
Budget 2013 June Update - Capital Expenditure Projects Greater than $50 Million Tbl 1.16,Treasury Board Staff,Open Government Licence - British Columbia,file,XLSX,2022-06-01,https://catalogue.data.gov.bc.ca/dataset/budget-2013-june-update-capital-expenditure-projects-greater-than-50-million-tbl-1-16,"A tabular presentation of the British Columbia capital expenditure projects in excess of $50 million, including schools, post-secondary institutions, health facilities, transportation, power generation and transmission, and other projects; with proposed completion dates, cost to March 31, 2013, proj"
Budget 2013 June Update - Capital Spending Tbl 1.14,Treasury Board Staff,Open Government Licence - British Columbia,file,XLSX,2022-06-01,https://catalogue.data.gov.bc.ca/dataset/budget-2013-june-update-capital-spending-tbl-1-14,"A tabular presentation of British Columbia taxpayer-supported and self-supported capital spending, including updated forecast values for 2012-13, budget estimates for 2013-14, and planned values for 2014-15 and 2015-16"
Budget 2013 June Update - Carbon Tax Tbls Tbl 1 and Tbl 2,Treasury Board Staff,Open Government Licence - British Columbia,file,XLSX,2022-06-01,https://catalogue.data.gov.bc.ca/dataset/budget-2013-june-update-carbon-tax-tbls-tbl-1-and-tbl-2,"Carbon Tax Topic Box Tables: Table 1 - Revenue Neutral Carbon Tax Report 2011-12 and 2012-13, includes carbon tax revenue offset by designated personal and corporate tax measures for fiscal years 2011-12 and 2012-13; Table 2 - Revenue Neutral Carbon Tax Plan 2013-14 to 2015-16, includes carbon tax r"
Budget 2013 June Update - Changes From February 2013 Budget Tbl 1.2,Treasury Board Staff,Open Government Licence - British Columbia,file,XLSX,2022-06-01,https://catalogue.data.gov.bc.ca/dataset/budget-2013-june-update-changes-from-february-2013-budget-tbl-1-2,A tabular summary of the British Columbia fiscal plan update of changes from the February 2013 Budget
Budget 2013 June Update - Components of BC GDP 2011 to 2017 Tbls 3.6.2,Treasury Board Staff,Open Government Licence - British Columbia,file,XLSX,2022-06-01,https://catalogue.data.gov.bc.ca/dataset/budget-2013-june-update-components-of-bc-gdp-2011-to-2017-tbls-3-6-2,"Economic Forecasts, including 2011 actual values, 2012 estimated values, and 2013 through 2017 forecast values: components of British Columbia Real Gross Gross Domestic Product"
Budget 2013 June Update - Components of Nominal Income and Expenditure 2011 to 2017 Tbls 3.6.3,Treasury Board Staff,Open Government Licence - British Columbia,file,XLSX,2022-06-01,https://catalogue.data.gov.bc.ca/dataset/budget-2013-june-update-components-of-nominal-income-and-expenditure-2011-to-2017-tbls-3-6-3,"Economic Forecasts, including 2011 actual values, 2012 estimated values, and 2013 through 2017 forecast values: components of British Columbia Real Nominal Income and Expenditure"
Budget 2013 June Update - Corporate Income Tax Revenue Tbl 1.5,Treasury Board Staff,Open Government Licence - British Columbia,file,XLSX,2022-06-01,https://catalogue.data.gov.bc.ca/dataset/budget-2013-june-update-corporate-income-tax-revenue-tbl-1-5,"A tabular summary of British Columbia corporate income tax revenue for fiscal years 2012-13 through 2015-16, including annual percentage growth"
Budget 2013 June Update - Deficit to Debt Reconciliation Tbl 1.19,Treasury Board Staff,Open Government Licence - British Columbia,file,XLSX,2022-06-01,https://catalogue.data.gov.bc.ca/dataset/budget-2013-june-update-deficit-to-debt-reconciliation-tbl-1-19,"A tabular presentation of British Columbia reconciliation of debt summary results to provincial debt changes based on annual surplus or deficit, capital and other asset changes, other debt changes, and total percentage debt increase; including updated forecast values for 2012-13, budget estimates fo"
Budget 2013 June Update - Economic Indicators Tbl 3.1,Treasury Board Staff,Open Government Licence - British Columbia,file,XLS,2022-06-01,https://catalogue.data.gov.bc.ca/dataset/budget-2013-june-update-economic-indicators-tbl-3-1,"A tabular presentation of British Columbia economic indicators, includes percent changes in six economic measures for the fourth quarter, 2012; the first quarter, 2013; and annual change 2012-13"
Budget 2013 June Update - Exchange Rate Tbl 3.5,Treasury Board Staff,Open Government Licence - British Columbia,file,XLS,2022-06-01,https://catalogue.data.gov.bc.ca/dataset/budget-2013-june-update-exchange-rate-tbl-3-5,"A tabular presentation of private sector exchange rate forecasts, includes 2013 and 2014 average annual exchange rate by financial institution, for conversion of United States cents to Canadian dollars, as of May 23,2013"
Budget 2013 June Update - Expense by Ministry Tbl 1.9,Treasury Board Staff,Open Government Licence - British Columbia,file,XLSX,2022-06-01,https://catalogue.data.gov.bc.ca/dataset/budget-2013-june-update-expense-by-ministry-tbl-1-9,"A tabular presentation of British Columbia expense by ministry, program and agency, including updated forecast values for 2012-13, budget estimates for 2013-14, and planned expense for 2014-15 and 2015-16"
Budget 2013 June Update - Federal Contributions Tbl 1.7,Treasury Board Staff,Open Government Licence - British Columbia,file,XLSX,2022-06-01,https://catalogue.data.gov.bc.ca/dataset/budget-2013-june-update-federal-contributions-tbl-1-7,A tabular summary of federal contributions and transfers to British Columbia programs for fiscal years 2012-13 through 2015-16
Budget 2013 June Update - Health Funding Plan Tbl 1.11,Treasury Board Staff,Open Government Licence - British Columbia,file,XLSX,2022-06-01,https://catalogue.data.gov.bc.ca/dataset/budget-2013-june-update-health-funding-plan-tbl-1-11,"A tabular presentation of planned British Columbia health care funding by source for the years 2013-14, 2014-15 and 2015-16, including values for total revenue, total expenditure and health care costs in excess of revenue"
Budget 2013 June Update - Key Fiscal Sensitivities Tbl 1.20,Treasury Board Staff,Open Government Licence - British Columbia,file,XLSX,2022-06-01,https://catalogue.data.gov.bc.ca/dataset/budget-2013-june-update-key-fiscal-sensitivities-tbl-1-20,"A tabular presentation of the current British Columbia key fiscal sensitivities by variable, monetary or percentage increase, and annual fiscal impact"
Budget 2013 June Update - Labour Market Indicators 2011 to 2017 Tbls 3.6.4,Treasury Board Staff,Open Government Licence - British Columbia,file,XLSX,2022-06-01,https://catalogue.data.gov.bc.ca/dataset/budget-2013-june-update-labour-market-indicators-2011-to-2017-tbls-3-6-4,"Economic Forecasts, including 2011 actual values, 2012 estimated values, and 2013 through 2017 forecast values: British Columbia Labour Market Indicators"
Budget 2013 June Update - Major Economic Assumptions 2011 to 2017 Tbls 3.6.5,Treasury Board Staff,Open Government Licence - British Columbia,file,XLSX,2022-06-01,https://catalogue.data.gov.bc.ca/dataset/budget-2013-june-update-major-economic-assumptions-2011-to-2017-tbls-3-6-5,"Economic Forecasts, including 2011 actual values, 2012 estimated values, and 2013 through 2017 forecast values: Major Economic Assumptions for British Columbia; GDP, Industrial Production, Housing Starts, Consumer Price Index, Cdn interest rates, US interest rates and exchange rates, Export Price De"
Budget 2013 June Update - Major Factors Underlying Revenue Tbl 1.3,Treasury Board Staff,Open Government Licence - British Columbia,file,XLSX,2022-06-01,https://catalogue.data.gov.bc.ca/dataset/budget-2013-june-update-major-factors-underlying-revenue-tbl-1-3,"A tabular presentation of the major factors underlying British Columbia revenue by percentage growth of key revenue items as of June 27, 2013 and February 19, 2013; with annual values for 2012 through 2015 and fiscal year values for 2012-13 through 2015-16"
Budget 2013 June Update - Natural Gas Price Forecast Tbl A6,Treasury Board Staff,Open Government Licence - British Columbia,file,XLSX,2022-06-01,https://catalogue.data.gov.bc.ca/dataset/budget-2013-june-update-natural-gas-price-forecast-tbl-a6,"A tabular presentation of private sector forecasts of British Columbia natural gas prices for the calendar years 2013, 2014 and 2015, including values adjusted to the fiscal years 2013-14, 2014-15 and 2015-16"
Budget 2013 June Update - Notional Allocations To Contingencies Tbl 1.21,Treasury Board Staff,Open Government Licence - British Columbia,file,XLSX,2022-06-01,https://catalogue.data.gov.bc.ca/dataset/budget-2013-june-update-notional-allocations-to-contingencies-tbl-1-21,"A tabular presentation of British Columbia notional allocations to contingencies and allowances for unforeseen pressures for the years 2013-14, 2014-15, 2015-16"
Budget 2013 June Update - Personal Income Tax Revenue Tbl 1.4,Treasury Board Staff,Open Government Licence - British Columbia,file,XLSX,2022-06-01,https://catalogue.data.gov.bc.ca/dataset/budget-2013-june-update-personal-income-tax-revenue-tbl-1-4,"A tabular summary of British Columbia personal income tax revenue for fiscal years 2012-13 through 2015-16, including basic PIT revenue, Budget 2013 June Update revenue, annual revenue growth, annual personal income growth, annual labour income growth, and elasticity"
Budget 2013 June Update - Private Sector Canadian Interest Rate Forecasts Tbl 3.4,Treasury Board Staff,Open Government Licence - British Columbia,file,XLS,2022-06-01,https://catalogue.data.gov.bc.ca/dataset/budget-2013-june-update-private-sector-canadian-interest-rate-forecasts-tbl-3-4,"A tabular presentation of private sector Canadian interest rate forecast, includes 2013 and 2014 average annual percent interest rate by financial institution, for both 3-month Treasury Bills and 10-year Government Bonds, as of May 23, 2013"
Budget 2013 June Update - Provincial And Federal Taxes - Appendix Tbl A3,Treasury Board Staff,Open Government Licence - British Columbia,file,XLSX,2022-06-01,https://catalogue.data.gov.bc.ca/dataset/budget-2013-june-update-provincial-and-federal-taxes-appendix-tbl-a3,"A tabular presentation of provincial and federal 2013 taxes by province, including several sample values per two income family of four, unattached individual, and senior couple; with explanatory notes"
Budget 2013 June Update - Provincial Borrowing Requirements Tbl 1.18,Treasury Board Staff,Open Government Licence - British Columbia,file,XLSX,2022-06-01,https://catalogue.data.gov.bc.ca/dataset/budget-2013-june-update-provincial-borrowing-requirements-tbl-1-18,"A tabular presentation of British Columbia provincial borrowing requirements based on total debt at the beginning of the year, total debt at the end of the year, and percentage annual debt growth; including updated forecast values for 2012-13, budget estimates for 2013-14, and planned values for 201"
Budget 2013 June Update - Provincial Debt Summary Tbl 1.17,Treasury Board Staff,Open Government Licence - British Columbia,file,XLSX,2022-06-01,https://catalogue.data.gov.bc.ca/dataset/budget-2013-june-update-provincial-debt-summary-tbl-1-17,"A tabular summary of British Columbia taxpayer-supported and self-supported provincial debt, including direct operating values, forecast allowance, total provincial debt, debt at a percentage of GDP, taxpayer-supported debt per capita, and taxpayer-supported interest bite; with updated forecast valu"
Budget 2013 June Update - Provincial Personal Income Taxes - Appendix Tbl A4,Treasury Board Staff,Open Government Licence - British Columbia,file,XLSX,2022-06-01,https://catalogue.data.gov.bc.ca/dataset/budget-2013-june-update-provincial-personal-income-taxes-appendix-tbl-a4,"A tabular interprovincial comparison of 2013 provincial personal income taxes payable on individual taxable income ranging from $10,000.00 to $150,000.00, includes values for provincial personal income tax as a percentage of taxable income, and with explanatory notes"
Budget 2013 June Update - Revenue Assumptions Tbl A5,Treasury Board Staff,Open Government Licence - British Columbia,file,XLSX,2022-06-01,https://catalogue.data.gov.bc.ca/dataset/budget-2013-june-update-revenue-assumptions-tbl-a5,"A tabular presentation of the British Columbia revenue sources and material assumptions, including taxation, natural resource sales, transfers and royalties, health and social transfers, federal contributions, direct service delivery agency revenue, and Crown corporation net income; with budget esti"
Budget 2013 June Update - Revenue by Source Tbl 1.8,Treasury Board Staff,Open Government Licence - British Columbia,file,XLSX,2022-06-01,https://catalogue.data.gov.bc.ca/dataset/budget-2013-june-update-revenue-by-source-tbl-1-8,"A tabular presentation of British Columbia revenue by source, including taxation, natural resources, other provincial revenue, federal contributions, and commercial Crown corporation net income, with updated forecast values for 2012-13, budget estimates for 2013-14, and planned revenue for 2014-15 a"
Budget 2013 June Update - Sales Taxes Tbl 1.6,Treasury Board Staff,Open Government Licence - British Columbia,file,XLSX,2022-06-01,https://catalogue.data.gov.bc.ca/dataset/budget-2013-june-update-sales-taxes-tbl-1-6,"A tabular summary of British Columbia sales tax revenue for fiscal years 2012-13 through 2015-16, including annual percentage growth"
Budget 2013 June Update - Spending Assumptions Tbl A7,Treasury Board Staff,Open Government Licence - British Columbia,file,XLSX,2022-06-01,https://catalogue.data.gov.bc.ca/dataset/budget-2013-june-update-spending-assumptions-tbl-a7,"A tabular presentation of the British Columbia Ministry programs and material assumption expenses, including budget estimates for 2013-14, and planned budget expenses for 2014-15 and 2015-16, with sensitivities potentially affecting 2013-14 estimates"
Budget 2013 June Update - Summary Tax Measures Tbl 2.1,Treasury Board Staff,Open Government Licence - British Columbia,file,XLSX,2022-06-01,https://catalogue.data.gov.bc.ca/dataset/budget-2013-june-update-summary-tax-measures-tbl-2-1,A tabular presentation of British Columbia summary tax measures with effective dates and taxpayer impacts for fiscal years 2013-14 and 2014-15
Budget 2013 June Update - Support for Families - Individuals and Community Safety Tbl 1.13,Treasury Board Staff,Open Government Licence - British Columbia,file,XLSX,2022-06-01,https://catalogue.data.gov.bc.ca/dataset/budget-2013-june-update-support-for-families-individuals-and-community-safety-tbl-1-13,"A tabular presentation of planned costs of direct support to British Columbia families, individuals and community safety for the years 2013-14, 2014-15 and 2015-16."
Budget 2013 June Update - Support forArts - Education and Economic Initiatives Tbl 1.12,Treasury Board Staff,Open Government Licence - British Columbia,file,XLSX,2022-06-01,https://catalogue.data.gov.bc.ca/dataset/budget-2013-june-update-support-forarts-education-and-economic-initiatives-tbl-1-12,"A tabular presentation of planned costs of direct support for arts, education and economic initiatives for the years 2013-14, 2014-15 and 2015-16."
Budget 2013 June Update - Tax Expenditure Reports - Appendix Tbl A1.1 To A1.4,Treasury Board Staff,Open Government Licence - British Columbia,file,XLSX,2022-06-01,https://catalogue.data.gov.bc.ca/dataset/budget-2013-june-update-tax-expenditure-reports-appendix-tbl-a1-1-to-a1-4,"Tax Expenditure Reports: Table A1.1 - Personal Income Tax - Tax Expenditures, includes estimated 2012-13 costs for provincial and federal measures; Table A1.2 - Corporate Income Tax - Tax Expenditures, includes estimated 2012-13 costs; Table A1.3 - Property Taxes - Tax Expenditures, includes estimat"
Budget 2013 June Update - Tax Rates 2013 June Update - Appendix Tbl A2,Treasury Board Staff,Open Government Licence - British Columbia,file,XLSX,2022-06-01,https://catalogue.data.gov.bc.ca/dataset/budget-2013-june-update-tax-rates-2013-june-update-appendix-tbl-a2,"A tabular comparison of interprovincial, non-personal 2013 tax rates, as of June 1, 2013"
Budget 2013 June Update - Ten Year Debt Indicators Tbl A19,Treasury Board Staff,Open Government Licence - British Columbia,file,XLSX,2022-06-01,https://catalogue.data.gov.bc.ca/dataset/budget-2013-june-update-ten-year-debt-indicators-tbl-a19,"A tabular presentation of British Columbia key provincial debt indicators for the 10 years from 2006/07 through 2015/16; including debt to revenue, debt per capita, debt to nominal GDP, interest bite, interest costs, and interest rates; with actual values for 2006-07 through 2011-12, updated forecas"
Budget 2013 June Update - Ten-Year Balance Sheet - Published Version Tbls A15 and A16,Treasury Board Staff,Open Government Licence - British Columbia,file,XLSX,2022-06-01,https://catalogue.data.gov.bc.ca/dataset/budget-2013-june-update-ten-year-balance-sheet-published-version-tbls-a15-and-a16,"A tabular presentation of the British Columbia financial position information for the 10 years from 2006/07 through 2015/16: Table A15 - Statement of Financial Position, including financial assets and liabilities, capital and other assets, accumulated surplus or deficit, percentage of nominal GDP, g"
Budget 2013 June Update - Ten-Year Capital Tbl A14,Treasury Board Staff,Open Government Licence - British Columbia,file,XLSX,2022-06-01,https://catalogue.data.gov.bc.ca/dataset/budget-2013-june-update-ten-year-capital-tbl-a14,"A tabular presentation of British Columbia capital spending information for the 10 years from 2006/07 through 2015/16, including taxpayer-supported and self-supported capital spending , growth rates and capital spending per capita, with actual values for 2006-07 through 2011-12, updated forecast val"
Budget 2013 June Update - Ten-Year Debt Tbls A17 and A18,Treasury Board Staff,Open Government Licence - British Columbia,file,XLSX,2022-06-01,https://catalogue.data.gov.bc.ca/dataset/budget-2013-june-update-ten-year-debt-tbls-a17-and-a18,"A tabular presentation of British Columbia provincial debt information for the 10 years from 2006/07 through 2015/16: Table A17 - Provincial Debt, including taxpayer-supported and self-supported debt, forecast allowance, and total provincial debt, with actual values for 2006-07 through 2011-12, upda"
Budget 2013 June Update - Ten-Year Expense Tbls A11 and A12,Treasury Board Staff,Open Government Licence - British Columbia,file,XLSX,2022-06-01,https://catalogue.data.gov.bc.ca/dataset/budget-2013-june-update-ten-year-expense-tbls-a11-and-a12,"A tabular presentation of British Columbia expense and supplementary information for the 10 years from 2006/07 through 2015/16: Table A11 - Expense by Function, including unusual items and percentage of operating cost, with actual values for 2006-07 through 2011-12, updated forecast values for 2012-"
Budget 2013 June Update - Ten-Year FTEs Tbl A13,Treasury Board Staff,Open Government Licence - British Columbia,file,XLSX,2022-06-01,https://catalogue.data.gov.bc.ca/dataset/budget-2013-june-update-ten-year-ftes-tbl-a13,"A tabular presentation of British Columbia Full-time Equivalent (FTE) information for the 10 years from 2006/07 through 2015/16, including taxpayer-supported programs and agencies, growth rates and population by FTE, with actual values for 2006-07 through 2011-12, updated forecast values for 2012-13"
Budget 2013 June Update - Ten-Year Operating Statement Tbl A8,Treasury Board Staff,Open Government Licence - British Columbia,file,XLSX,2022-06-01,https://catalogue.data.gov.bc.ca/dataset/budget-2013-june-update-ten-year-operating-statement-tbl-a8,"A tabular presentation of British Columbia operating statements for the 10 years 2006/07 through 2015/16 that includes revenue, expense, surplus, and deficit information; including actual values for 2006-07 through 2011-12, updated forecast values for 2012-13, planned values for 2013-14 to 2015-16, "
Budget 2013 June Update - Ten-Year Revenue Tbls A9 and A10,Treasury Board Staff,Open Government Licence - British Columbia,file,XLSX,2022-06-01,https://catalogue.data.gov.bc.ca/dataset/budget-2013-june-update-ten-year-revenue-tbls-a9-and-a10,"A tabular presentation of British Columbia revenue and supplementary information for the 10 years 2006/07 through 2015/16: Table A9 - Revenue by Source, including tax revenue, natural resource revenue and other revenue, with actual values for 2006-07 through 2011-12, updated forecast values for 2012"
Budget 2013 June Update - Three Year Fiscal Plan Tbl 1.1,Treasury Board Staff,Open Government Licence - British Columbia,file,XLSX,2022-06-01,https://catalogue.data.gov.bc.ca/dataset/budget-2013-june-update-three-year-fiscal-plan-tbl-1-1,"A tabular presentation of the British Columbia three year fiscal plan, including revenue, expense, surplus or deficit, capital spending, provincial debt, taxpayer-supported debt-to- GDP ratio, and economic forecast; with updated forecast values for 2012-13, budget estimates for 2013-14, and planned "
Budget 2013 June Update - Transportation Investment Tbl 1.15,Treasury Board Staff,Open Government Licence - British Columbia,file,XLSX,2022-06-01,https://catalogue.data.gov.bc.ca/dataset/budget-2013-june-update-transportation-investment-tbl-1-15,"A tabular presentation of British Columbia provincial transportation investments by Transportation Investment Plan and Provincial Transit Plan infrastructure investment item, including investment funded by partner contributions; with updated forecast values for 2012-13, budget estimates for 2013-14,"
Budget 2013 June Update - United States Real GDP Forecast Tbl 3.2,Treasury Board Staff,Open Government Licence - British Columbia,file,XLS,2022-06-01,https://catalogue.data.gov.bc.ca/dataset/budget-2013-june-update-united-states-real-gdp-forecast-tbl-3-2,"A tabular presentation of the United States real GDP forecast, expressed for 2013 and 2014 as a percent change in real GDP"
Budget 2014 - BC Economic Indicators Tbl 3.1,Treasury Board Staff,Open Government Licence - British Columbia,file,XLS,2022-06-01,https://catalogue.data.gov.bc.ca/dataset/budget-2014-bc-economic-indicators-tbl-3-1,"A tabular presentation of British Columbia economic indicators, includes percent changes in six economic measures for the fourth quarter, 2012; the first quarter, 2013; and annual change 2012-13"
Budget 2014 - BC GDP 2012 to 2018 Tbls 3.6.1,Treasury Board Staff,Open Government Licence - British Columbia,file,XLSX,2022-06-01,https://catalogue.data.gov.bc.ca/dataset/budget-2014-bc-gdp-2012-to-2018-tbls-3-6-1,"Economic Forecasts, including 2011 actual values, 2012 estimated values, and 2013 through 2017 forecast values: numerous measurements of British Columbia Gross Domestic Product"
Budget 2014 - Benefiting the Environment and Economic Development Tbl 1.12,Treasury Board Staff,Open Government Licence - British Columbia,file,XLSX,2022-06-01,https://catalogue.data.gov.bc.ca/dataset/budget-2014-benefiting-the-environment-and-economic-development-tbl-1-12,"A tabular presentation of planned costs of direct support to British Columbia families, individuals and community safety for the years 2013-14, 2014-15 and 2015-16."
Budget 2014 - Canadian Real GDP Forecast Tbl 3.3,Treasury Board Staff,Open Government Licence - British Columbia,file,XLS,2022-06-01,https://catalogue.data.gov.bc.ca/dataset/budget-2014-canadian-real-gdp-forecast-tbl-3-3,"A tabular presentation of the Canadian real GDP forecast, expressed for 2013 and 2014 as a percent change in real GDP"
Budget 2014 - Capital Expenditure Projects Greater than $50 Million Tbl 1.15,Treasury Board Staff,Open Government Licence - British Columbia,file,XLSX,2022-06-01,https://catalogue.data.gov.bc.ca/dataset/budget-2014-capital-expenditure-projects-greater-than-50-million-tbl-1-15,"A tabular presentation of the British Columbia capital expenditure projects in excess of $50 million, including schools, post-secondary institutions, health facilities, transportation, power generation and transmission, and other projects; with proposed completion dates, cost to March 31, 2013, proj"
Budget 2014 - Capital Spending Tbl 1.13,Treasury Board Staff,Open Government Licence - British Columbia,file,XLSX,2022-06-01,https://catalogue.data.gov.bc.ca/dataset/budget-2014-capital-spending-tbl-1-13,"A tabular presentation of British Columbia taxpayer-supported and self-supported capital spending, including updated forecast values for 2012-13, budget estimates for 2013-14, and planned values for 2014-15 and 2015-16"
"Budget 2014 - Carbon Tax Plan, 2014-15 to 2016-17, Topic Box Tbl 2",Treasury Board Staff,Open Government Licence - British Columbia,file,XLSX,2022-06-01,https://catalogue.data.gov.bc.ca/dataset/budget-2014-carbon-tax-plan-2014-15-to-2016-17-topic-box-tbl-2,"Carbon Tax Topic Box Tables: Table 1 - Revenue Neutral Carbon Tax Report 2011-12 and 2012-13, includes carbon tax revenue offset by designated personal and corporate tax measures for fiscal years 2011-12 and 2012-13; Table 2 - Revenue Neutral Carbon Tax Plan 2013-14 to 2015-16, includes carbon tax r"
"Budget 2014 - Carbon Tax Report, 2012-13 to 2013-14, Topic Box Tbl 1",Treasury Board Staff,Open Government Licence - British Columbia,file,XLSX,2022-06-01,https://catalogue.data.gov.bc.ca/dataset/budget-2014-carbon-tax-report-2012-13-to-2013-14-topic-box-tbl-1,"Carbon Tax Topic Box Tables: Table 1 - Revenue Neutral Carbon Tax Report 2011-12 and 2012-13, includes carbon tax revenue offset by designated personal and corporate tax measures for fiscal years 2011-12 and 2012-13; Table 2 - Revenue Neutral Carbon Tax Plan 2013-14 to 2015-16, includes carbon tax r"
Budget 2014 - Components of BC Real GDP 2012 to 2018 Tbls 3.6.2,Treasury Board Staff,Open Government Licence - British Columbia,file,XLSX,2022-06-01,https://catalogue.data.gov.bc.ca/dataset/budget-2014-components-of-bc-real-gdp-2012-to-2018-tbls-3-6-2,"Economic Forecasts, including 2011 actual values, 2012 estimated values, and 2013 through 2017 forecast values: components of British Columbia Real Gross Gross Domestic Product"
Budget 2014 - Components of Nominal Income and Expenditure 2012 to 2018 Tbls 3.6.3,Treasury Board Staff,Open Government Licence - British Columbia,file,XLSX,2022-06-01,https://catalogue.data.gov.bc.ca/dataset/budget-2014-components-of-nominal-income-and-expenditure-2012-to-2018-tbls-3-6-3,"Economic Forecasts, including 2011 actual values, 2012 estimated values, and 2013 through 2017 forecast values: components of British Columbia Real Nominal Income and Expenditure"
Budget 2014 - Corporate Income Tax Revenue Tbl 1.4,Treasury Board Staff,Open Government Licence - British Columbia,file,XLSX,2022-06-01,https://catalogue.data.gov.bc.ca/dataset/budget-2014-corporate-income-tax-revenue-tbl-1-4,"A tabular summary of British Columbia corporate income tax revenue for fiscal years 2012-13 through 2015-16, including annual percentage growth"
Budget 2014 - Deficit to Debt Reconciliation Tbl 1.18,Treasury Board Staff,Open Government Licence - British Columbia,file,XLSX,2022-06-01,https://catalogue.data.gov.bc.ca/dataset/budget-2014-deficit-to-debt-reconciliation-tbl-1-18,"A tabular presentation of British Columbia reconciliation of debt summary results to provincial debt changes based on annual surplus or deficit, capital and other asset changes, other debt changes, and total percentage debt increase; including updated forecast values for 2012-13, budget estimates fo"
Budget 2014 - Expense by Ministry Tbl 1.8,Treasury Board Staff,Open Government Licence - British Columbia,file,XLSX,2022-06-01,https://catalogue.data.gov.bc.ca/dataset/budget-2014-expense-by-ministry-tbl-1-8,"A tabular presentation of British Columbia expense by ministry, program and agency, including updated forecast values for 2012-13, budget estimates for 2013-14, and planned expense for 2014-15 and 2015-16"
Budget 2014 - Federal Contributions Tbl 1.6,Treasury Board Staff,Open Government Licence - British Columbia,file,XLSX,2022-06-01,https://catalogue.data.gov.bc.ca/dataset/budget-2014-federal-contributions-tbl-1-6,A tabular summary of federal contributions and transfers to British Columbia programs for fiscal years 2012-13 through 2015-16
Budget 2014 - Key Fiscal Sensitivities Tbl 1.19,Treasury Board Staff,Open Government Licence - British Columbia,file,XLSX,2022-06-01,https://catalogue.data.gov.bc.ca/dataset/budget-2014-key-fiscal-sensitivities-tbl-1-19,"A tabular presentation of the current British Columbia key fiscal sensitivities by variable, monetary or percentage increase, and annual fiscal impact"
Budget 2014 - Labour Market Indicators 2012 to 2018 Tbls 3.6.4,Treasury Board Staff,Open Government Licence - British Columbia,file,XLSX,2022-06-01,https://catalogue.data.gov.bc.ca/dataset/budget-2014-labour-market-indicators-2012-to-2018-tbls-3-6-4,"Economic Forecasts, including 2011 actual values, 2012 estimated values, and 2013 through 2017 forecast values: British Columbia Labour Market Indicators"
Budget 2014 - Major Economic Assumptions 2012 to 2018 Tbls 3.6.5,Treasury Board Staff,Open Government Licence - British Columbia,file,XLSX,2022-06-01,https://catalogue.data.gov.bc.ca/dataset/budget-2014-major-economic-assumptions-2012-to-2018-tbls-3-6-5,"Economic Forecasts, including 2011 actual values, 2012 estimated values, and 2013 through 2017 forecast values: Major Economic Assumptions for British Columbia; GDP, Industrial Production, Housing Starts, Consumer Price Index, Cdn interest rates, US interest rates and exchange rates, Export Price De"
Budget 2014 - Major Factors Underlying Revenue Tbl 1.2,Treasury Board Staff,Open Government Licence - British Columbia,file,XLSX,2022-06-01,https://catalogue.data.gov.bc.ca/dataset/budget-2014-major-factors-underlying-revenue-tbl-1-2,"A tabular presentation of the major factors underlying British Columbia revenue by percentage growth of key revenue items as of June 27, 2013 and February 19, 2013; with annual values for 2012 through 2015 and fiscal year values for 2012-13 through 2015-16"
Budget 2014 - Material Revenue Assumptions Tbl A5,Treasury Board Staff,Open Government Licence - British Columbia,file,XLSX,2022-06-01,https://catalogue.data.gov.bc.ca/dataset/budget-2014-material-revenue-assumptions-tbl-a5,"A tabular presentation of the British Columbia revenue sources and material assumptions, including taxation, natural resource sales, transfers and royalties, health and social transfers, federal contributions, direct service delivery agency revenue, and Crown corporation net income; with budget esti"
Budget 2014 - Natural Gas Price Forecasts Tbl A6,Treasury Board Staff,Open Government Licence - British Columbia,file,XLSX,2022-06-01,https://catalogue.data.gov.bc.ca/dataset/budget-2014-natural-gas-price-forecasts-tbl-a6,"A tabular presentation of private sector forecasts of British Columbia natural gas prices for the calendar years 2013, 2014 and 2015, including values adjusted to the fiscal years 2013-14, 2014-15 and 2015-16"
Budget 2014 - Personal Income Tax Revenue Tbl 1.3,Treasury Board Staff,Open Government Licence - British Columbia,file,XLSX,2022-06-01,https://catalogue.data.gov.bc.ca/dataset/budget-2014-personal-income-tax-revenue-tbl-1-3,"A tabular summary of British Columbia personal income tax revenue for fiscal years 2012-13 through 2015-16, including basic PIT revenue, Budget 2013 June Update revenue, annual revenue growth, annual personal income growth, annual labour income growth, and elasticity"
Budget 2014 - Private Sector Canadian Interest Rate Forecasts Tbl 3.4,Treasury Board Staff,Open Government Licence - British Columbia,file,XLS,2022-06-01,https://catalogue.data.gov.bc.ca/dataset/budget-2014-private-sector-canadian-interest-rate-forecasts-tbl-3-4,"A tabular presentation of private sector Canadian interest rate forecast, includes 2013 and 2014 average annual percent interest rate by financial institution, for both 3-month Treasury Bills and 10-year Government Bonds, as of May 23, 2013"
Budget 2014 - Provincial Borrowing Requirements Tbl 1.17,Treasury Board Staff,Open Government Licence - British Columbia,file,XLSX,2022-06-01,https://catalogue.data.gov.bc.ca/dataset/budget-2014-provincial-borrowing-requirements-tbl-1-17,"A tabular presentation of British Columbia provincial borrowing requirements based on total debt at the beginning of the year, total debt at the end of the year, and percentage annual debt growth; including updated forecast values for 2012-13, budget estimates for 2013-14, and planned values for 201"
Budget 2014 - Provincial Debt Summary Tbl 1.16,Treasury Board Staff,Open Government Licence - British Columbia,file,XLSX,2022-06-01,https://catalogue.data.gov.bc.ca/dataset/budget-2014-provincial-debt-summary-tbl-1-16,"A tabular summary of British Columbia taxpayer-supported and self-supported provincial debt, including direct operating values, forecast allowance, total provincial debt, debt at a percentage of GDP, taxpayer-supported debt per capita, and taxpayer-supported interest bite; with updated forecast valu"
"Budget 2014 - Provincial Personal Income Taxes Comparison, Appendix Tbl A4",Treasury Board Staff,Open Government Licence - British Columbia,file,XLSX,2022-06-01,https://catalogue.data.gov.bc.ca/dataset/budget-2014-provincial-personal-income-taxes-comparison-appendix-tbl-a4,"A tabular interprovincial comparison of 2013 provincial personal income taxes payable on individual taxable income ranging from $10,000.00 to $150,000.00, includes values for provincial personal income tax as a percentage of taxable income, and with explanatory notes"
"Budget 2014 - Provincial Tax Rates Comparison 2014, Appendix Tbl A2",Treasury Board Staff,Open Government Licence - British Columbia,file,XLSX,2022-06-01,https://catalogue.data.gov.bc.ca/dataset/budget-2014-provincial-tax-rates-comparison-2014-appendix-tbl-a2,"A tabular comparison of interprovincial, non-personal 2013 tax rates, as of June 1, 2013"
Budget 2014 - Provincial Transportation Investment Tbl 1.14,Treasury Board Staff,Open Government Licence - British Columbia,file,XLSX,2022-06-01,https://catalogue.data.gov.bc.ca/dataset/budget-2014-provincial-transportation-investment-tbl-1-14,"A tabular presentation of British Columbia provincial transportation investments by Transportation Investment Plan and Provincial Transit Plan infrastructure investment item, including investment funded by partner contributions; with updated forecast values for 2012-13, budget estimates for 2013-14,"
"Budget 2014 - Provincial and Federal Taxes by Province, Appendix Tbl A3",Treasury Board Staff,Open Government Licence - British Columbia,file,XLSX,2022-06-01,https://catalogue.data.gov.bc.ca/dataset/budget-2014-provincial-and-federal-taxes-by-province-appendix-tbl-a3,"A tabular presentation of provincial and federal 2013 taxes by province, including several sample values per two income family of four, unattached individual, and senior couple; with explanatory notes"
Budget 2014 - Revenue by Source Tbl 1.7,Treasury Board Staff,Open Government Licence - British Columbia,file,XLSX,2022-06-01,https://catalogue.data.gov.bc.ca/dataset/budget-2014-revenue-by-source-tbl-1-7,"A tabular presentation of British Columbia revenue by source, including taxation, natural resources, other provincial revenue, federal contributions, and commercial Crown corporation net income, with updated forecast values for 2012-13, budget estimates for 2013-14, and planned revenue for 2014-15 a"
Budget 2014 - Sales Taxes Tbl 1.5,Treasury Board Staff,Open Government Licence - British Columbia,file,XLSX,2022-06-01,https://catalogue.data.gov.bc.ca/dataset/budget-2014-sales-taxes-tbl-1-5,"A tabular summary of British Columbia sales tax revenue for fiscal years 2012-13 through 2015-16, including annual percentage growth"
Budget 2014 - Summary Tax Measures Tbl 2.1,Treasury Board Staff,Open Government Licence - British Columbia,file,XLSX,2022-06-01,https://catalogue.data.gov.bc.ca/dataset/budget-2014-summary-tax-measures-tbl-2-1,A tabular presentation of British Columbia summary tax measures with effective dates and taxpayer impacts for fiscal years 2013-14 and 2014-15
Budget 2014 - Supplement to the Estimates,Treasury Board Staff,Open Government Licence - British Columbia,file,CSV XLS,2022-06-01,https://catalogue.data.gov.bc.ca/dataset/budget-2014-supplement-to-the-estimates,"Tabular Budget 2014 supplementary information for the Fiscal Year Ending March 31, 2015 providing additional information on proposed spending, organized into major categories such as salaries, grants, capital, travel, and operations, including summary and detailed Consolidated Revenue Fund expenses "
"Budget 2014 - Support for Families, Individuals and Community Safety Tbl 1.10",Treasury Board Staff,Open Government Licence - British Columbia,file,XLSX,2022-06-01,https://catalogue.data.gov.bc.ca/dataset/budget-2014-support-for-families-individuals-and-community-safety-tbl-1-10,"A tabular presentation of planned British Columbia health care funding by source for the years 2013-14, 2014-15 and 2015-16, including values for total revenue, total expenditure and health care costs in excess of revenue"
Budget 2014 - Support for Liquefied Natural Gas Development Tbl 1.11,Treasury Board Staff,Open Government Licence - British Columbia,file,XLSX,2022-06-01,https://catalogue.data.gov.bc.ca/dataset/budget-2014-support-for-liquefied-natural-gas-development-tbl-1-11,"A tabular presentation of planned costs of direct support for arts, education and economic initiatives for the years 2013-14, 2014-15 and 2015-16."
"Budget 2014 - Tax Expenditure Reports, Appendix Tbl A1.1 To A1.4",Treasury Board Staff,Open Government Licence - British Columbia,file,XLSX,2022-06-01,https://catalogue.data.gov.bc.ca/dataset/budget-2014-tax-expenditure-reports-appendix-tbl-a1-1-to-a1-4,"Tax Expenditure Reports: Table A1.1 - Personal Income Tax - Tax Expenditures, includes estimated 2012-13 costs for provincial and federal measures; Table A1.2 - Corporate Income Tax - Tax Expenditures, includes estimated 2012-13 costs; Table A1.3 - Property Taxes - Tax Expenditures, includes estimat"
Budget 2014 - Ten Year Debt Indicators 2007-08 to 2016-17 Tbl A19,Treasury Board Staff,Open Government Licence - British Columbia,file,XLSX,2022-06-01,https://catalogue.data.gov.bc.ca/dataset/budget-2014-ten-year-debt-indicators-2007-08-to-2016-17-tbl-a19,"A tabular presentation of British Columbia key provincial debt indicators for the 10 years from 2006/07 through 2015/16; including debt to revenue, debt per capita, debt to nominal GDP, interest bite, interest costs, and interest rates; with actual values for 2006-07 through 2011-12, updated forecas"
Budget 2014 - Ten-Year Balance Sheet 2007-08 to 2016-17 Tbls A15 and A16,Treasury Board Staff,Open Government Licence - British Columbia,file,XLSX,2022-06-01,https://catalogue.data.gov.bc.ca/dataset/budget-2014-ten-year-balance-sheet-2007-08-to-2016-17-tbls-a15-and-a16,"A tabular presentation of the British Columbia financial position information for the 10 years from 2006/07 through 2015/16: Table A15 - Statement of Financial Position, including financial assets and liabilities, capital and other assets, accumulated surplus or deficit, percentage of nominal GDP, g"
Budget 2014 - Ten-Year Capital Spending 2007-08 to 2016-17 Tbl A14,Treasury Board Staff,Open Government Licence - British Columbia,file,XLSX,2022-06-01,https://catalogue.data.gov.bc.ca/dataset/budget-2014-ten-year-capital-spending-2007-08-to-2016-17-tbl-a14,"A tabular presentation of British Columbia capital spending information for the 10 years from 2006/07 through 2015/16, including taxpayer-supported and self-supported capital spending , growth rates and capital spending per capita, with actual values for 2006-07 through 2011-12, updated forecast val"
Budget 2014 - Ten-Year Debt 2007-08 to 2016-17 Tbls A17 and A18,Treasury Board Staff,Open Government Licence - British Columbia,file,XLSX,2022-06-01,https://catalogue.data.gov.bc.ca/dataset/budget-2014-ten-year-debt-2007-08-to-2016-17-tbls-a17-and-a18,"A tabular presentation of British Columbia provincial debt information for the 10 years from 2006/07 through 2015/16: Table A17 - Provincial Debt, including taxpayer-supported and self-supported debt, forecast allowance, and total provincial debt, with actual values for 2006-07 through 2011-12, upda"
Budget 2014 - Ten-Year Expense by Function 2007-08 to 2016-17 Tbls A11 and A12,Treasury Board Staff,Open Government Licence - British Columbia,file,XLSX,2022-06-01,https://catalogue.data.gov.bc.ca/dataset/budget-2014-ten-year-expense-by-function-2007-08-to-2016-17-tbls-a11-and-a12,"A tabular presentation of British Columbia expense and supplementary information for the 10 years from 2006/07 through 2015/16: Table A11 - Expense by Function, including unusual items and percentage of operating cost, with actual values for 2006-07 through 2011-12, updated forecast values for 2012-"
Budget 2014 - Ten-Year Full Time Equivalents 2007-08 to 2016-17 Tbl A13,Treasury Board Staff,Open Government Licence - British Columbia,file,XLSX,2022-06-01,https://catalogue.data.gov.bc.ca/dataset/budget-2014-ten-year-full-time-equivalents-2007-08-to-2016-17-tbl-a13,"A tabular presentation of British Columbia Full-time Equivalent (FTE) information for the 10 years from 2006/07 through 2015/16, including taxpayer-supported programs and agencies, growth rates and population by FTE, with actual values for 2006-07 through 2011-12, updated forecast values for 2012-13"
Budget 2014 - Ten-Year Operating Statement 2007-08 to 2016-17 Tbl A8,Treasury Board Staff,Open Government Licence - British Columbia,file,XLSX,2022-06-01,https://catalogue.data.gov.bc.ca/dataset/budget-2014-ten-year-operating-statement-2007-08-to-2016-17-tbl-a8,"A tabular presentation of British Columbia operating statements for the 10 years 2006/07 through 2015/16 that includes revenue, expense, surplus, and deficit information; including actual values for 2006-07 through 2011-12, updated forecast values for 2012-13, planned values for 2013-14 to 2015-16, "
Budget 2014 - Ten-Year Revenue by Source 2007-08 to 2016-17 Tbls A9 and A10,Treasury Board Staff,Open Government Licence - British Columbia,file,XLSX,2022-06-01,https://catalogue.data.gov.bc.ca/dataset/budget-2014-ten-year-revenue-by-source-2007-08-to-2016-17-tbls-a9-and-a10,"A tabular presentation of British Columbia revenue and supplementary information for the 10 years 2006/07 through 2015/16: Table A9 - Revenue by Source, including tax revenue, natural resource revenue and other revenue, with actual values for 2006-07 through 2011-12, updated forecast values for 2012"
"Budget 2014 - Three Year Fiscal Plan, Operating Statement Tbl 1.1",Treasury Board Staff,Open Government Licence - British Columbia,file,XLSX,2022-06-01,https://catalogue.data.gov.bc.ca/dataset/budget-2014-three-year-fiscal-plan-operating-statement-tbl-1-1,"A tabular presentation of the British Columbia three year fiscal plan, including revenue, expense, surplus or deficit, capital spending, provincial debt, taxpayer-supported debt-to- GDP ratio, and economic forecast; with updated forecast values for 2012-13, budget estimates for 2013-14, and planned "
Budget 2014 - US Exchange Rate Forecast Tbl 3.5,Treasury Board Staff,Open Government Licence - British Columbia,file,XLS,2022-06-01,https://catalogue.data.gov.bc.ca/dataset/budget-2014-us-exchange-rate-forecast-tbl-3-5,"A tabular presentation of private sector exchange rate forecasts, includes 2013 and 2014 average annual exchange rate by financial institution, for conversion of United States cents to Canadian dollars, as of May 23,2013"
Budget 2014 - United States Real GDP Forecast Tbl 3.2,Treasury Board Staff,Open Government Licence - British Columbia,file,XLS,2022-06-01,https://catalogue.data.gov.bc.ca/dataset/budget-2014-united-states-real-gdp-forecast-tbl-3-2,"A tabular presentation of the United States real GDP forecast, expressed for 2013 and 2014 as a percent change in real GDP"
Budget 2014 - material Spending Assumptions Tbl A7,Treasury Board Staff,Open Government Licence - British Columbia,file,XLSX,2022-06-01,https://catalogue.data.gov.bc.ca/dataset/budget-2014-material-spending-assumptions-tbl-a7,"A tabular presentation of the British Columbia Ministry programs and material assumption expenses, including budget estimates for 2013-14, and planned budget expenses for 2014-15 and 2015-16, with sensitivities potentially affecting 2013-14 estimates"
Budget 2015,Treasury Board Staff,Open Government Licence - British Columbia,file,XLSX,2022-06-01,https://catalogue.data.gov.bc.ca/dataset/budget-2015,"Province of British Columbia Budget and Fiscal Plan, 2015/16 – 2017/18 presented as 57 tabular data files."
Budget 2015 - Supplement to the Estimates,Treasury Board Staff,Open Government Licence - British Columbia,file,CSV XLS,2022-06-01,https://catalogue.data.gov.bc.ca/dataset/budget-2015-supplement-to-the-estimates,"Tabular Budget 2015 supplementary information for the Fiscal Year Ending March 31, 2016 providing additional information on proposed spending, organized into major categories such as salaries, grants, capital, travel, and operations, including summary and detailed Consolidated Revenue Fund expenses "
Budget 2016,Treasury Board Staff,Open Government Licence - British Columbia,file,XLSX,2022-06-01,https://catalogue.data.gov.bc.ca/dataset/budget-2016,A tabular summary of British Columbia's Budget 2016 - Budget and Fiscal Plan 2016/17 - 2018/19
Budget 2016 - Supplement to the Estimates,Treasury Board Staff,Open Government Licence - British Columbia,file,CSV XLS,2022-06-01,https://catalogue.data.gov.bc.ca/dataset/budget-2016-supplement-to-the-estimates,"Tabular Budget 2016 supplementary information for the Fiscal Year Ending March 31, 2017 providing additional information on proposed spending, organized into major categories such as salaries, grants, capital, travel, and operations, including summary and detailed Consolidated Revenue Fund expenses "
Budget 2017,Treasury Board Staff,Open Government Licence - British Columbia,file,XLS XLSX,2022-06-01,https://catalogue.data.gov.bc.ca/dataset/budget-2017,A tabular summary of British Columbia's Budget 2017 - Budget and Fiscal Plan 2017/18 - 2019/20. NOTE: This was budget was tabled but did not pass as there was a provincial election that year.
Budget 2017 - September Update,Treasury Board Staff,Open Government Licence - British Columbia,file,XLS XLSX,2022-06-01,https://catalogue.data.gov.bc.ca/dataset/budget-2017-september-update,A tabular summary of British Columbia's Budget 2017 – September Update - Budget and Fiscal Plan 2017/18 - 2019/20. This publication includes the 2017/18 First Quarterly Report.
Budget 2017 - Supplement to the Estimates,Treasury Board Staff,Open Government Licence - British Columbia,file,CSV XLSX,2022-06-01,https://catalogue.data.gov.bc.ca/dataset/budget-2017-supplement-to-the-estimates,"Tabular Budget 2017 supplementary information for the Fiscal Year Ending March 31, 2018 providing additional information on proposed spending, organized into major categories such as salaries, grants, capital, travel, and operations, including summary and detailed Consolidated Revenue Fund expenses "
Budget 2018,Treasury Board Staff,Open Government Licence - British Columbia,file,XLS XLSX,2022-06-01,https://catalogue.data.gov.bc.ca/dataset/budget-2018,A tabular summary of British Columbia's Budget 2018 - Budget and Fiscal Plan 2018/19 - 2020/21. This publication includes the 2017/18 Third Quarterly Report.
Budget 2018 - Supplement to the Estimates,Treasury Board Staff,Open Government Licence - British Columbia,file,CSV XLS,2022-06-01,https://catalogue.data.gov.bc.ca/dataset/budget-2018-supplement-to-the-estimates,"Tabular Budget 2018 supplementary information for the Fiscal Year Ending March 31, 2019 providing additional information on proposed spending, organized into major categories such as salaries, grants, capital, travel, and operations, including summary and detailed Consolidated Revenue Fund expenses "
Budget 2019,Treasury Board Staff,Open Government Licence - British Columbia,file,XLS XLSX,2022-06-01,https://catalogue.data.gov.bc.ca/dataset/budget-2019,A tabular summary of British Columbia's Budget 2019 - Budget and Fiscal Plan 2019/20 - 2021/22. This publication includes the 2018/19 Third Quarterly Report.
Budget 2019 - Supplement to the Estimates,Treasury Board Staff,Open Government Licence - British Columbia,file,CSV XLS,2022-06-01,https://catalogue.data.gov.bc.ca/dataset/budget-2019-supplement-to-the-estimates,"Tabular Budget 2019 supplementary information for the Fiscal Year Ending March 31, 2020 providing additional information on proposed spending, organized into major categories such as salaries, grants, capital, travel, and operations, including summary and detailed Consolidated Revenue Fund expenses "
Budget 2020,Treasury Board Staff,Open Government Licence - British Columbia,file,XLSX,2022-06-01,https://catalogue.data.gov.bc.ca/dataset/budget-2020,A tabular summary of British Columbia's Budget 2020 - Budget and Fiscal Plan 2020/21 - 2022/23. This publication includes the 2019/20 Third Quarterly Report.
Budget 2020 - Supplement to the Estimates,Treasury Board Staff,Open Government Licence - British Columbia,file,CSV XLSX,2022-06-01,https://catalogue.data.gov.bc.ca/dataset/budget-2020-supplement-to-the-estimates,"Tabular Budget 2020 supplementary information for the Fiscal Year Ending March 31, 2021 providing additional information on proposed spending, organized into major categories such as salaries, grants, capital, travel, and operations, including summary and detailed Consolidated Revenue Fund expenses "
Budget 2021,Treasury Board Staff,Open Government Licence - British Columbia,file,XLSX,2022-06-01,https://catalogue.data.gov.bc.ca/dataset/budget-2021,A tabular summary of British Columbia's Budget 2021 - Budget and Fiscal Plan 2021/22 - 2023/24. This publication includes the 2020/21 Third Quarterly Report.
Budget 2021 - Supplement to the Estimates,Treasury Board Staff,Open Government Licence - British Columbia,file,CSV XLSX,2022-06-01,https://catalogue.data.gov.bc.ca/dataset/budget-2021-supplement-to-the-estimates,"Tabular Budget 2021 supplementary information for the Fiscal Year Ending March 31, 2022 providing additional information on proposed spending, organized into major categories such as salaries, grants, capital, travel, and operations, including summary and detailed Consolidated Revenue Fund expenses "
Budget 2022,Treasury Board Staff,Open Government Licence - British Columbia,file,XLSX,2023-02-22,https://catalogue.data.gov.bc.ca/dataset/budget-2022,A tabular summary of British Columbia's Budget 2022 - Budget and Fiscal Plan 2022/23 - 2024/25. This publication includes the 2021/22 Third Quarterly Report.
Budget 2022 - Supplement to the Estimates,Treasury Board Staff,Open Government Licence - British Columbia,file,CSV XLSX,2022-06-01,https://catalogue.data.gov.bc.ca/dataset/budget-2022-supplement-to-the-estimates,"Tabular Budget 2022 supplementary information for the Fiscal Year Ending March 31, 2023 providing additional information on proposed spending, organized into major categories such as salaries, grants, capital, travel, and operations, including summary and detailed Consolidated Revenue Fund expenses "
Budget 2023,Treasury Board Staff,Open Government Licence - British Columbia,file,XLSX,2023-05-10,https://catalogue.data.gov.bc.ca/dataset/budget-2023,A tabular summary of British Columbia's Budget 2023 - Budget and Fiscal Plan 2023/24 - 2025/26. This publication includes the 2022/23 Third Quarterly Report.
Budget 2023 - Supplement to the Estimates,Treasury Board Staff,Open Government Licence - British Columbia,file,CSV XLSX,2023-04-06,https://catalogue.data.gov.bc.ca/dataset/budget-2023-supplement-to-the-estimates,"Tabular Budget 2023 supplementary information for the Fiscal Year Ending March 31, 2024 providing additional information on proposed spending, organized into major categories such as salaries, grants, capital, travel, and operations, including summary and detailed Consolidated Revenue Fund expenses "
Budget 2024,Treasury Board Staff,Open Government Licence - British Columbia,file,XLSX,2024-11-22,https://catalogue.data.gov.bc.ca/dataset/budget-2024,A tabular summary of British Columbia's Budget 2024 - Budget and Fiscal Plan 2024/25 - 2026/27. This publication includes the 2023/24 Third Quarterly Report.
Budget 2024 - Supplement to the Estimates,Treasury Board Staff,Open Government Licence - British Columbia,file,CSV XLSX,2024-04-04,https://catalogue.data.gov.bc.ca/dataset/budget-2024-supplement-to-the-estimates,"Tabular Budget 2024 supplementary information for the Fiscal Year Ending March 31, 2025 providing additional information on proposed spending, organized into major categories such as salaries, grants, capital, travel, and operations, including summary and detailed Consolidated Revenue Fund expenses "
Budget 2025,Treasury Board Staff,Open Government Licence - British Columbia,file,XLSX,2026-04-24,https://catalogue.data.gov.bc.ca/dataset/budget-2025,A tabular summary of British Columbia's Budget 2025 - Budget and Fiscal Plan 2025/26 - 2027/28. This publication includes the 2024/25 Third Quarterly Report.
Budget 2025 - Supplement to the Estimates,Treasury Board Staff,Open Government Licence - British Columbia,file,CSV XLSX,2025-04-07,https://catalogue.data.gov.bc.ca/dataset/budget-2025-supplement-to-the-estimates,"Tabular Budget 2025 supplementary information for the Fiscal Year Ending March 31, 2026 providing additional information on proposed spending, organized into major categories such as salaries, grants, capital, travel, and operations, including summary and detailed Consolidated Revenue Fund expenses "
Budget 2026,Treasury Board Staff,Open Government Licence - British Columbia,file,XLSX,2026-04-24,https://catalogue.data.gov.bc.ca/dataset/budget-2026,A tabular summary of British Columbia's Budget 2026 - Budget and Fiscal Plan 2026/27 - 2028/29. This publication includes the 2025/26 Third Quarterly Report.
Budget 2026 - Supplement to the Estimates,Treasury Board Staff,Open Government Licence - British Columbia,file,CSV XLSX,2026-03-09,https://catalogue.data.gov.bc.ca/dataset/budget-2026-supplement-to-the-estimates-,"Tabular Budget 2026 supplementary information for the Fiscal Year Ending March 31, 2027 providing additional information on proposed spending, organized into major categories such as salaries, grants, capital, travel, and operations, including summary and detailed Consolidated Revenue Fund expenses "
"Budget Forecasts, 2010-11, Year in Review Tbl A2.1",Treasury Board Staff,Open Government Licence - British Columbia,file,XLSX,2022-06-01,https://catalogue.data.gov.bc.ca/dataset/budget-forecasts-2010-11-year-in-review-tbl-a2-1,"A tabular presentation of British Columbia 2010-11 budget forecasts from the perspective of the year in review, including quaterly updates and totals for revenue changes, expense changes and forecast allowance changes."
Capital Expenditure Projects Greater Than $50 Million Tbl 2.9,Treasury Board Staff,Open Government Licence - British Columbia,file,XLSX,2022-06-01,https://catalogue.data.gov.bc.ca/dataset/capital-expenditure-projects-greater-than-50-million-tbl-2-9,"A tabular presentation of British Columbia capital expenditure projects in excess of $50 million, showing totals for taxpayer-supported and self-supported capital project expenditures, and including projected completion dates, project financing sources, and 2010-11 spending."
"Capital Expenditure Projects Greater Than $50 Million, 02-21-2012 Tbl 2.9",Treasury Board Staff,Open Government Licence - British Columbia,file,XLSX,2022-06-01,https://catalogue.data.gov.bc.ca/dataset/capital-expenditure-projects-greater-than-50-million-02-21-2012-tbl-2-9,"A tabular presentation of British Columbia capital expenditure projects in excess of $50 million, showing totals for taxpayer-supported and self-supported capital project expenditures, and including projected completion dates, project financing sources, and 2011-12 spending."
Capital Spending Tbl 2.8,Treasury Board Staff,Open Government Licence - British Columbia,file,XLSX,2022-06-01,https://catalogue.data.gov.bc.ca/dataset/capital-spending-tbl-2-8,"A tabular presentation of British Columbia capital spending showing totals for taxpayer-supported and self-supported expenditures, and including budgeted values 2010, restated budget values 2010-11, actual spending totals 2010-11, and actual spending totals 2009-10."
"Capital Spending, 1999-00 to 2010-11 Tbl A2.10",Treasury Board Staff,Open Government Licence - British Columbia,file,XLSX,2022-06-01,https://catalogue.data.gov.bc.ca/dataset/capital-spending-1999-00-to-2010-11-tbl-a2-10,"A tabular presentation of British Columbia taxpayer-supported and self-supported capital spending, 1999-2000 through 2010-2011, actual values, including percentage of average annual change, with values for percent of Nominal GDP, growth rates and per capita expenditure."
"Capital Spending, 2000-01 to 2011-12 Tbl A2.10",Treasury Board Staff,Open Government Licence - British Columbia,file,XLSX,2022-06-01,https://catalogue.data.gov.bc.ca/dataset/capital-spending-2000-01-to-2011-12-tbl-a2-10,"A tabular presentation of British Columbia taxpayer-supported and self-supported capital spending, 2000-2001 through 2011-2012, actual values, including percentage of average annual change, with values for percent of Nominal GDP, growth rates and per capita expenditure."
"Capital Spending, Budget 2011 Tbl 2.8",Treasury Board Staff,Open Government Licence - British Columbia,file,XLSX,2022-06-01,https://catalogue.data.gov.bc.ca/dataset/capital-spending-budget-2011-tbl-2-8,"A tabular presentation of British Columbia capital spending showing totals for taxpayer-supported and self-supported expenditures, and including budgeted values 2011, restated budget values 2010-11, actual spending totals 2011-12, and actual spending totals 2010-11."
Consumption and Other Tax Revenues Change from Budget 2010 Tbl 2.2,Treasury Board Staff,Open Government Licence - British Columbia,file,XLSX,2022-06-01,https://catalogue.data.gov.bc.ca/dataset/consumption-and-other-tax-revenues-change-from-budget-2010-tbl-2-2,A tabular presentation of British Columbia consumption and other tax revenues showing percentage changes between 2010 budget values and third quarter forecast revenue values
Consumption and Other Tax Revenues Change from Budget 2011 Tbl 2.2,Treasury Board Staff,Open Government Licence - British Columbia,file,XLSX,2022-06-01,https://catalogue.data.gov.bc.ca/dataset/consumption-and-other-tax-revenues-change-from-budget-2011-tbl-2-2,A tabular presentation of British Columbia consumption and other tax revenues showing percentage changes between 2011 budget values and third quarter forecast revenue values
Energy and Mineral Revenues Change from Budget 2010 Tbl 2.3,Treasury Board Staff,Open Government Licence - British Columbia,file,XLSX,2022-06-01,https://catalogue.data.gov.bc.ca/dataset/energy-and-mineral-revenues-change-from-budget-2010-tbl-2-3,A tabular presentation of British Columbia energy and mineral revenues showing percentage changes between 2010 budget values and actual revenue values
Energy and Mineral Revenues Change from Budget 2011 Tbl 2.3,Treasury Board Staff,Open Government Licence - British Columbia,file,XLSX,2022-06-01,https://catalogue.data.gov.bc.ca/dataset/energy-and-mineral-revenues-change-from-budget-2011-tbl-2-3,A tabular presentation of British Columbia energy and mineral revenues showing percentage changes between 2011 budget values and actual revenue values.
"Expense by Function, 2000-01 to 2011-12 Tbl A2.7",Treasury Board Staff,Open Government Licence - British Columbia,file,XLSX,2022-06-01,https://catalogue.data.gov.bc.ca/dataset/expense-by-function-2000-01-to-2011-12-tbl-a2-7,"Table A2.7 - A tabular presentation summarizing British Columbia expense by function, actual values, 2000-2001 through 2011-2012, including percent of average annual change; Table A2.8 A tabular presentation of British Columbia expense by function supplementary information, actual values, 2000-2001 "
"Expense by Ministry, Program and Agency Tbl 2.7",Treasury Board Staff,Open Government Licence - British Columbia,file,XLSX,2022-06-01,https://catalogue.data.gov.bc.ca/dataset/expense-by-ministry-program-and-agency-tbl-2-7,"A tabular presentation of the British Columbia expense by ministry, program and agency, consistent with March 14, 2011 reoranization and March 31, 2011 government accounting policies, and including budgeted values 2010, actual expenditure totals 2010-11, and actual expenditure totals 2009-10."
"Expense by Ministry, Program and Agency, Budget 2011 Tbl 2.7",Treasury Board Staff,Open Government Licence - British Columbia,file,XLSX,2022-06-01,https://catalogue.data.gov.bc.ca/dataset/expense-by-ministry-program-and-agency-budget-2011-tbl-2-7,"A tabular presentation of the British Columbia expense by ministry, program and agency, consistent with March 14, 2012 reoranization and March 31, 2012 government accounting policies, and including budgeted values 2011, actual expenditure totals 2011-12, and actual expenditure totals 2010-11."
Fall 2020 Economic and Fiscal Update (Q2),Treasury Board Staff,Open Government Licence - British Columbia,file,XLSX,2024-04-04,https://catalogue.data.gov.bc.ca/dataset/fall-2020-economic-and-fiscal-update-q2-,"A tabular summary of British Columbia's Fall 2020 Economic & Fiscal Update (Q2) - Fiscal Plan Update 2020/21 - 2022/23, 2020/21 Economic Outlook and Financial Forecast & Three Month Results July - September 2020"
Fall 2024 Economic & Fiscal Update (Q2),Treasury Board Staff,Open Government Licence - British Columbia,file,XLSX,2025-05-02,https://catalogue.data.gov.bc.ca/dataset/fall-2024-economic-fiscal-update-q2-,"A tabular summary of British Columbia's Fall 2024 Economic & Fiscal Update (Q2) - Fiscal Plan Update 2024/25 - 2026/27, 2024/25 Economic Outlook and Financial Forecast & Six Month Results April - September 2024"
Financial Statement of Auditor General Qualifications Tbl A2.0,Treasury Board Staff,Open Government Licence - British Columbia,file,XLSX,2022-06-01,https://catalogue.data.gov.bc.ca/dataset/financial-statement-of-auditor-general-qualifications-tbl-a2-0,A tabular presentation showing the impact the Auditor Generals qualifications would have on the 2011/12 Public Accounts if government had adopted his approach.
Forest Revenues Change from Budget 2010 Tbl 2.4,Treasury Board Staff,Open Government Licence - British Columbia,file,XLSX,2022-06-01,https://catalogue.data.gov.bc.ca/dataset/forest-revenues-change-from-budget-2010-tbl-2-4,A tabular presentation of British Columbia forest revenues showing percentage changes between 2010 budget values and actual revenue values.
Forest Revenues Change from Budget 2011 Tbl 2.4,Treasury Board Staff,Open Government Licence - British Columbia,file,XLSX,2022-06-01,https://catalogue.data.gov.bc.ca/dataset/forest-revenues-change-from-budget-2011-tbl-2-4,A tabular presentation of British Columbia forest revenues showing percentage changes between 2011 budget values and actual revenue values.
"Full-Time Equivalents (FTEs), 1999-00 to 2010-11 Tbl A2.9; Consumer Price Index",Treasury Board Staff,Open Government Licence - British Columbia,file,XLSX,2022-06-01,https://catalogue.data.gov.bc.ca/dataset/full-time-equivalents-ftes-1999-00-to-2010-11-tbl-a2-9-consumer-price-index,"Table A2.9 - A tabular presentation of British Columbia totals for full-time equivalents, 1999-2000 through 2010-2011, actual values, including percentage of average annual change; Consumer Price Index values, 1991-2009, including totals for Canada, British Columbia, Vancouver, and Victoria (Source:"
"Full-Time Equivalents (FTEs), 2000-01 to 2011-12 Tbl A2.9",Treasury Board Staff,Open Government Licence - British Columbia,file,XLSX,2022-06-01,https://catalogue.data.gov.bc.ca/dataset/full-time-equivalents-ftes-2000-01-to-2011-12-tbl-a2-9,"Table A2.9 - A tabular presentation of British Columbia totals for full-time equivalents, 2000-2001 through 2011-2012, actual values, including percentage of average annual change; Consumer Price Index values, 1991-2009, including totals for Canada, British Columbia, Vancouver, and Victoria (Source:"
Historical Commodity Prices (in US Dollars) Tbl A1.9,Treasury Board Staff,Open Government Licence - British Columbia,file,XLSX,2022-06-01,https://catalogue.data.gov.bc.ca/dataset/historical-commodity-prices-in-us-dollars-tbl-a1-9,"A tabular presentation of hitorical commodity prices in United States dollars, 2000 - 2010 (Sources: Ministry of Finance; Ministry of Energy and Mines; Ministry of Forests, Lands and Natural Resource Operations; US Federal Reserve Bank)."
Historical Operating Statement Surplus (Deficit) Tbl A2.14,Treasury Board Staff,Open Government Licence - British Columbia,file,XLSX,2022-06-01,https://catalogue.data.gov.bc.ca/dataset/historical-operating-statement-surplus-deficit-tbl-a2-14,"A tabular summary of British Columbia historical operating statement surplus (deficit) reports, 1969-1970 through 2010-2011, including broad overviews of aggregate revenues and expenditures."
"Historical Operating Statement Surplus (Deficit), 1969-1970 to 2011-12 Tbl A2.14",Treasury Board Staff,Open Government Licence - British Columbia,file,XLSX,2022-06-01,https://catalogue.data.gov.bc.ca/dataset/historical-operating-statement-surplus-deficit-1969-1970-to-2011-12-tbl-a2-14,"A tabular summary of British Columbia historical operating statement surplus (deficit) reports, 1969-1970 through 2011-2012, including broad overviews of aggregate revenues and expenditures."
Historical Provincial Debt Summary Tbl A2.15,Treasury Board Staff,Open Government Licence - British Columbia,file,XLSX,2022-06-01,https://catalogue.data.gov.bc.ca/dataset/historical-provincial-debt-summary-tbl-a2-15,"A tabular presentation summarizing British Columbia historical taxpayer-supported self-supported provincial debt, 1969-1970 through 2010-2011, including total debt, total debt as a percentage of GDP, and total taxpayer-supported debt as a percentage of GDP."
"Historical Provincial Debt Summary, 1969-1970 to 2011-12 Tbl A2.15",Treasury Board Staff,Open Government Licence - British Columbia,file,XLSX,2022-06-01,https://catalogue.data.gov.bc.ca/dataset/historical-provincial-debt-summary-1969-1970-to-2011-12-tbl-a2-15,"A tabular presentation summarizing British Columbia historical taxpayer-supported self-supported provincial debt, 1969-1970 through 2011-2012, including total debt, total debt as a percentage of GDP, and total taxpayer-supported debt as a percentage of GDP."
"Historical Value of Mineral, Petroleum and Natural Gas Shipments Tbl A1.11",Treasury Board Staff,Open Government Licence - British Columbia,file,XLSX,2022-06-01,https://catalogue.data.gov.bc.ca/dataset/historical-value-of-mineral-petroleum-and-natural-gas-shipments-tbl-a1-11,"A tabular presentation of the hitorical value of British Columbia mineral, petroleum and natural gas shipments, 1991 - 2010 (Sources: Natural Resources Canada and Ministry of Energy and Mines)."
"International Goods Exports by Major Market and Selected Commodities, 2010 Tbl A1.7",Treasury Board Staff,Open Government Licence - British Columbia,file,XLSX,2022-06-01,https://catalogue.data.gov.bc.ca/dataset/international-goods-exports-by-major-market-and-selected-commodities-2010-tbl-a1-7,"A tabular presentation of British Columbia international goods exports by major market and selected commodities, 2010 (Source: BC Stats)."
"International Goods Exports by Major Market and Selected Commodities, 2011 Tbl A1.7",Treasury Board Staff,Open Government Licence - British Columbia,file,XLS,2022-06-01,https://catalogue.data.gov.bc.ca/dataset/international-goods-exports-by-major-market-and-selected-commodities-2011-tbl-a1-7,"A tabular presentation of British Columbia international goods exports by major market and selected commodities, 2011 (Source: BC Stats)."
"International Goods Exports by Market Area, 2009-11 Tbl A1.8",Treasury Board Staff,Open Government Licence - British Columbia,file,XLS,2022-06-01,https://catalogue.data.gov.bc.ca/dataset/international-goods-exports-by-market-area-2009-11-tbl-a1-8,"A tabular presentation of British Columbia international goods exports by market area, 2009 - 2011, including 2010-11 percent of change, and 2010 and 2011 percent of total, with explanatory notes defining market areas (Source: BC Stats)."
"Interprovincial Comparison of Credit Ratings, July 2011 Tbl 2.12",Treasury Board Staff,Open Government Licence - British Columbia,file,XLSX,2022-06-01,https://catalogue.data.gov.bc.ca/dataset/interprovincial-comparison-of-credit-ratings-july-2011-tbl-2-12,"A tabular comparison of Canadian interprovincial credit ratings as of July 2011, arranged by province and rating agency, with explanatory notes on rating values."
"Interprovincial Comparison of Credit Ratings, July 2012 Tbl 2.12",Treasury Board Staff,Open Government Licence - British Columbia,file,XLSX,2022-06-01,https://catalogue.data.gov.bc.ca/dataset/interprovincial-comparison-of-credit-ratings-july-2012-tbl-2-12,"A tabular comparison of Canadian interprovincial credit ratings as of July 2012, arranged by province and rating agency, with explanatory notes on rating values."
"Interprovincial Comparisons of Tax Rates, 2011 Tbl 4.2",Treasury Board Staff,Open Government Licence - British Columbia,file,XLSX,2022-06-01,https://catalogue.data.gov.bc.ca/dataset/interprovincial-comparisons-of-tax-rates-2011-tbl-4-2,"A tabular presentation of interprovincial non-personal tax rates, rates known as of July 1, 2011."
"Interprovincial Comparisons of Tax Rates, 2012 Tbl 4.2",Treasury Board Staff,Open Government Licence - British Columbia,file,XLSX,2022-06-01,https://catalogue.data.gov.bc.ca/dataset/interprovincial-comparisons-of-tax-rates-2012-tbl-4-2,"A tabular presentation of interprovincial non-personal tax rates, rates known as of July 1, 2012."
"Key Debt Indicators, 2006-07 to 2010-11 Tbl 2.11",Treasury Board Staff,Open Government Licence - British Columbia,file,XLSX,2022-06-01,https://catalogue.data.gov.bc.ca/dataset/key-debt-indicators-2006-07-to-2010-11-tbl-2-11,"A tabular presentation of British Columbia total and taxpayer-supported key debt indicators, for the years 2006-07 throught 2010-11, consistent with March 31, 2011 government accounting policies, including budgeted and actual values 2010-11; and with explanatory notes on inclusions, exclusions, debt"
"Key Debt Indicators, 2007-08 to 2011-12 Tbl 2.11",Treasury Board Staff,Open Government Licence - British Columbia,file,XLSX,2022-06-01,https://catalogue.data.gov.bc.ca/dataset/key-debt-indicators-2007-08-to-2011-12-tbl-2-11,"A tabular presentation of British Columbia total and taxpayer-supported key debt indicators, for the years 2007-08 throught 2011-12, consistent with March 31, 2012 government accounting policies, including budgeted and actual values 2011-12; and with explanatory notes on inclusions, exclusions, debt"
"Key Provincial Debt Indicators, 1999-00 to 2010-2011 Tbl A2.13",Treasury Board Staff,Open Government Licence - British Columbia,file,XLSX,2022-06-01,https://catalogue.data.gov.bc.ca/dataset/key-provincial-debt-indicators-1999-00-to-2010-2011-tbl-a2-13,"A tabular presentation of British Columbia key provincial debt indicators, 1999-2000 through 2010-2011, actual values, with percentage average annual change, and including select debt, interest and background information."
"Key Provincial Debt Indicators, 2000-01 to 2011-12 Tbl A2.13",Treasury Board Staff,Open Government Licence - British Columbia,file,XLSX,2022-06-01,https://catalogue.data.gov.bc.ca/dataset/key-provincial-debt-indicators-2000-01-to-2011-12-tbl-a2-13,"A tabular presentation of British Columbia key provincial debt indicators, 2000-2001 through 2011-2012, actual values, with percentage average annual change, and including select debt, interest and background information."
Liquor Distribution Branch - Five Year Income Statement for the Years Ended March 31 2011 Tbl 3.2,Treasury Board Staff,Open Government Licence - British Columbia,file,XLSX,2022-06-01,https://catalogue.data.gov.bc.ca/dataset/liquor-distribution-branch-five-year-income-statement-for-the-years-ended-march-31-2011-tbl-3-2,"A tabular presentation of the British Columbia Liquor Distribution Branch five-year income statement, 2007 through 2011, with average annual change and five year percent change."
Liquor Distribution Branch - Five Year Income Statement for the Years Ended March 31 2012 Tbl 3.2,Treasury Board Staff,Open Government Licence - British Columbia,file,XLSX,2022-06-01,https://catalogue.data.gov.bc.ca/dataset/liquor-distribution-branch-five-year-income-statement-for-the-years-ended-march-31-2012-tbl-3-2,"A tabular presentation of the British Columbia Liquor Distribution Branch five-year income statement, 2008 through 2012 with average annual change and five year percent change."
Net Liabilities and Accumulated Surplus Tbl 2.13,Treasury Board Staff,Open Government Licence - British Columbia,file,XLSX,2022-06-01,https://catalogue.data.gov.bc.ca/dataset/net-liabilities-and-accumulated-surplus-tbl-2-13,"A tabular presentation of British Columbia net liabilities and accumulated surplus, consistent with March 31, 2011 government accounting policies, including totals for financial and non-financial assets, budgeted and actual values 2010, actual values 2009-10, and annual change."
"Net Liabilities and Accumulated Surplus, Budget 2011 Tbl 2.13",Treasury Board Staff,Open Government Licence - British Columbia,file,XLSX,2022-06-01,https://catalogue.data.gov.bc.ca/dataset/net-liabilities-and-accumulated-surplus-budget-2011-tbl-2-13,"A tabular presentation of British Columbia net liabilities and accumulated surplus, consistent with March 31, 2012 government accounting policies, including totals for financial and non-financial assets, budgeted and actual values 2011, actual values 2010-11, and annual change."
Operating Statement Tbl 2.1,Treasury Board Staff,Open Government Licence - British Columbia,file,XLSX,2022-06-01,https://catalogue.data.gov.bc.ca/dataset/operating-statement-tbl-2-1,"A tabular presentation of the British Columbia operating statement, consistent with March 31, 2011 government accounting policies, and including budgeted values 2010, actual expenditure totals 2010-11, and actual expenditure totals 2009-10"
"Operating Statement, 1999-00 to 2010-11 Tbl A2.2",Treasury Board Staff,Open Government Licence - British Columbia,file,XLSX,2022-06-01,https://catalogue.data.gov.bc.ca/dataset/operating-statement-1999-00-to-2010-11-tbl-a2-2,"A tabular presentation summarizing British Columbia operating statements, actual values, 1999-2000 through 2010-2011, including average annual change."
"Operating Statement, 2000-01 to 2011-12 Tbl A2.2",Treasury Board Staff,Open Government Licence - British Columbia,file,XLSX,2022-06-01,https://catalogue.data.gov.bc.ca/dataset/operating-statement-2000-01-to-2011-12-tbl-a2-2,"A tabular presentation summarizing British Columbia operating statements, actual values, 2000-2001 through 2011-2012, including average annual change."
"Operating Statement, Budget 2011 Tbl 2.1",Treasury Board Staff,Open Government Licence - British Columbia,file,XLSX,2022-06-01,https://catalogue.data.gov.bc.ca/dataset/operating-statement-budget-2011-tbl-2-1,"A tabular presentation of the British Columbia operating statement, consistent with March 31, 2012 government accounting policies, and including budgeted values 2011, actual expenditure totals 2011-12, and actual expenditure totals 20010-11."
Other Revenue Change from Budget 2010 Tbl 2.5,Treasury Board Staff,Open Government Licence - British Columbia,file,XLSX,2022-06-01,https://catalogue.data.gov.bc.ca/dataset/other-revenue-change-from-budget-2010-tbl-2-5,A tabular presentation of British Columbia other 2010-11 revenue.
Other Revenue Change from Budget 2011 Tbl 2.5,Treasury Board Staff,Open Government Licence - British Columbia,file,XLSX,2022-06-01,https://catalogue.data.gov.bc.ca/dataset/other-revenue-change-from-budget-2011-tbl-2-5,A tabular presentation of British Columbia other 2011-12 revenue.
Pension Plan Balances Tbl 2.14,Treasury Board Staff,Open Government Licence - British Columbia,file,XLSX,2022-06-01,https://catalogue.data.gov.bc.ca/dataset/pension-plan-balances-tbl-2-14,"A tabular presentation of British Columbia public service, minicipal teachers, college, and other pension plan balances reported within the public accounts, for 2010-11 and 2009-10, including explanatory notes on assessments, deficits, liability, responsibility, and with definition of other included"
"Pension Plan Balances, Budget 2011 Tbl 2.14",Treasury Board Staff,Open Government Licence - British Columbia,file,XLSX,2022-06-01,https://catalogue.data.gov.bc.ca/dataset/pension-plan-balances-budget-2011-tbl-2-14,"A tabular presentation of British Columbia public service, minicipal teachers, college, and other pension plan balances reported within the public accounts, for 2011-12 and 2010-11, including explanatory notes on assessments, deficits, liability, responsibility, and with definition of other included"
Petroleum and Natural Gas Activity Indicators Tbl A1.12,Treasury Board Staff,Open Government Licence - British Columbia,file,XLSX,2022-06-01,https://catalogue.data.gov.bc.ca/dataset/petroleum-and-natural-gas-activity-indicators-tbl-a1-12,"A tabular presentation of British Columbia petroleum and natural gas activity indicators, 2004 - 2010; production exclusive of gas retieved from storage; revenue inclusive of Crown Royalties, Crown reserve disposition bonuses, fees, and rentals (Sources: Ministry of Energy and Mines)."
"Petroleum and Natural Gas Activity Indicators, 2004 to 2011 Tbl A1.12",Treasury Board Staff,Open Government Licence - British Columbia,file,XLSX,2022-06-01,https://catalogue.data.gov.bc.ca/dataset/petroleum-and-natural-gas-activity-indicators-2004-to-2011-tbl-a1-12,"A tabular presentation of British Columbia petroleum and natural gas activity indicators, 2004 - 2011; production exclusive of gas retieved from storage; revenue inclusive of Crown Royalties, Crown reserve disposition bonuses, fees, and rentals (Sources: Ministry of Energy and Mines)."
Provincial Debt Summary Tbl 2.10,Treasury Board Staff,Open Government Licence - British Columbia,file,XLSX,2022-06-01,https://catalogue.data.gov.bc.ca/dataset/provincial-debt-summary-tbl-2-10,"A tabular presentation summarizing British Columbia taxpayer-supported and self-supported debt, including budgeted values 2010, actual debt totals 2010-11, and actual debt totals 2009-10; and with explanatory notes on debt, loans, guarantees, sinking funds, and interest accrual."
"Provincial Debt Summary, Budget 2011 Tbl 2.10",Treasury Board Staff,Open Government Licence - British Columbia,file,XLSX,2022-06-01,https://catalogue.data.gov.bc.ca/dataset/provincial-debt-summary-budget-2011-tbl-2-10,"A tabular presentation summarizing British Columbia taxpayer-supported and self-supported debt, including budgeted values 2011, actual debt totals 2011-12, and actual debt totals 2010-11; and with explanatory notes on debt, loans, guarantees, sinking funds, and interest accrual."
"Provincial Debt, 2000-01 to 2011-12 Tbl A2.11",Treasury Board Staff,Open Government Licence - British Columbia,file,XLSX,2022-06-01,https://catalogue.data.gov.bc.ca/dataset/provincial-debt-2000-01-to-2011-12-tbl-a2-11,"Table A2.11 - A tabular presentation summarizing British Columbia taxpayer-supported and self-supported provincial debt, actual values, 2000-2001 through 2011-2012, including percent of average annual change; Table A2.12 A tabular presentation of British Columbia provincial debt supplementary inform"
Revenue by Source Tbl 2.6,Treasury Board Staff,Open Government Licence - British Columbia,file,XLSX,2022-06-01,https://catalogue.data.gov.bc.ca/dataset/revenue-by-source-tbl-2-6,"A tabular presentation of British Columbia revenue by source showing percentage changes between 2010 budget values, third quarter forecast values and actual revenue values, and including budgeted values 2010, actual revenue totals 2010-11, actual revenue totals 2009-10, and annual revenue change rat"
"Revenue by Source, 2000-01 to 2011-12 Tbl A2.5",Treasury Board Staff,Open Government Licence - British Columbia,file,XLSX,2022-06-01,https://catalogue.data.gov.bc.ca/dataset/revenue-by-source-2000-01-to-2011-12-tbl-a2-5,"Table A2.5 - A tabular presentation summarizing British Columbia revenue by source, actual values, 2000-2001 through 2011-2012, including percent of average annual change; Table A2.6 A tabular presentation of British Columbia revenue by source supplementary information, actual values, 2000-2001 thro"
"Revenue by Source, Budget 2011 Tbl 2.6",Treasury Board Staff,Open Government Licence - British Columbia,file,XLSX,2022-06-01,https://catalogue.data.gov.bc.ca/dataset/revenue-by-source-budget-2011-tbl-2-6,"A tabular presentation of British Columbia revenue by source showing percentage changes between 2010 budget values, third quarter forecast values and actual revenue values, and including budgeted values 2011, actual revenue totals 2011-12, actual revenue totals 2010-11, and annual revenue change rat"
Tax Changes Announced in 2011,Treasury Board Staff,Open Government Licence - British Columbia,file,XLSX,2022-06-01,https://catalogue.data.gov.bc.ca/dataset/tax-changes-announced-in-2011,A summary document of ammendments to British Columbia provincial taxes and tax rates announced in 2011.
Tax Details 2012 Tbl 4.1,Treasury Board Staff,Open Government Licence - British Columbia,file,XLSX,2022-06-01,https://catalogue.data.gov.bc.ca/dataset/tax-details-2012-tbl-4-1,"A tabular summary of Britiash Columbia provincial taxes as of July, 2011, including tax type and stature reference, tax base, tax rate, and tax characteristics and exemptions."
Visitor Centre Network Statistics Program Year Over Year Report 2012,Visitor Services,Open Government Licence - British Columbia,file,XLS,2022-04-06,https://catalogue.data.gov.bc.ca/dataset/visitor-centre-network-statistics-program-year-over-year-report-2012,"There are over 100 Community Visitor Centres and six provincial British Columbia Visitor Centres (BCVCs) located throughout the province. The Network of Visitor Centres provides visitor servicing to more than 3,000,000 visitors annually and is a valued partner in the distribution of tourism informat"
Aquifers with Water Allocation Notations,Water Management,Open Government Licence - British Columbia,file,KML MULTIPLE WMS,2026-09-24,https://catalogue.data.gov.bc.ca/dataset/aquifers-with-water-allocation-notations,This dataset displays aquifers with water allocation notations on them. This dataset is updated daily.
BC Dams,Water Management,Open Government Licence - British Columbia,file,KML MULTIPLE WMS,2026-09-24,https://catalogue.data.gov.bc.ca/dataset/bc-dams,Province-wide SDE spatial view displaying dam locations. The public view displays a subset of the attribute data
BC Hydrologic Zones,Water Management,Open Government Licence - British Columbia,file,OTHER ZIP,2022-11-07,https://catalogue.data.gov.bc.ca/dataset/bc-hydrologic-zones,"The BC Hydrologic Zones represent regions of similar climate and terrain resulting in somewhat homogeneous hydrology characteristics. The zones were defined previously by Obedkoff and others. This dataset has been extended into the neighbouring province, territories, and states for regional flood fr"
British Columbia Regional Flood Frequency Analysis Web Application,Water Management,Open Government Licence - British Columbia,file,CSV OTHER ZIP,2025-07-30,https://catalogue.data.gov.bc.ca/dataset/british-columbia-regional-flood-frequency-analysis-web-application,This ArcGIS Online application displays the hydrometric stations and accompanying drainage areas analyzed as part of Bulletin 2020-1-RFFA described below. A frequency analysis was conducted on Annual Maximum Series (AMS) streamflow data collected at Water Survey of Canada (WSC) and United States Geo
Drinking Water Sources (Surface Water PODs),Water Management,Open Government Licence - British Columbia,file,KML MULTIPLE WMS,2023-06-29,https://catalogue.data.gov.bc.ca/dataset/drinking-water-sources-surface-water-pods,"Province-wide SDE spatial layer displaying consumptive water licence points of diversion for drinking water systems. In the context of this layer, Drinking Water Systems means two or more water licences for domestic purposes at a single POD; and/or a water licence(s) for any other purpose indicating"
Flood Protection Works - Appurtenant Structures,Water Management,Open Government Licence - British Columbia,file,KML MULTIPLE WMS,2026-09-24,https://catalogue.data.gov.bc.ca/dataset/flood-protection-works-appurtenant-structures,"Existing flood protection works appurtenances on or near dikes, for example, pump house, floodbox, culvert, gate, gauge, weir, etc. Updated from available Provincial dike survey project data from 2019/2020. If 2019/2020 dike survey project data is unavailable, appurtenance data based on previous dat"
Flood Protection Works - Structural Works,Water Management,Open Government Licence - British Columbia,file,KML MULTIPLE WMS,2026-09-24,https://catalogue.data.gov.bc.ca/dataset/flood-protection-works-structural-works,"Existing flood protection works (dikes and bank protection) crest alignment in British Columbia. Updated from available Provincial dike crest survey project data from 2019/2020. If 2019/2020 dike survey project data is unavailable, linework based on previous data from 2004 and prior. May include per"
Licensed Springs,Water Management,Open Government Licence - British Columbia,file,KML MULTIPLE WMS,2023-06-29,https://catalogue.data.gov.bc.ca/dataset/licensed-springs,"Province-wide SDE spatial layer displaying water points of diversion on licensed springs, joined with licence information. This layer is an instantiation of the spatial view WLS_POD_LICENCE_SOURCES_SVW"
Non-TRIM Hydrography View,Water Management,Open Government Licence - British Columbia,file,KML MULTIPLE WMS,2026-09-24,https://catalogue.data.gov.bc.ca/dataset/non-trim-hydrography-view,"Province-wide spatial view showing licensed water sources (streams and lakes), under the Water Act, (current and historical), not captured (displayed) on TRIM base mapping (or Freshwater Atlas base mapping). "
Regional Flood Frequency Analysis Station,Water Management,Open Government Licence - British Columbia,file,CSV OTHER,2025-07-30,https://catalogue.data.gov.bc.ca/dataset/regional-flood-frequency-analysis-station,This layer represents Water Survey of Canada (WSC) and United States Geological Survey (USGS) gauge stations that meet the following criteria for inclusion: at least 10 years or data (with 350 or more days of observations) above the low outlier threshold; less than 20% (by basin drainage area) regul
Regional Flood Frequency Analysis Watershed,Water Management,Open Government Licence - British Columbia,file,OTHER ZIP,2025-07-30,https://catalogue.data.gov.bc.ca/dataset/regional-flood-frequency-analysis-watershed,This layer represents the watershed areas that report to Water Survey of Canada (WSC) and United States Geological Survey (USGS) gauge stations that meet the following criteria for inclusion: at least 10 years or data (with 350 or more days of observations) above the low outlier threshold; less than
Reservoir Permits Over Crown Land,Water Management,Open Government Licence - British Columbia,file,KML MULTIPLE WMS,2026-09-20,https://catalogue.data.gov.bc.ca/dataset/reservoir-permits-over-crown-land,"Province-wide SDE spatial layer displaying the approximate extent and providing the elevation of designated permitted power-storage reservoir areas over crown lands, along with water licence attributes. This layer is an instantiation of the spatial view WLS_RESERVOIR_PMT_LICENSEE_SVW"
Water Allocation Notation - Points,Water Management,Open Government Licence - British Columbia,file,KML ORACLE_SDE WMS,2026-09-24,https://catalogue.data.gov.bc.ca/dataset/water-allocation-notation-points,"Province-wide spatial view showing the most downstream point of a stream, as determined by Water Allocation staff, to have a current or potential water quantity/quality concern. Note: This layer has replaced the older Water Allocation Restrictions view spatial layer. This data is updated nightly."
Water Licensed Works - Lines,Water Management,Open Government Licence - British Columbia,file,KML MULTIPLE TXT WMS,2026-09-24,https://catalogue.data.gov.bc.ca/dataset/water-licensed-works-lines,Province-wide SDE layer showing linear works associated with a Water Licence
Water Licensed Works - Points,Water Management,Open Government Licence - British Columbia,file,KML MULTIPLE TXT WMS,2026-09-24,https://catalogue.data.gov.bc.ca/dataset/water-licensed-works-points,Province-wide SDE layer showing point works associated with a Water Licence
Water Management Districts,Water Management,Open Government Licence - British Columbia,file,KML MULTIPLE WMS,2023-06-29,https://catalogue.data.gov.bc.ca/dataset/water-management-districts,"Water Stewardship Division, Water Management administrative areas. Water Districts are jurisdictional areas established by the WATER REGULATIONS"
Water Management Precincts,Water Management,Open Government Licence - British Columbia,file,KML MULTIPLE WMS,2023-06-29,https://catalogue.data.gov.bc.ca/dataset/water-management-precincts,"Water Stewardship Division, Water Management administrative areas. Water Precincts are a jurisdictional area within a Water District"
Water Reservations - Points,Water Management,Open Government Licence - British Columbia,file,KML ORACLE_SDE WMS,2026-09-24,https://catalogue.data.gov.bc.ca/dataset/water-reservations-points,"Province-wide spatial view showing the most downstream point of a stream or drainage system, established by Order-in-Council as a Water Reservation. This layer is updated daily."
Water Reserves - Aquifers,Water Management,Open Government Licence - British Columbia,file,ARCGIS_REST KML MULTIPLE WMS,2026-08-05,https://catalogue.data.gov.bc.ca/dataset/water-reserves-aquifers,"Province wide spatial view showing aquifers designated as a Water Reservation. These Reserves set aside water in an aquifer specifically for future treaty obligations, and are formally established through Orders in Council issued by the Lieutenant Governor in Council, as authorized under Sections 39"
Aquatic Life Copper WQG Acute,Watershed Stewardship and Security,Open Government Licence - British Columbia,file,CSV,2026-04-10,https://catalogue.data.gov.bc.ca/dataset/aquatic-life-copper-wqg-acute,"The B.C. copper water quality guideline (WQG) for the protection of aquatic life was updated in 2019 and now uses a biotic ligand model (BLM) to account for site specific toxicity modifying factors such as pH, dissolved organic carbon (DOC) and hardness. The B.C. copper BLM software, available on th"
Aquatic Life Copper WQG Chronic,Watershed Stewardship and Security,Open Government Licence - British Columbia,file,CSV,2026-04-10,https://catalogue.data.gov.bc.ca/dataset/aquatic-life-copper-wqg-chronic,"The B.C. copper water quality guideline (WQG) for the protection of aquatic life was updated in 2019 and now uses a biotic ligand model (BLM) to account for site specific toxicity modifying factors such as pH, dissolved organic carbon (DOC) and hardness. The B.C. copper BLM software, available on th"
Aquatic Life Nickel WQG Acute,Watershed Stewardship and Security,Open Government Licence - British Columbia,file,CSV,2026-04-10,https://catalogue.data.gov.bc.ca/dataset/aquatic-life-nickel-wqg-acute,"The B.C. nickel water quality guideline (WQG) for the protection of aquatic life was derived in 2024 and uses a biotic ligand model (BLM) to account for site specific toxicity modifying factors such as temperature, pH, dissolved organic carbon (DOC) and hardness. The B.C. nickel BLM software, availa"
Aquatic Life Nickel WQG Chronic,Watershed Stewardship and Security,Open Government Licence - British Columbia,file,CSV,2026-04-10,https://catalogue.data.gov.bc.ca/dataset/aquatic-life-nickel-wqg-chronic,"The B.C. nickel water quality guideline (WQG) for the protection of aquatic life was derived in 2024 and uses a biotic ligand model (BLM) to account for site specific toxicity modifying factors such as temperature, pH, dissolved organic carbon (DOC) and hardness. The B.C. nickel BLM software, availa"
Aquifer Vulnerability to Saltwater Intrusion – Pumping and Coastal hazard,Watershed Stewardship and Security,Open Government Licence - British Columbia,file,FGDB KML MULTIPLE PDF WMS,2026-04-10,https://catalogue.data.gov.bc.ca/dataset/aquifer-vulnerability-to-saltwater-intrusion-pumping-and-coastal-hazard,"A newer dataset developed in 2021, called Aquifer Vulnerability to Sea Water Intrusion, has replaced this version. This dataset remains available for download for comparison purposes. This dataset was developed as part of the Risk Assessment Framework for Coastal Bedrock Aquifers project completed b"
Aquifer Vulnerability to Saltwater Intrusion – Pumping hazard,Watershed Stewardship and Security,Open Government Licence - British Columbia,file,FGDB KML MULTIPLE PDF WMS,2026-04-10,https://catalogue.data.gov.bc.ca/dataset/aquifer-vulnerability-to-saltwater-intrusion-pumping-hazard,"A newer dataset developed in 2021, called Aquifer Vulnerability to Sea Water Intrusion, has replaced this version. This dataset remains available for download for comparison purposes. This dataset was developed as part of the Risk Assessment Framework for Coastal Bedrock Aquifers project completed b"
Aquifer Vulnerability to Sea Water Intrusion,Watershed Stewardship and Security,Open Government Licence - British Columbia,file,KML ORACLE_SDE WMS,2026-04-10,https://catalogue.data.gov.bc.ca/dataset/aquifer-vulnerability-to-sea-water-intrusion,Polygon features representing the vulnerability of coastal aquifers to sea water intrusion.
DRASTIC Aquifer Intrinsic Vulnerability,Watershed Stewardship and Security,Open Government Licence - British Columbia,file,KML MULTIPLE WMS,2026-04-10,https://catalogue.data.gov.bc.ca/dataset/drastic-aquifer-intrinsic-vulnerability,"Spatial dataset of DRASTIC aquifer intrinsic vulnerability of groundwater for specific study areas in BC, as reported in technical summary reports which are made available through the BC government's Ecological Reports Catalogue (EcoCat). For the study areas covered by each report and a link to each"
DRASTIC Aquifer Intrinsic Vulnerability Reports Index,Watershed Stewardship and Security,Open Government Licence - British Columbia,file,KML MULTIPLE WMS,2026-04-10,https://catalogue.data.gov.bc.ca/dataset/drastic-aquifer-intrinsic-vulnerability-reports-index,"Spatial dataset of DRASTIC Aquifer Intrinsic Vulnerability study areas in BC, and which also serves as an index containing links to the technical summary reports stored in the BC Government's Ecological Reports Catalogue (EcoCat). For the DRASTIC Aquifer Intrinsic Vulnerability mapping data related "
Drinking Water Sources - Intakes/Wellheads,Watershed Stewardship and Security,Open Government Licence - British Columbia,file,ARCGIS_REST KML MULTIPLE WMS,2026-08-28,https://catalogue.data.gov.bc.ca/dataset/drinking-water-sources-intakes-wellheads,"Point features showing the location of intakes and/or wellheads for drinking water systems. A drinking water system is any domestic system servicing anything other than a single-family dwelling, as defined in the Drinking Water Protection Act. These locations are updated as more information is recei"
Drinking Water Sources - Protection Zones,Watershed Stewardship and Security,Open Government Licence - British Columbia,file,ARCGIS_REST KML MULTIPLE WMS,2026-08-28,https://catalogue.data.gov.bc.ca/dataset/drinking-water-sources-protection-zones,"Polygon features showing various zones of protection around drinking water system intakes/wellheads. A drinking water system is any domestic system servicing anything other than a single-family dwelling, as defined in the Drinking Water Protection Act. Zone of protection is a broad term that represe"
Drinking Water Sources - Source Areas,Watershed Stewardship and Security,Open Government Licence - British Columbia,file,ARCGIS_REST KML MULTIPLE WMS,2026-08-28,https://catalogue.data.gov.bc.ca/dataset/drinking-water-sources-source-areas,"Polygon features representing the geographical extent of a source area that contributes water to a drinking water system. A drinking water system is any domestic system servicing anything other than a single-family dwelling, as defined in the Drinking Water Protection Act. Source Area is a broad ter"
Ground Water Aquifers,Watershed Stewardship and Security,Open Government Licence - British Columbia,file,KML MULTIPLE WMS XLSX,2026-09-24,https://catalogue.data.gov.bc.ca/dataset/ground-water-aquifers,"Polygon features represent developed ground water aquifers in BC (that have been mapped). Most aquifer boundaries are delineated based on geology, hydrology and topographic information. Some aquifer boundaries stop at the border of BC mapsheet boundaries due to resource or data constraints at the ti"
Groundwater Wells,Watershed Stewardship and Security,Open Government Licence - British Columbia,file,ARCGIS_REST KML MULTIPLE WMS,2026-09-24,https://catalogue.data.gov.bc.ca/dataset/groundwater-wells,Point features showing the location of groundwater wells in BC joined with attributes and information from the Groundwater Wells and Aquifers (GWELLS) application. NOTE: Artesian wells are flowing wells at the time of drilling. Suggested Filters: - Groundwater Supply Wells - Intended Water Use: WELL
Groundwater Wells Pumping Tests and Aquifer Parameters,Watershed Stewardship and Security,Open Government Licence - British Columbia,file,ARCGIS_REST KML MULTIPLE WMS,2026-09-24,https://catalogue.data.gov.bc.ca/dataset/groundwater-wells-pumping-tests-and-aquifer-parameters,Point features showing the locations of groundwater wells with pumping test information and/or aquifer parameter data. Some wells may have more than one pumping test record. Further context regarding the pumping tests and analysis are provided with the well records in GWELLS (https://apps.nrs.gov.bc
Lithology of Ground Water Wells,Watershed Stewardship and Security,Open Government Licence - British Columbia,file,KML MULTIPLE WMS,2026-09-24,https://catalogue.data.gov.bc.ca/dataset/lithology-of-ground-water-wells,"Point features showing the locations of groundwater wells which have lithology recorded. Each record in the dataset represents a lithology interval. Because each water well often has multiple lithology layers recorded, there will often be multiple points overlapped at each well location. For the loc"
Naquadat Ground Water Quality Stations,Watershed Stewardship and Security,Open Government Licence - British Columbia,file,KML MULTIPLE WMS,2026-04-10,https://catalogue.data.gov.bc.ca/dataset/naquadat-ground-water-quality-stations,Water wells where ground water quality samples were collected by the Naquadat Program between 1954 and 1980
Water Quality Guidelines of B.C.,Watershed Stewardship and Security,Open Government Licence - British Columbia,file,CSV,2026-08-20,https://catalogue.data.gov.bc.ca/dataset/water-quality-guidelines-of-b-c-,"This spreadsheet includes all the approved, interim and working water quality guidelines for B.C. Water quality guidelines are concentrations of substances or physical attributes of water bodies that are predicted to be protective of specific water values including aquatic life, wildlife, agricultur"
Water Sustainability Temporary Protection Orders - Public,Watershed Stewardship and Security,Open Government Licence - British Columbia,file,KML MULTIPLE WMS,2026-09-02,https://catalogue.data.gov.bc.ca/dataset/water-sustainability-temporary-protection-orders-public,"Temporary Protection Orders (TPOs) are ministerial orders that can be implemented to curtail water users during times of water scarcity to protect streamflow availability fish populations and the aquatic ecosystem. TPOs were implemented under Section 9 of the Fish Protection Act prior to 2016, but a"
BC Wild Mountain Sheep Registry - Distribution,Wildlife,Open Government Licence - British Columbia,file,KML MULTIPLE WMS,2023-06-29,https://catalogue.data.gov.bc.ca/dataset/bc-wild-mountain-sheep-registry-distribution,A spatial representation of the general distribution of wild mountain sheep (bighorn and thinhorn sheep) in British Columbia. Populations that extend into neighbouring provinces and states are also included. The distribution polygons are divided by species into bighorn and thinhorn sheep.
Big Game Harvest Statistics 1976 to 2024,Wildlife,Open Government Licence - British Columbia,file,CSV PDF XLSX,2026-09-14,https://catalogue.data.gov.bc.ca/dataset/big-game-harvest-statistics-1976-to-2024,"The Big Game Harvest Statistics annual dataset provides a summary of hunting activity for big game species in British Columbia. The data is presented at the [wildlife management unit (WMU)](https://catalogue.data.gov.bc.ca/dataset/028d4791-1241-437a-9f7b-fdf08b0d6dfb), region and province levels, an"
Compulsory Inspection Data 1900 to 2023-24,Wildlife,Open Government Licence - British Columbia,file,XLSX,2026-08-07,https://catalogue.data.gov.bc.ca/dataset/compulsory-inspection-data-1900-to-2023-24,"In order to comply with the *Wildlife Act*, hunters must have certain game species inspected by a provincial inspector. The compulsory inspection (CI) database contains information that is collected during these inspections. The CI data is presented at the [Wildlife Management Unit (WMU)](https://ca"
Conservation Lands,Wildlife,Open Government Licence - British Columbia,file,KML MULTIPLE WMS,2026-09-24,https://catalogue.data.gov.bc.ca/dataset/conservation-lands,"Conservation Lands spatial and attribute data. This includes related information on various types/classes of land secured for fish, wildlife and habitat conservation purposes. It includes Wildlife Management Areas (WMA) designated by Order in Council (OIC). Source data are from Tantalis as well as t"
Game Management Zones,Wildlife,Open Government Licence - British Columbia,file,KML MULTIPLE WMS,2024-08-30,https://catalogue.data.gov.bc.ca/dataset/game-management-zones,"Amalgamations of Wildlife Management Units which share similar ecological characteristics and hunter harvest patterns, and thus provide a suitable geographical framework for implementing population management strategies"
Grizzly Bear Population Estimates,Wildlife,Open Government Licence - British Columbia,file,CSV FGDB PDF,2020-09-22,https://catalogue.data.gov.bc.ca/dataset/grizzly-bear-population-estimates,"This record contains Grizzly Bear population estimates for British Columbia for multiple years: 2012, 2015 and 2018. The 2012 Grizzly Bear population estimate report for British Columbia report is available here: http://www.env.gov.bc.ca/fw/wildlife/docs/Grizzly_Bear_Pop_Est_Report_Final_2012.pdf. T"
Grizzly Bear Population Units,Wildlife,Open Government Licence - British Columbia,file,KML MULTIPLE PDF WMS,2024-08-30,https://catalogue.data.gov.bc.ca/dataset/grizzly-bear-population-units,"Boundaries identifying similar behavioural ecotypes and sub-populations of Grizzly bears. This dataset contains versions from multiple years. From 2018 on, NatureServe conservation concern ranking categories (e.g., Very Low, Low, Moderate, High, Extreme Concern) supersede the pre-2018 population sta"
Guide Outfitter Areas,Wildlife,Open Government Licence - British Columbia,file,KML MULTIPLE WMS,2026-09-15,https://catalogue.data.gov.bc.ca/dataset/guide-outfitter-areas,"Defined areas allocated by certificate under the British Columbia Wildlife Act to guide outfitters for the purpose of guiding residents, non-residents or non-resident alien hunters to hunt big game species."
History of Grizzly Bear Mortalities,Wildlife,Open Government Licence - British Columbia,file,CSV,2020-09-18,https://catalogue.data.gov.bc.ca/dataset/history-of-grizzly-bear-mortalities,"This data set, from the Ministry of Forests, Lands, Natural Resource Operations and Rural Development Compulsory Inspection Database, is a summary of known human-caused grizzly bear mortalities by management unit and grizzly bear population unit in British Columbia from 1976 to 2017."
Hunting Sales Statistics 2005 to 2025,Wildlife,Open Government Licence - British Columbia,file,CSV XLSX,2026-08-07,https://catalogue.data.gov.bc.ca/dataset/hunting-sales-statistics-2005-to-2025,"The Hunting Sales Statistics annual dataset provides the number of hunting licences sold in British Columbia each licence year. The data is currently collected through the BC Hunting Online licencing system and includes sales of hunting licences (basic, species and special area) and [Limited Entry H"
Motor Vehicle Prohibition Regulation Areas,Wildlife,Open Government Licence - British Columbia,file,KML MULTIPLE WMS,2026-09-24,https://catalogue.data.gov.bc.ca/dataset/motor-vehicle-prohibition-regulation-areas,These polygons represent areas across the Province where motor vehicles are prohibited or restricted year round or seasonally. These areas were created as a visual representation of the Wildlife Act Motor Vehicle Prohibition Regulations. Under the Motor Vehicle Prohibition Regulation of the provinci
Motor Vehicle Prohibition Regulation Routes,Wildlife,Open Government Licence - British Columbia,file,KML MULTIPLE WMS,2026-09-24,https://catalogue.data.gov.bc.ca/dataset/motor-vehicle-prohibition-regulation-routes,These lines represent routes within Motor Vehicle Prohibition Regulation Areas where motor vehicles are prohibited or restricted year round or seasonally. These lines were created as a visual representation of the Wildlife Act Motor Vehicle Prohibition Regulations. Under the Motor Vehicle Prohibitio
Traplines of British Columbia,Wildlife,Open Government Licence - British Columbia,file,KML MULTIPLE WMS,2026-05-05,https://catalogue.data.gov.bc.ca/dataset/traplines-of-british-columbia,This dataset delineates areas for which registration is granted to one or more licensed trappers for the trapping of fur bearing animals under the BC Wildlife Act. Traplines are designated by a regional manager of the recreational fisheries and wildlife programs. The Wildlife Act regulates who may s
Ungulate Winter Range - Approved,Wildlife,Open Government Licence - British Columbia,file,KML MULTIPLE WMS,2026-09-01,https://catalogue.data.gov.bc.ca/dataset/ungulate-winter-range-approved,The dataset contains approved legal boundaries for ungulate winter range and specified areas for ungulate species.
Wildlife Management Units,Wildlife,Open Government Licence - British Columbia,file,KML MULTIPLE WMS,2026-03-10,https://catalogue.data.gov.bc.ca/dataset/wildlife-management-units,"The Province is divided into nine administrative regions, having a total of 225 wildlife management units (WMU) for the purpose of efficient game management. "
